Ares Habitat	アレス居住区
Hydroponics Bay	水耕ベイ
Kestrel Rover	ケストレル・ローバー
Maple Arcade	メイプル・アーケード
K-88 Radio	K-88ラジオ
Night Bus 6	夜行バス6番
Maple Street · 1987	メイプル通り · 1987
Icebridge	アイスブリッジ
Fish Vault	魚の貯蔵庫
Aurora Council	オーロラ評議会
A back room at the arcade is finished!	アーケードの奥の部屋ができたよ！
A bargain, I tell you!	掘り出し物だってば！
A bench by Ares Habitat.	アレス居住区のそばにベンチ。
A bench by Maple Arcade.	メイプル・アーケードのそばにベンチ。
A bench!	ベンチだ！
A blizzard for a week.	一週間ずっと吹雪。
A blizzard left dust in everything.	吹雪のせいで、何もかも砂ぼこりだらけ。
A blizzard on the horizon!	地平線に吹雪が！
A cold morning, the two of them.	寒い朝、ふたりきり。
A crack, but a small one.	ひびは入ったけど、小さいのだよ。
A day lost to work, a day won between them.	仕事の一日は失ったけど、ふたりの一日を得た。
A day's work at the bench.	作業台で一日仕事。
A dog chased me down Elm Street.	エルム通りで犬に追いかけられた。
A dust front for a week.	一週間ずっと砂嵐の前線。
A dust front left dust in everything.	砂嵐の前線のせいで、何もかも砂ぼこりだらけ。
A dust front on the horizon!	地平線に砂嵐の前線が！
A far-off song across the ice!	氷の向こうから遠い歌が！
A feast for the winter!	冬のごちそうだ！
A few lines, since I didn't see you today.	今日は会えなかったから、少しだけ書くね。
A hug, and it's done.	ぎゅっとハグして、仲直り。
A hundred and six herring in the vault.	貯蔵庫にニシンが百六匹。
A hundred and six krill cakes in the vault.	貯蔵庫にオキアミケーキが百六個。
A hundred and six silverfish in the vault.	貯蔵庫にシルバーフィッシュが百六匹。
A hundred and six sprats in the vault.	貯蔵庫にスプラットが百六匹。
A ice bench by Icebridge.	アイスブリッジのそばに氷のベンチ。
A ice bench!	氷のベンチだ！
A kid topped Centipede.	センチピードで子どもがハイスコアを塗り替えた。
A lantern tower	ランタンの塔
A late call-in from out of town!	遅い時間に町の外から電話が！
A laundromat guy rang about a first date.	コインランドリーの男の人から、初デートの相談の電話。
A laundromat guy rang about a lost dog.	コインランドリーの男の人から、迷子の犬の電話。
A laundromat guy rang about a nameless song.	コインランドリーの男の人から、題名のわからない歌の電話。
A laundromat guy rang about the weather.	コインランドリーの男の人から、天気の電話。
A lost gull crossed the bridge backwards.	迷子のカモメが橋を後ろ向きに渡っていった。
A lost gull crossed the bridge in a rush.	迷子のカモメが橋を大急ぎで渡っていった。
A lost gull crossed the bridge on tiptoe.	迷子のカモメが橋をつま先立ちで渡っていった。
A lost gull crossed the bridge singing.	迷子のカモメが歌いながら橋を渡っていった。
A minute, and a picture to keep.	ほんの一分で、残しておける一枚を。
A navigator at last!	ついに航法士が！
A new radio mast	新しいラジオ塔
A night nurse rang about a first date.	夜勤の看護師から、初デートの相談の電話。
A night nurse rang about a lost dog.	夜勤の看護師から、迷子の犬の電話。
A night nurse rang about a nameless song.	夜勤の看護師から、題名のわからない歌の電話。
A night nurse rang about the weather.	夜勤の看護師から、天気の電話。
A quiet day.	静かな一日。
A quiet one	静かなやつ
A relay mast	中継マスト
A reply from home!	故郷から返事が！
A seal chased us off the good spot.	アザラシにいい場所から追い払われた。
A second bridge span is finished!	二つ目の橋桁ができたよ！
A second dome is finished!	二つ目のドームができたよ！
A secret: I'm afraid of the gap under the long span.	秘密：長い橋桁の下のすき間が怖いの。
A signal from the old lander!	古い着陸機から信号が！
A skill.	技だね。
A small green corner.	小さな緑の一角。
A stormy spring	嵐の多い春
A stormy summer	嵐の多い夏
A stormy winter	嵐の多い冬
A surprise party	サプライズパーティー
A thunderstorm for a week.	一週間ずっと雷雨。
A thunderstorm left dust in everything.	雷雨のせいで、何もかも砂ぼこりだらけ。
A thunderstorm on the horizon!	地平線に雷雨が！
A tiny habitat, one keeper, hydroponics, and a rover on a red horizon.	小さな居住区、ひとりの管理人、水耕栽培、そして赤い地平線のローバー。
A trader's come by with odds and ends!	行商人ががらくたを持って来てるよ！
A trucker rang about a first date.	トラック運転手から、初デートの相談の電話。
A trucker rang about a lost dog.	トラック運転手から、迷子の犬の電話。
A trucker rang about a nameless song.	トラック運転手から、題名のわからない歌の電話。
A trucker rang about the weather.	トラック運転手から、天気の電話。
A week of cards, soup and stories.	トランプとスープと昔話の一週間。
A week to the Block Party.	ブロックパーティーまであと一週間。
A week to the Krill Harvest.	オキアミ収穫祭まであと一週間。
A week to the Pie Contest.	パイコンテストまであと一週間。
A week to the harvest.	収穫まであと一週間。
A week's tinkering.	一週間いじくり回してた。
A whole dollar.	まるまる一ドル。
A whole night, everything said.	一晩じゅう、言いたいことは全部言った。
A window box, then	じゃあ、窓辺の花箱を
A worried hug.	心配そうなハグ。
Accept the thanks	お礼を受け取る
Actual green!	本物の緑だ！
Adjusting the lamps.	ランプを調整中。
Again.	またしても。
Ah well.	まあ、いいか。
Airlock B reads a hair low.	エアロックBの数値がほんの少し低い。
Airlock B reads a touch warm.	エアロックBの数値がちょっと高め。
Airlock B reads green.	エアロックBは正常値。
Airlock B reads steady.	エアロックBは安定。
Algae beds	藻の培養床
All of us, together.	みんな一緒に。
All safe.	みんな無事。
An afternoon's scrubbing, side by side.	並んで、午後いっぱい磨き掃除。
An afternoon, side by side.	並んで過ごした午後。
An arcade, local radio, a night bus, and a neighborhood that remembers.	アーケードに地元ラジオ、夜行バス、そして思い出を忘れない町。
An evening off, and a long talk.	休みの夜と、長いおしゃべり。
An hour on the roof, looking up.	屋根の上で一時間、空を見上げてた。
An ice bridge, a fish vault, a moonrise council, and one bridge keeper.	氷の橋、魚の貯蔵庫、月の出の評議会、そして橋守がひとり。
And my shoes.	それに、靴もね。
Another Mars year nearly done.	また火星の一年が終わろうとしてる。
Another year!	また一年！
Anyway.	それはそうと。
Arcade's staying open late.	アーケードは遅くまで開いてるよ。
Are we going?	行くの？
Ares Habitat can mind itself for a day.	一日くらいなら、アレス居住区は自分でなんとかなるよ。
Ares Habitat can't take much more.	アレス居住区はもう限界だよ。
Ares Habitat doesn't sound right.	アレス居住区の音がおかしい。
Ares Habitat needs everyone.	アレス居住区にはみんなの力が必要なんだ。
Ares Habitat's acting up again.	アレス居住区の調子がまたおかしい。
Ares Pocket Colony	アレス・ポケットコロニー
As they should.	当然だよ。
Ask the outer colonies for hulls	外縁のコロニーに船体を頼む
Ate with {name} and talked about the sea.	{name}とご飯を食べて、海の話をした。
Aurora Council argued over the fishing holes.	オーロラ評議会で漁場をめぐって議論になった。
Aurora Council argued over the huddle order.	オーロラ評議会でハドルの順番をめぐって議論になった。
Aurora Council argued over the moon feast.	オーロラ評議会で月の宴をめぐって議論になった。
Aurora Council argued over the new slide.	オーロラ評議会で新しいすべり台をめぐって議論になった。
Aurora Council squawked over the fishing holes.	オーロラ評議会で漁場をめぐってギャーギャー言い合った。
Aurora Council squawked over the huddle order.	オーロラ評議会でハドルの順番をめぐってギャーギャー言い合った。
Aurora Council squawked over the moon feast.	オーロラ評議会で月の宴をめぐってギャーギャー言い合った。
Aurora Council squawked over the new slide.	オーロラ評議会で新しいすべり台をめぐってギャーギャー言い合った。
Aurora Council voted over the fishing holes.	オーロラ評議会で漁場について投票した。
Aurora Council voted over the huddle order.	オーロラ評議会でハドルの順番について投票した。
Aurora Council voted over the moon feast.	オーロラ評議会で月の宴について投票した。
Aurora Council voted over the new slide.	オーロラ評議会で新しいすべり台について投票した。
Aurora Night soon.	もうすぐオーロラの夜だね。
Back by supper.	夕飯までには戻るよ。
Back to the books.	また勉強に戻らなきゃ。
Back to this, then.	じゃあ、またこの件だね。
Badly.	下手だったけどね。
Band practice with {name}.	{name}とバンドの練習。
Barely, no joke.	ぎりぎりね、マジで。
Barely, scout's honour.	ぎりぎりね、誓って。
Barely.	ぎりぎりね。
Basil: flowering early.	バジル：早くも花が咲いた。
Basil: leaves yellowing.	バジル：葉が黄ばんできた。
Basil: roots look good.	バジル：根は順調。
Basil: two new shoots.	バジル：新芽がふたつ。
Batten down together	みんなで守りを固める
Battery held.	バッテリーはもった。
Be careful next time	次は気をつけて
Be what the mall is not	モールにはないものになる
Beans: flowering early.	豆：早くも花が咲いた。
Beans: leaves yellowing.	豆：葉が黄ばんできた。
Beans: roots look good.	豆：根は順調。
Beans: two new shoots.	豆：新芽がふたつ。
Beat {name} at chess.	チェスで{name}に勝った。
Beautiful, in a dead sort of way.	きれいだよ。死んだ世界なりにね。
Belly-slid down the big slope with {name}!	{name}と大きな坂をおなかで滑り降りたよ！
Best night ever!	最高の夜！
Best spot is the water tower.	いちばんの場所は給水塔だよ。
Best week I can remember.	覚えてる限りで最高の一週間。
Best, {name}.	{name}より、心をこめて。
Better than last year!	去年よりいいね！
Better there, I think.	そこのほうがいいと思うな。
Biology exam next week.	来週、生物の試験。
Biology exam on Friday.	金曜に生物の試験。
Biology exam on Monday.	月曜に生物の試験。
Bird feeder	鳥の餌台
Birthday came and went.	誕生日が来て、過ぎていった。
Bliss.	至福だね。
Blue ribbon!	一等賞だ！
Blue sunset from Hydroponics Bay.	水耕ベイから見た青い夕焼け。
Boot-shaped rock!	ブーツの形の岩！
Boot-shaped rock, scout's honour.	ブーツの形の岩、誓って本当。
Both of them, side by side, all night.	ふたり並んで、一晩じゅう。
Both of us	ふたりとも
Brain full.	頭がいっぱい。
Brave.	勇敢だね。
Bread next sol!	次のソルにはパンが焼けるよ！
Bring a flask up the ridge.	水筒を持って尾根に登ろう。
Brisk.	きびきびと。
Build a deeper home	もっと深い住まいを造る
Build the shelves	棚を作る
Build with it	それで何か造る
Built the finest stone nest on the ice.	氷の上でいちばん立派な石の巣を作った。
Burnt the stew.	シチューを焦がしちゃった。
Busy night at K-88 Radio.	K-88ラジオは忙しい夜だった。
Busy night at Maple Arcade.	メイプル・アーケードは忙しい夜だった。
Calculus exam on Friday.	金曜に微積分の試験。
Calculus exam on Monday.	月曜に微積分の試験。
Calculus exam tomorrow.	明日、微積分の試験。
Called the radio station.	ラジオ局に電話した。
Called {name}.	{name}に電話した。
Can I tell you something?	ちょっと話してもいい？
Can you feel it?	感じる？
Can you hear me?	聞こえる？
Carved new steps in the ice.	氷に新しい段を刻んだ。
Carving pumpkins for Halloween.	ハロウィンのかぼちゃを彫ってる。
Caught the end of the ball game.	野球の試合の最後だけ見られた。
Caught three herring.	ニシンを三匹釣った。
Celebrate it	お祝いする
Charted the crater rim.	クレーターの縁を測量した。
Chatted with {name} till the tide turned, fishy promise.	潮が変わるまで{name}とおしゃべりしたよ、おさかなに誓って。
Chatted with {name} till the tide turned.	潮が変わるまで{name}とおしゃべりしたよ。
Chemistry exam next week.	来週、化学の試験。
Chemistry exam on Friday.	金曜に化学の試験。
Chemistry exam on Monday.	月曜に化学の試験。
Chemistry exam tomorrow.	明日、化学の試験。
Chipped the old ice off the rails.	手すりの古い氷を削り落とした。
Clean up together	みんなで片づける
Clean-up day!	大掃除の日だ！
Clear sky tonight.	今夜は晴れた空。
Clear the intakes by hand, every shift	毎シフト、手で吸気口を掃除する
Clearing out the garage for the yard sale.	ガレージセールに向けてガレージを片づけてる。
Close the loop and live inside it	循環を閉じて、その中で暮らす
Clouded over.	曇ってきた。
Coffee with {name} till the waitress glared.	ウェイトレスににらまれるまで{name}とコーヒー。
Cold.	寒い。
Come and look?	見に来る？
Come by soon.	近いうちに寄ってね。
Come on over, we said!	遊びにおいでって言ったんだ！
Come stand on the bridge with me.	一緒に橋の上に立とうよ。
Condenser well	凝縮井戸
Conserve the winter reserves	冬の備蓄を節約する
Copy.	了解。
Cosy.	ぬくぬく。
Could I have one day off?	一日だけ休みをもらえないかな？
Could we take a picture of us, here?	ここで、ふたりの写真を撮ってもいい？
Couldn't find you, so here's a letter.	見つからなかったから、手紙を置いていくね。
Countdown's coming.	カウントダウンが近いよ。
Counted the stars till I lost count.	わからなくなるまで星を数えてた。
Counted tokens till my eyes crossed.	目が回るまでトークンを数えてた。
Couples skate with {name}.	{name}とカップルスケート。
Crossed the first span at dusk.	夕暮れに最初の橋桁を渡った。
Crossed the first span at first light.	夜明けに最初の橋桁を渡った。
Crossed the first span at low tide.	干潮に最初の橋桁を渡った。
Crossed the first span at moonrise.	月の出に最初の橋桁を渡った。
Crossed the long span at dusk.	夕暮れに長い橋桁を渡った。
Crossed the long span at first light.	夜明けに長い橋桁を渡った。
Crossed the long span at low tide.	干潮に長い橋桁を渡った。
Crossed the long span at moonrise.	月の出に長い橋桁を渡った。
Crossed the new span at dusk.	夕暮れに新しい橋桁を渡った。
Crossed the new span at first light.	夜明けに新しい橋桁を渡った。
Crossed the new span at low tide.	干潮に新しい橋桁を渡った。
Crossed the new span at moonrise.	月の出に新しい橋桁を渡った。
Crossed the second span at dusk.	夕暮れに二つ目の橋桁を渡った。
Crossed the second span at first light.	夜明けに二つ目の橋桁を渡った。
Crossed the second span at low tide.	干潮に二つ目の橋桁を渡った。
Crossed the second span at moonrise.	月の出に二つ目の橋桁を渡った。
Current thread	今の流れ
Days of work, and it will stand on the horizon.	何日もの作業で、地平線にそびえ立つよ。
Dedicated one to them, over and out.	あの人たちに一曲捧げたよ、以上、交信終わり。
Dedicated one to them.	あの人たちに一曲捧げたよ。
Deepen Icebridge's winter life	アイスブリッジの冬の暮らしを深める
Deepen the local places and rituals already holding the neighborhood together.	町をつなぎとめている、地元の場所や習わしをもっと深める。
Delivered two hundred papers.	新聞を二百部配った。
Designing a greenhouse extension with {name}.	{name}と温室の増築を設計中。
Did you hear that?	今の聞こえた？
Did you see that finish?	あのゴール見た？
Didn't get up till the soaps came on.	昼ドラが始まるまで起きなかったよ。
Dig it.	いいじゃん。
Do another deal	もうひと取引する
Do we hole up together, or keep the work going?	みんなでこもる？それとも作業を続ける？
Don't log this.	これは記録しないで。
Don't mention a borrowed cassette to {name}.	{name}の前で借りたカセットの話はしないで。
Don't mention a borrowed tool to {name}.	{name}の前で借りた工具の話はしないで。
Don't mention a brisk shoulder to {name}.	{name}の前でそっけない態度の話はしないで。
Don't mention a broken Walkman to {name}.	{name}の前で壊れたウォークマンの話はしないで。
Don't mention a broken bridge span to {name}.	{name}の前で壊れた橋桁の話はしないで。
Don't mention a broken promise to {name}.	{name}の前で破られた約束の話はしないで。
Don't mention a cold shoulder to {name}.	{name}の前で冷たくされた話はしないで。
Don't mention a dent in the car to {name}.	{name}の前で車のへこみの話はしないで。
Don't mention a joke that went too far to {name}.	{name}の前で度が過ぎた冗談の話はしないで。
Don't mention a lost bet to {name}.	{name}の前で負けた賭けの話はしないで。
Don't mention a lost feather to {name}.	{name}の前でなくした羽根の話はしないで。
Don't mention a missed check-in to {name}.	{name}の前ですっぽかした定時連絡の話はしないで。
Don't mention a mixtape to {name}.	{name}の前でミックステープの話はしないで。
Don't mention a nest too close to {name}.	{name}の前で近すぎる巣の話はしないで。
Don't mention a party nobody mentioned to {name}.	{name}の前で誰も教えてくれなかったパーティーの話はしないで。
Don't mention a snowball to {name}.	{name}の前で雪玉の話はしないで。
Don't mention a squawk at the council to {name}.	{name}の前で評議会でのギャーギャーの話はしないで。
Don't mention a stolen pebble to {name}.	{name}の前で盗まれた小石の話はしないで。
Don't mention dust in the quarters to {name}.	{name}の前で居室の砂ぼこりの話はしないで。
Don't mention gossip at the diner to {name}.	{name}の前でダイナーの噂話の話はしないで。
Don't mention money for gas to {name}.	{name}の前でガソリン代の話はしないで。
Don't mention music in the common room to {name}.	{name}の前で談話室の音楽の話はしないで。
Don't mention the aurora vote to {name}.	{name}の前でオーロラの投票の話はしないで。
Don't mention the band's name to {name}.	{name}の前でバンドの名前の話はしないで。
Don't mention the best fishing hole to {name}.	{name}の前でいちばんの漁場の話はしないで。
Don't mention the chore rota to {name}.	{name}の前で当番表の話はしないで。
Don't mention the curfew to {name}.	{name}の前で門限の話はしないで。
Don't mention the greenhouse temperature to {name}.	{name}の前で温室の温度の話はしないで。
Don't mention the high score to {name}.	{name}の前でハイスコアの話はしないで。
Don't mention the huddle order to {name}.	{name}の前でハドルの順番の話はしないで。
Don't mention the last chocolate bar to {name}.	{name}の前で最後のチョコバーの話はしないで。
Don't mention the last of the coffee to {name}.	{name}の前で最後のコーヒーの話はしないで。
Don't mention the last slice of pizza to {name}.	{name}の前で最後のピザの話はしないで。
Don't mention the message to Earth to {name}.	{name}の前で地球へのメッセージの話はしないで。
Don't mention the prom to {name}.	{name}の前でプロムの話はしないで。
Don't mention the radio playlist to {name}.	{name}の前でラジオの選曲の話はしないで。
Don't mention the rover schedule to {name}.	{name}の前でローバーの予定の話はしないで。
Don't mention the rover's mileage to {name}.	{name}の前でローバーの走行距離の話はしないで。
Don't mention the slide rules to {name}.	{name}の前ですべり台の決まりの話はしないで。
Don't mention the song verses to {name}.	{name}の前で歌の歌詞の話はしないで。
Don't mention the water ration to {name}.	{name}の前で水の配給の話はしないで。
Don't mention who called who to {name}.	{name}の前でどっちが電話したかの話はしないで。
Don't mention who left the airlock open to {name}.	{name}の前で誰がエアロックを開けっぱなしにしたかの話はしないで。
Don't mention who saw the seal first to {name}.	{name}の前で誰が先にアザラシを見つけたかの話はしないで。
Don't mention whose turn to keep watch to {name}.	{name}の前で見張り当番の話はしないで。
Don't tell a soul!	誰にも言っちゃだめ！
Don't tell anyone.	誰にも言わないでね。
Don't tell the gulls, fishy promise.	カモメには内緒だよ、おさかなに誓って。
Don't tell the gulls.	カモメには内緒だよ。
Don't tell {name}.	{name}には言わないで。
Don't touch the beds.	培養床には触らないで。
Don't touch the tomatoes.	トマトには触らないで。
Don't wait up!	先に寝てていいよ！
Dreamed of krill.	オキアミの夢を見た。
Dreamed of rain.	雨の夢を見た。
Drew a map of everything we've found.	見つけたものを全部地図にした。
Drill in a few sols.	数ソル後に訓練。
Drinking fountain	水飲み場
Drive out and find out	車で出て確かめる
Drive-In Opening Night	ドライブインシアターの開幕
Drive-In Opening Night in 2 days	ドライブインシアターの開幕まであと2日
Drive-In Opening Night in 3 days	ドライブインシアターの開幕まであと3日
Drive-In Opening Night in 4 days	ドライブインシアターの開幕まであと4日
Drive-In Opening Night in 5 days	ドライブインシアターの開幕まであと5日
Drive-In Opening Night in 6 days	ドライブインシアターの開幕まであと6日
Drive-In Opening Night in 7 days	ドライブインシアターの開幕まであと7日
Drive-In Opening Night today	今日はドライブインシアターの開幕
Drive-In Opening Night tomorrow	明日はドライブインシアターの開幕
Drive-in opens soon.	もうすぐドライブインシアターが開くよ。
Drove around with {name} and the windows down.	{name}と窓を全開にしてドライブした。
Dunn let me keep the tips.	ダンさんがチップを取っておいていいって。
Dust devil season.	つむじ風の季節。
Dust devil, huge.	巨大なつむじ風。
Dust season.	砂ぼこりの季節。
Dust sled	砂ぞり
Dwarf apple tree	矮性りんごの木
Dwarf wheat: flowering early.	矮性小麦：早くも花が咲いた。
Dwarf wheat: roots look good.	矮性小麦：根は順調。
Dwarf wheat: two new shoots.	矮性小麦：新芽がふたつ。
Earth is a blue dot from here.	ここから見ると地球は青い点だよ。
Earth will hear all of us.	地球はみんなの声を聞いてくれる。
Earth would be proud.	地球も誇りに思うよ。
Earthrise soon.	もうすぐ地球の出だ。
Embarrassing.	恥ずかしい。
Endless krill.	オキアミが果てしなく。
Era 10 · kept what it was handed	第10時代 · 受け継いだものを守った
Era 11 · kept what it was handed	第11時代 · 受け継いだものを守った
Era 12 · kept what it was handed	第12時代 · 受け継いだものを守った
Era 13 · kept what it was handed	第13時代 · 受け継いだものを守った
Era 14 · kept what it was handed	第14時代 · 受け継いだものを守った
Era 15 · kept what it was handed	第15時代 · 受け継いだものを守った
Era 16 · kept what it was handed	第16時代 · 受け継いだものを守った
Era 17 · kept what it was handed	第17時代 · 受け継いだものを守った
Era 18 · kept what it was handed	第18時代 · 受け継いだものを守った
Era 19 · kept what it was handed	第19時代 · 受け継いだものを守った
Era 2 · kept what it was handed	第2時代 · 受け継いだものを守った
Era 20 · kept what it was handed	第20時代 · 受け継いだものを守った
Era 21 · kept what it was handed	第21時代 · 受け継いだものを守った
Era 22 · kept what it was handed	第22時代 · 受け継いだものを守った
Era 23 · kept what it was handed	第23時代 · 受け継いだものを守った
Era 24 · kept what it was handed	第24時代 · 受け継いだものを守った
Era 25 · kept what it was handed	第25時代 · 受け継いだものを守った
Era 26 · kept what it was handed	第26時代 · 受け継いだものを守った
Era 27 · kept what it was handed	第27時代 · 受け継いだものを守った
Era 28 · kept what it was handed	第28時代 · 受け継いだものを守った
Era 29 · kept what it was handed	第29時代 · 受け継いだものを守った
Era 3 · kept what it was handed	第3時代 · 受け継いだものを守った
Era 30 · kept what it was handed	第30時代 · 受け継いだものを守った
Era 31 · kept what it was handed	第31時代 · 受け継いだものを守った
Era 32 · kept what it was handed	第32時代 · 受け継いだものを守った
Era 33 · kept what it was handed	第33時代 · 受け継いだものを守った
Era 34 · kept what it was handed	第34時代 · 受け継いだものを守った
Era 35 · kept what it was handed	第35時代 · 受け継いだものを守った
Era 36 · kept what it was handed	第36時代 · 受け継いだものを守った
Era 37 · kept what it was handed	第37時代 · 受け継いだものを守った
Era 38 · kept what it was handed	第38時代 · 受け継いだものを守った
Era 39 · kept what it was handed	第39時代 · 受け継いだものを守った
Era 4 · kept what it was handed	第4時代 · 受け継いだものを守った
Era 5 · kept what it was handed	第5時代 · 受け継いだものを守った
Era 6 · kept what it was handed	第6時代 · 受け継いだものを守った
Era 7 · kept what it was handed	第7時代 · 受け継いだものを守った
Era 8 · kept what it was handed	第8時代 · 受け継いだものを守った
Era 9 · kept what it was handed	第9時代 · 受け継いだものを守った
Even on Mars.	火星でもね。
Ever, no joke.	今までで、マジで。
Ever.	今までで一番。
Every bit as good as last year.	去年に負けないくらいよかった。
Every corner, both of them.	すみずみまで、ふたりで。
Every drop.	一滴残らず。
Every paper soaked.	新聞が全部びしょびしょ。
Every spare pair of hands clears the intakes until the season turns.	季節が変わるまで、手の空いている人はみんなで吸気口を掃除します。
Every time.	毎回ね。
Every week	毎週
Everybody came!	みんな来たよ！
Everyone gasped.	みんな息をのんだ。
Everyone sang!	みんなで歌ったよ！
Everyone up on the bridge.	みんな橋の上に上がって。
Everyone who comes in sees it.	来た人はみんな目にするよ。
Everyone!	みんなだよ！
Everyone's well.	みんな元気。
Everything here has to earn its keep.	ここでは何もかも、役に立たなきゃいけないんだ。
Everything's sparkling.	何もかもぴかぴか。
Fairy lights	電飾
Fastest slide ever!	今までで最速のすべり！
Fell asleep in front of the late movie.	深夜映画の前で寝落ちした。
Fell asleep on my maths book.	数学の本の上で寝ちゃった。
Filed the sol report.	ソルの報告書を提出した。
Finally, scout's honour.	やっとだよ、誓って。
Finally.	やっとね。
Fine for now.	今のところは大丈夫。
Fireflies!	ホタルだ！
Fireworks soon.	もうすぐ花火だよ。
Firm as a stone.	石みたいにがっちり。
First eggs!	初めての卵！
First frost!	初霜だ！
First in ages.	久しぶり。
Fish Run soon.	もうすぐ魚の群れが来るよ。
Fish stall	魚の屋台
Fish the near water harder	近くの水域でもっと漁をする
Fishing with {name}.	{name}と釣り。
Fishing-hole bench	漁場のベンチ
Fit it together	組み立てる
Five bucks.	五ドル。
Fix it?	直す？
Fix the relay	中継器を直す
Flashcards are ready, you know?	単語カードはできてるよ、わかる？
Flashcards are ready.	単語カードはできてる。
Flashcards till midnight.	真夜中まで単語カード。
Flower bed	花壇
Follow it	たどってみる
Follow the rover signal	ローバーの信号をたどる
For balance, over and out.	バランスのためにね、以上、交信終わり。
For balance.	バランスのためにね。
Forgot it myself, nearly.	自分でも忘れかけてた。
Fortify Ares Habitat	アレス居住区を補強する
Forty herring in the vault.	貯蔵庫にニシンが四十匹。
Forty krill cakes in the vault.	貯蔵庫にオキアミケーキが四十個。
Forty silverfish in the vault.	貯蔵庫にシルバーフィッシュが四十匹。
Forty!	四十！
Forty.	四十。
Found a quarter in the seat.	座席で二十五セント玉を見つけた。
Found a starfish in the fish pile.	魚の山の中にヒトデを見つけた。
Found a vein of ice under the ridge.	尾根の下に氷の鉱脈を見つけた。
Found the perfect pebble.	完璧な小石を見つけた。
Founders' Feast	創設者の宴
Founders' Feast in 2 days	創設者の宴まであと2日
Founders' Feast in 3 days	創設者の宴まであと3日
Founders' Feast in 4 days	創設者の宴まであと4日
Founders' Feast in 5 days	創設者の宴まであと5日
Founders' Feast in 6 days	創設者の宴まであと6日
Founders' Feast in 7 days	創設者の宴まであと7日
Founders' Feast soon.	もうすぐ創設者の宴。
Founders' Feast today	今日は創設者の宴
Founders' Feast tomorrow	明日は創設者の宴
Founders' statue	創設者の像
Freezing.	凍えそう。
French exam next week.	来週、フランス語の試験。
French exam on Friday.	金曜にフランス語の試験。
French exam on Monday.	月曜にフランス語の試験。
French exam tomorrow.	明日、フランス語の試験。
Friends again?	また友だち？
Fries and shakes with {name}.	{name}とポテトとシェイク。
From Mars they look odd.	火星から見ると変な感じ。
From here on they lean toward trusting each other.	これからは、ふたりは信頼し合うほうに傾いていく。
Frost on every rail.	どの手すりにも霜。
Future Martians, hello.	未来の火星人たち、こんにちは。
Garage band with {name}.	{name}とガレージバンド。
Get the neighborhood driving	町の人を車で出かけさせる
Geyser fountain	間欠泉の噴水
Give Icebridge one more aurora; its central relationship is starting to take shape.	アイスブリッジにもうひとつオーロラを。中心となる関係が形になりはじめています。
Give Maple Street one more night; its central relationship is starting to take shape.	メイプル通りにもうひと晩を。中心となる関係が形になりはじめています。
Give each other space	お互いに距離を置く
Give the colony one more sol; its central relationship is starting to take shape.	コロニーにもうひとソルを。中心となる関係が形になりはじめています。
Give them a shared project	ふたりに共同作業を任せる
Give them something neither can finish alone.	どちらもひとりでは終わらせられないものを任せる。
Glow stones	光る石
Go Comets!	がんばれコメッツ！
Go and find it	探しに行く
Go and find it?	探しに行く？
Go and look	見に行く
Go out after them	追いかけて出る
Go out, or stay close?	外に出る？それとも近くにいる？
Go together	一緒に行く
Gone by noon.	お昼にはなくなってた。
Good as new.	新品同様。
Good enough.	これで十分。
Good evening, Maple Street!	こんばんは、メイプル通り！
Good ones.	いいやつ。
Good to see a new face.	新しい顔が見られてうれしいな。
Good to see new faces.	新しい顔ぶれが見られてうれしいな。
Good trade.	いい取引だった。
Gosh.	わあ。
Got Carla's old Chevy running.	カーラの古いシボレーを動くようにした。
Got Eddie's old Chevy running.	エディの古いシボレーを動くようにした。
Got Ricky's old Chevy running.	リッキーの古いシボレーを動くようにした。
Got Walt's old Chevy running.	ウォルトの古いシボレーを動くようにした。
Got a fan letter!	ファンレターが来た！
Green all the way across!	向こう側までずっと緑！
Green and pink.	緑とピンク。
Green!	緑だ！
Grew a tomato in Martian soil.	火星の土でトマトを育てた。
Growing tray	栽培トレイ
Guess what day it is?	今日は何の日でしょう？
Guess what!	聞いて聞いて！
Gus waved me on for free.	ガスさんがタダで乗せてくれた。
Ha!	はっ！
Ha.	はは。
Half each, no arguments.	半分ずつ、文句なし。
Half each.	半分ずつね。
Hand Dana the Friday rules as they are	金曜の決まりをそのままダナに引き継ぐ
Hand Sura the crossing rites as they are	渡りの儀式をそのままスーラに引き継ぐ
Hand {name} the routines as they are	いつもの手順をそのまま{name}に引き継ぐ
Happy New Year, everybody!	みんな、あけましておめでとう！
Hard work for both of them.	ふたりともよく働いた。
Harvested dwarf wheat with {name}.	{name}と矮性小麦を収穫した。
Heard back from Earth.	地球から返事が来た。
Held first time.	一回でうまくいった。
Hello from me.	私からこんにちは。
Help look	探すのを手伝う
Help me fit a spare fuse?	予備のヒューズの取りつけ、手伝ってくれる？
Help me fit a spare lantern?	予備のランタンの取りつけ、手伝ってくれる？
Help me fit a spare seal?	予備のシールの取りつけ、手伝ってくれる？
Help me look?	探すの手伝ってくれる？
Helped {name} run the late show at K-88 Radio.	K-88ラジオで{name}の深夜番組を手伝った。
Helped {name} with their feathers.	{name}の羽づくろいを手伝った。
Here we are again.	またこの話だね。
Hero.	ヒーローだね。
Herring left, cod right.	ニシンは左、タラは右。
Hey hey!	やあやあ！
Hey!	やあ！
Hey, you.	やあ、あなた。
Hey.	やあ。
History exam next week.	来週、歴史の試験。
History exam on Friday.	金曜に歴史の試験。
History exam on Monday.	月曜に歴史の試験。
Hm-hm.	ふむふむ。
Holding steady.	安定してる。
Hole up together	みんなでこもる
Home, once.	一度はね、故郷だった。
Homecoming soon.	もうすぐホームカミング。
Hot dog stand	ホットドッグの屋台
Hot-dog stand	ホットドッグの屋台
Huddle close.	ぎゅっと寄り合って。
Huddled with {name}.	{name}と寄り添ってた。
Hull seal four reads a hair low.	船体シール4の数値がほんの少し低い。
Hull seal four reads a touch warm.	船体シール4の数値がちょっと高め。
Hull seal four reads green.	船体シール4は正常値。
Hull seal four reads steady.	船体シール4は安定。
Humidity's right.	湿度はちょうどいい。
Humiliating, no joke.	屈辱的だよ、マジで。
Humiliating.	屈辱的。
Hung a new lantern with {name} at the far end.	いちばん奥に{name}と新しいランタンを吊るした。
I can't go on like this.	もうこんなの続けられない。
I carried it all the way back for you.	あなたのために、はるばる持って帰ってきたんだ。
I chatter all day so nobody hears how empty my nest is at night.	一日じゅうおしゃべりしてるのは、夜の巣が空っぽなのを誰にも気づかれないためなの。
I could sleep for a week, fishy promise.	一週間くらい眠れそう、おさかなに誓って。
I could sleep for a week.	一週間くらい眠れそう。
I counted every step.	一歩一歩数えてたよ。
I counted twice, fishy promise.	二回数えたよ、おさかなに誓って。
I counted twice.	二回数えたよ。
I counted!	数えたもん！
I counted.	数えたよ。
I did the tape deck.	テープデッキは私がやった。
I didn't know you felt that way.	あなたがそんなふうに思ってたなんて知らなかった。
I don't like the look of Ares Habitat.	アレス居住区の様子が気に入らない。
I don't like the look of Icebridge.	アイスブリッジの様子が気に入らない。
I don't like the look of Maple Arcade.	メイプル・アーケードの様子が気に入らない。
I drive out so far because the quiet inside scares me.	こんなに遠くまで走るのは、中の静けさが怖いからなんだ。
I fell over twice, over and out.	二回転んじゃった、以上、交信終わり。
I fell over twice.	二回転んじゃった。
I found my way out and back, on my own!	ひとりで行って帰ってこられたよ！
I had an idea on my day off.	休みの日にひらめいたことがあるんだ。
I held my breath.	息を止めてた。
I knew there was something out there.	向こうに何かあるってわかってたんだ。
I know the Magna Carta now.	マグナ・カルタ、もう覚えたよ。
I look ridiculous.	ばかみたいな格好。
I lost.	負けちゃった。
I nearly fell asleep, fishy promise.	寝ちゃいそうだった、おさかなに誓って。
I nearly fell asleep.	寝ちゃいそうだった。
I need a hand, now!	今すぐ手を貸して！
I need a tux.	タキシードがいるんだ。
I pretended I was out.	留守のふりをしちゃった。
I promise.	約束する。
I said my piece!	言いたいことは言ったよ！
I said things I shouldn't have.	言っちゃいけないことを言っちゃった。
I saved you a stool by the pinball.	ピンボールのそばに椅子を取っておいたよ。
I saved you the fattest herring.	いちばん太ったニシンを取っておいたよ。
I saw.	見たよ。
I say yes.	賛成。
I talk all night because the quiet at home is loud.	一晩じゅうしゃべってるのは、家の静けさがうるさいからなんだ。
I think I'll ace it.	楽勝だと思う。
I thought of you.	あなたのことを思い出したんだ。
I wanted to tell you something.	伝えたいことがあってね。
I'd like to send a message home.	故郷にメッセージを送りたいな。
I'll be back.	また戻ってくるよ。
I'll be using that.	使わせてもらうよ。
I'll bring snacks!	お菓子持っていくね！
I'll check again at dusk.	夕暮れにもう一度確かめるよ。
I'll eat it myself, then.	じゃあ、自分で食べちゃおう。
I'll manage without.	なくてもなんとかするよ。
I'll strap it down.	しっかり固定しておくよ。
I'm afraid.	怖いよ。
I'm devastated.	打ちのめされたよ。
I'm going to win.	絶対勝つよ。
I'm lost out here.	ここで迷っちゃった。
I'm making the mixtape.	ミックステープを作ってるんだ。
I'm not talking about it.	その話はしたくない。
I'm on burgers.	私はハンバーガー係。
I'm on it.	任せて。
I'm polishing the plaque.	記念の銘板を磨いてるところ。
I'm saving the good rations.	いい配給食は取っておいてるんだ。
I'm scared I'll fail and never leave.	失敗して、ずっとここから出られないんじゃないかって怖いんだ。
I've been diving every day.	毎日潜ってるの。
I've been practising backwards.	後ろ向きで練習してるんだ。
I've been waiting all night.	一晩じゅう待ってたよ。
I've found the best spot on the ridge.	尾根でいちばんの場所を見つけたんだ。
I've lost my good wrench.	愛用のレンチをなくしちゃった。
Ice is kind.	氷はやさしいね。
Ice sculpture	氷の彫刻
Ice well	氷の井戸
Icebridge Colony	アイスブリッジ・コロニー
Icebridge can mind itself for a day.	一日くらいなら、アイスブリッジは自分でなんとかなるよ。
Icebridge can't take much more.	アイスブリッジはもう限界だよ。
Icebridge doesn't sound right.	アイスブリッジの音がおかしい。
Icebridge keeps the crossings it knows.	アイスブリッジは慣れ親しんだ渡りを守っている。
Icebridge needs everyone.	アイスブリッジにはみんなの力が必要なんだ。
Icebridge's acting up again.	アイスブリッジの調子がまたおかしい。
If I had a spare fuse, I'd sleep at night.	予備のヒューズがあれば、夜ぐっすり眠れるのに。
If I had a spare lantern, I'd sleep at night.	予備のランタンがあれば、夜ぐっすり眠れるのに。
If I had a spare seal, I'd sleep at night.	予備のシールがあれば、夜ぐっすり眠れるのに。
If we put up a lantern tower, anyone could find us.	ランタンの塔を建てれば、誰でもここを見つけられるよ。
If we put up a new radio mast, anyone could find us.	新しいラジオ塔を建てれば、誰でもここを見つけられるよ。
If we put up a relay mast, anyone could find us.	中継マストを建てれば、誰でもここを見つけられるよ。
In a drawer	引き出しの中
In the pocket of my own coat.	自分のコートのポケットの中。
Invest the next chapter in the winter systems and local routines that make home resilient.	次の章は、ふるさとを強くする冬の備えと地元の習わしに注ぎこむ。
Invite distant colonies across Icebridge for a winter feast.	遠くのコロニーをアイスブリッジに招いて、冬の宴を開く。
Invite the outer colonies	外縁のコロニーを招く
Invite them	招く
Invite {name} to Ares Habitat	{name}をアレス居住区に招く
Invite {name} to Icebridge	{name}をアイスブリッジに招く
Invite {name} to Maple Arcade	{name}をメイプル・アーケードに招く
Is it over?	終わった？
Ish.	まあね。
It all goes into building.	全部、建てることに回るんだ。
It bounced!	跳ねた！
It can wait.	あとでいいよ。
It feels like a new chapter.	新しい章が始まる気がする。
It may lead somewhere.	何かにつながるかもしれない。
It seems a long time ago.	ずいぶん昔のことみたい。
It smells like Earth, no joke.	地球のにおいがする、マジで。
It smells like Earth.	地球のにおいがする。
It started over a borrowed cassette.	きっかけは借りたカセットだった。
It started over a dent in the car.	きっかけは車のへこみだった。
It started over a missed check-in.	きっかけはすっぽかした定時連絡だった。
It started over a mixtape.	きっかけはミックステープだった。
It started over a nest too close.	きっかけは近すぎる巣だった。
It started over a squawk at the council.	きっかけは評議会でのギャーギャーだった。
It started over a stolen pebble.	きっかけは盗まれた小石だった。
It started over gossip at the diner.	きっかけはダイナーでの噂話だった。
It started over money for gas.	きっかけはガソリン代だった。
It started over music in the common room.	きっかけは談話室の音楽だった。
It started over the chore rota.	きっかけは当番表だった。
It started over the huddle order.	きっかけはハドルの順番だった。
It started over the last chocolate bar.	きっかけは最後のチョコバーだった。
It started over the last of the coffee.	きっかけは最後のコーヒーだった。
It started over the prom.	きっかけはプロムだった。
It started over the radio playlist.	きっかけはラジオの選曲だった。
It started over the water ration.	きっかけは水の配給だった。
It started over who left the airlock open.	きっかけは誰がエアロックを開けっぱなしにしたかだった。
It started over whose turn to keep watch.	きっかけは見張り当番だった。
It suits there, little one.	そこ、似合ってるよ、おちびさん。
It suits there.	そこ、似合ってるよ。
It took all night.	一晩かかったよ。
It was held on with tape.	テープで留めてあっただけだった。
It will show on the horizon.	地平線からも見えるよ。
It works, mostly.	だいたいは動くよ。
It'll blow over, no joke.	そのうちおさまるよ、マジで。
It'll blow over, over and out.	そのうちおさまるよ、以上、交信終わり。
It'll blow over.	そのうちおさまるよ。
It'll hold till spring.	春まではもつよ。
It'll settle.	落ち着くよ。
It'll take time.	時間がかかるよ。
It's a crack in the ice.	氷の割れ目だ。
It's a different place than it was.	前とは違う場所になったね。
It's a drill again now.	これでまたドリルとして使えるよ。
It's a failing seal.	シールがだめになりかけてる。
It's a sparking fuse box.	ヒューズボックスから火花が出てる。
It's an old relay, out past the ridge.	尾根の向こうにある古い中継器なんだ。
It's come round again.	また巡ってきたよ。
It's getting worse!	どんどん悪くなってる！
It's got four chords.	コードは四つだけなんだ。
It's just sitting there.	ただそこにあるだけ。
It's my birthday today!	今日、私の誕生日なんだ！
It's not good.	よくないね。
It's ours	私たちのもの
It's over.	終わったよ。
It's the county fair!	郡のお祭りだ！
It's the great migration!	大移動だ！
It's the launch window!	打ち上げの時期だ！
It's what we do	私たちの務めだから
It's working!	動いた！
Just a note, nothing much.	ちょっとしたメモだよ、たいしたことじゃないんだ。
Just don't touch the red button.	とにかく赤いボタンには触らないで。
Just don't!	とにかくやめて！
Just don't, fishy promise.	とにかくやめて、おさかなに誓って。
Just don't, over and out.	とにかくやめて、以上、交信終わり。
Just don't, scout's honour.	とにかくやめて、誓って。
Just don't, you know?	とにかくやめて、わかる？
Just don't.	とにかくやめて。
Just one trip past the edge of the map.	地図の端の向こうへ、一度だけ。
Just the two of us	ふたりきりで
Just what Icebridge needed.	アイスブリッジにちょうど必要だったものだね。
Just what Maple Arcade needed.	メイプル・アーケードにちょうど必要だったものだね。
Just wow.	すごい、としか言えない。
Just.	ぎりぎりね。
Kayak	カヤック
Keep Maple Arcade open late as a neighborhood club.	メイプル・アーケードを近所のクラブとして遅くまで開けておく。
Keep going	続ける
Keep it for someone new	新しく来る人のために取っておく
Keep it neighborhood-sized	町の規模のままにしておく
Keep the Fish Vault sealed and plan for the dark season.	魚の貯蔵庫を封じて、暗い季節に備える。
Keep the arcade a steady business	アーケードを堅実な商売のままにする
Keep the seals tight.	シールはしっかり締めておいて。
Keep the work going	作業を続ける
Keep them apart and let competition sharpen how they deal with each other from now on.	ふたりを引き離し、張り合うことでこれからの付き合い方を磨かせる。
Keep watching before deciding whether this World reaches outward or roots itself more deeply.	このワールドが外へ広がるか、もっと深く根を張るかを決める前に、様子を見守る。
Kelp garden	昆布の庭
Kelp swing	昆布のぶらんこ
Kept it cheerful.	明るく振る舞ったよ。
Kept well clear of {name}, no joke.	{name}のことはずっと避けてる、マジで。
Kept well clear of {name}, over and out.	{name}のことはずっと避けてる、以上、交信終わり。
Kept well clear of {name}, you know?	{name}のことはずっと避けてる、わかる？
Kept well clear of {name}.	{name}のことはずっと避けてる。
Kestrel agrees.	ケストレルも賛成してる。
Kestrel's antenna is acting up.	ケストレルのアンテナの調子がおかしい。
Kestrel's antenna is better than new.	ケストレルのアンテナは新品以上。
Kestrel's antenna is rattling.	ケストレルのアンテナががたがたいってる。
Kestrel's battery is acting up.	ケストレルのバッテリーの調子がおかしい。
Kestrel's dust filter is better than new.	ケストレルの防塵フィルターは新品以上。
Kestrel's dust filter is rattling.	ケストレルの防塵フィルターががたがたいってる。
Kestrel's left wheel is acting up.	ケストレルの左の車輪の調子がおかしい。
Kestrel's left wheel is better than new.	ケストレルの左の車輪は新品以上。
Kestrel's left wheel is rattling.	ケストレルの左の車輪ががたがたいってる。
Know where your mask is?	マスクの場所、わかってる？
Landing Day soon.	もうすぐ着陸記念日。
Lantern post	ランタンの柱
Lanterns on the table every week.	毎週、テーブルにランタンを。
Last time: Clean-up day came and went.	前回：大掃除の日が来て、過ぎていった。
Last time: Lena's birthday was forgotten.	前回：レナの誕生日は忘れられていた。
Last time: Lena's wrench stayed lost.	前回：レナのレンチは見つからないままだった。
Last time: Nia's birthday was forgotten.	前回：ニアの誕生日は忘れられていた。
Last time: Nia's wrench stayed lost.	前回：ニアのレンチは見つからないままだった。
Last time: Nobody saw to a crack in the ice, and it got worse.	前回：氷の割れ目は誰にも手当てされず、悪化した。
Last time: Nobody saw to a failing seal, and it got worse.	前回：だめになりかけたシールは誰にも手当てされず、悪化した。
Last time: Nobody saw to a sparking fuse box, and it got worse.	前回：火花を出すヒューズボックスは誰にも手当てされず、悪化した。
Last time: Piko's birthday was forgotten.	前回：ピコの誕生日は忘れられていた。
Last time: Piko's wrench stayed lost.	前回：ピコのレンチは見つからないままだった。
Last time: The argument simmered on.	前回：言い争いはくすぶり続けた。
Last time: The clouds came in.	前回：雲が出てきた。
Last time: The long dark passed.	前回：長い闇が過ぎた。
Last time: The supper went cold.	前回：夕食は冷めてしまった。
Last time: They mended a crack in the ice together.	前回：ふたりで氷の割れ目を直した。
Last time: They mended a failing seal together.	前回：ふたりでだめになりかけたシールを直した。
Last time: They mended a sparking fuse box together.	前回：ふたりで火花を出すヒューズボックスを直した。
Last time: They sat out a blizzard together.	前回：ふたりで吹雪をやり過ごした。
Last time: They sat out a dust front together.	前回：ふたりで砂嵐の前線をやり過ごした。
Last time: They sat out a thunderstorm together.	前回：ふたりで雷雨をやり過ごした。
Last time: They shared out the delivery truck.	前回：配達トラックの荷をふたりで分け合った。
Last time: They shared out the herring run.	前回：ニシンの群れの獲物をふたりで分け合った。
Last time: They shared out the supply drop.	前回：補給物資をふたりで分け合った。
Last time: Time took the edge off.	前回：時がとげをやわらげた。
Last time: a blizzard caught them apart.	前回：吹雪がふたりを引き離した。
Last time: a dust front caught them apart.	前回：砂嵐の前線がふたりを引き離した。
Last time: a thunderstorm caught them apart.	前回：雷雨がふたりを引き離した。
Last time: the county fair came and went.	前回：郡のお祭りが来て、過ぎていった。
Last time: the delivery truck sat unopened.	前回：配達トラックの荷は開けられないままだった。
Last time: the great migration came and went.	前回：大移動が来て、過ぎていった。
Last time: the herring run sat unopened.	前回：ニシンの群れの獲物は手つかずのままだった。
Last time: the launch window came and went.	前回：打ち上げの時期が来て、過ぎていった。
Last time: the supply drop sat unopened.	前回：補給物資は開けられないままだった。
Last time: {name} and {other} cleaned up Ares Habitat together.	前回：{name}と{other}は一緒にアレス居住区を掃除した。
Last time: {name} and {other} cleaned up Icebridge together.	前回：{name}と{other}は一緒にアイスブリッジを掃除した。
Last time: {name} and {other} cleaned up Maple Arcade together.	前回：{name}と{other}は一緒にメイプル・アーケードを掃除した。
Last time: {name} and {other} made it up.	前回：{name}と{other}は仲直りした。
Last time: {name} and {other} shared a supper.	前回：{name}と{other}は夕食を共にした。
Last time: {name} and {other} talked it all through.	前回：{name}と{other}はとことん話し合った。
Last time: {name} and {other} traded with a passing trader.	前回：{name}と{other}は通りがかりの行商人と取引した。
Last time: {name} and {other} waited out the long dark together.	前回：{name}と{other}は一緒に長い闇を乗りきった。
Last time: {name} and {other} watched the stars.	前回：{name}と{other}は星を眺めた。
Last time: {name} and {other} worked on a back room at the arcade.	前回：{name}と{other}はアーケードの奥の部屋に取りかかった。
Last time: {name} and {other} worked on a second bridge span.	前回：{name}と{other}は二つ目の橋桁に取りかかった。
Last time: {name} and {other} worked on a second dome.	前回：{name}と{other}は二つ目のドームに取りかかった。
Last time: {name} brought {other} home.	前回：{name}は{other}を連れて帰った。
Last time: {name} followed a far-off song across the ice.	前回：{name}は氷の向こうの遠い歌を追いかけた。
Last time: {name} followed a late call-in from out of town.	前回：{name}は町の外からの遅い電話を追いかけた。
Last time: {name} followed a signal from the old lander.	前回：{name}は古い着陸機からの信号を追いかけた。
Last time: {name} found Lena's wrench.	前回：{name}はレナのレンチを見つけた。
Last time: {name} found Nia's wrench.	前回：{name}はニアのレンチを見つけた。
Last time: {name} found Piko's wrench.	前回：{name}はピコのレンチを見つけた。
Last time: {name} found the way home alone.	前回：{name}はひとりで帰り道を見つけた。
Last time: {name} went looking for the signal.	前回：{name}は信号を探しに出かけた。
Last time: {name} won the argument.	前回：{name}は言い争いに勝った。
Laugh about it	笑い飛ばす
Lay back and let {name} pick the music.	寝ころんで、{name}に音楽を選んでもらった。
Lay in bed with the radio on.	ラジオをつけたままベッドでごろごろ。
Lay on the ice and watched the lights.	氷の上に寝ころんで、光を眺めてた。
Leave it	放っておく
Leave the decision open; {name} and {other} carry on as they are for another aurora.	決断は保留。{name}と{other}はもうひとつオーロラの間、今のまま過ごす。
Leave the decision open; {name} and {other} carry on as they are for another night.	決断は保留。{name}と{other}はもうひと晩、今のまま過ごす。
Leave the decision open; {name} and {other} carry on as they are for another sol.	決断は保留。{name}と{other}はもうひとソル、今のまま過ごす。
Leave them to it for now; the two of them keep finding their own way.	今はふたりに任せる。ふたりは自分たちなりのやり方を見つけていく。
Lena's right	レナが正しい
Let Dana run the nights her way	夜はダナのやり方に任せる
Let Maple Street draw a crowd	メイプル通りに人を呼びこむ
Let Sura keep the bridge her way	橋はスーラのやり方で守らせる
Let a little more time pass without making a bigger choice.	大きな選択はせず、もう少し時を過ごす。
Let another aurora move through the routes now coordinated between Icebridge and the outer colonies.	アイスブリッジと外縁のコロニーを結ぶ道に、もうひとつオーロラを巡らせる。
Let another night move through the radio, arcade, bus, and people now connected by the network.	ネットワークでつながったラジオ、アーケード、バス、人々に、もうひと晩を巡らせる。
Let another sol move through the ridge routes and see what the expedition network changes next.	尾根の道にもうひとソルを巡らせ、探検のネットワークが次に何を変えるかを見る。
Let me show you how I find my way out there.	外で道を見つける方法、教えてあげる。
Let rivalry sharpen them	張り合いで磨かせる
Let the arcade, radio, and night bus pull new people into Maple Street's orbit.	アーケード、ラジオ、夜行バスで、新しい人をメイプル通りに引き寄せる。
Let the aurora turn	オーロラを巡らせる
Let the night pass	夜を過ごす
Let the sol pass	ソルを過ごす
Let there be light.	光あれ。
Let {name} run Ares her own way	アレスは{name}のやり方に任せる
Let's do the next part together.	次の工程は一緒にやろう。
Let's make this place a home.	ここを家にしよう。
Let's not fight.	けんかはやめよう。
Let's not go there	その話はやめておこう
Lettuce: flowering early.	レタス：早くも花が咲いた。
Lettuce: leaves yellowing.	レタス：葉が黄ばんできた。
Lettuce: two new shoots.	レタス：新芽がふたつ。
Lichen patch	地衣類の群生
Like the first day.	初日みたい。
Listen!	聞いて！
Listen.	聞いて。
Lit the lanterns with {name}.	{name}とランタンに火をともした。
Locked the arcade at midnight.	真夜中にアーケードを閉めた。
Locked the arcade at one-thirty.	一時半にアーケードを閉めた。
Locked the arcade at one.	一時にアーケードを閉めた。
Locked the arcade at two.	二時にアーケードを閉めた。
Logged forty rock samples.	岩石サンプルを四十個記録した。
Logged.	記録した。
Longest sol.	いちばん長いソル。
Look at them go!	見て、すごい勢い！
Look up!	上を見て！
Look what I got for an old spanner!	古いスパナでこれと交換したんだ、見て！
Low-gravity swing	低重力ぶらんこ
MTV all evening.	一晩じゅうMTV。
Made a few bucks.	ちょっと稼いだよ。
Made eleven dollars.	十一ドル稼いだ。
Made it.	間に合った。
Magic.	魔法みたい。
Mailbox	郵便受け
Maintenance at Ares Habitat.	アレス居住区の整備。
Maintenance at Hydroponics Bay.	水耕ベイの整備。
Maintenance at Kestrel Rover.	ケストレル・ローバーの整備。
Make Ares Habitat the center of the next chapter and deepen what the colony already depends on.	アレス居住区を次の章の中心にし、コロニーがすでに頼っているものを深める。
Make a new one	新しいのを作る
Make do	あるもので済ませる
Make it a habit?	習慣にする？
Make it ours?	私たちのものにする？
Make it up	仲直りする
Make the arcade a community hub	アーケードを町の拠点にする
Make up	仲直り
Manage alone	ひとりでなんとかする
Maple Arcade can mind itself for a day.	一日くらいなら、メイプル・アーケードは自分でなんとかなるよ。
Maple Arcade can't take much more.	メイプル・アーケードはもう限界だよ。
Maple Arcade doesn't sound right.	メイプル・アーケードの音がおかしい。
Maple Arcade needs everyone.	メイプル・アーケードにはみんなの力が必要なんだ。
Maple Arcade's acting up again.	メイプル・アーケードの調子がまたおかしい。
Maple Street carries its own people home.	メイプル通りは自分たちの人を家まで送り届ける。
Maple Street keeps the nights it knows.	メイプル通りは慣れ親しんだ夜を守っている。
Maple tree	カエデの木
Mapped another ridge from Ares Habitat.	アレス居住区からまた尾根をひとつ測量した。
Mapped another ridge from Hydroponics Bay.	水耕ベイからまた尾根をひとつ測量した。
Mapped another ridge from Kestrel Rover.	ケストレル・ローバーからまた尾根をひとつ測量した。
Max's right	マックスが正しい
Mayor's statue	町長の像
Me and {name}, shouting about a borrowed cassette.	{name}と借りたカセットのことで怒鳴り合っちゃって。
Me and {name}, shouting about a borrowed tool.	{name}と借りた工具のことで怒鳴り合っちゃって。
Me and {name}, shouting about a brisk shoulder.	{name}とそっけない態度のことで怒鳴り合っちゃって。
Me and {name}, shouting about a broken bridge span.	{name}と壊れた橋桁のことで怒鳴り合っちゃって。
Me and {name}, shouting about a cold shoulder.	{name}と冷たくされたことで怒鳴り合っちゃって。
Me and {name}, shouting about a dent in the car.	{name}と車のへこみのことで怒鳴り合っちゃって。
Me and {name}, shouting about a joke that went too far.	{name}と度が過ぎた冗談のことで怒鳴り合っちゃって。
Me and {name}, shouting about a lost bet.	{name}と負けた賭けのことで怒鳴り合っちゃって。
Me and {name}, shouting about a lost feather.	{name}となくした羽根のことで怒鳴り合っちゃって。
Me and {name}, shouting about a missed check-in.	{name}とすっぽかした定時連絡のことで怒鳴り合っちゃって。
Me and {name}, shouting about a mixtape.	{name}とミックステープのことで怒鳴り合っちゃって。
Me and {name}, shouting about a nest too close.	{name}と近すぎる巣のことで怒鳴り合っちゃって。
Me and {name}, shouting about a party nobody mentioned.	{name}と誰も教えてくれなかったパーティーのことで怒鳴り合っちゃって。
Me and {name}, shouting about a snowball.	{name}と雪玉のことで怒鳴り合っちゃって。
Me and {name}, shouting about a squawk at the council.	{name}と評議会でのギャーギャーのことで怒鳴り合っちゃって。
Me and {name}, shouting about a stolen pebble.	{name}と盗まれた小石のことで怒鳴り合っちゃって。
Me and {name}, shouting about dust in the quarters.	{name}と居室の砂ぼこりのことで怒鳴り合っちゃって。
Me and {name}, shouting about gossip at the diner.	{name}とダイナーでの噂話のことで怒鳴り合っちゃって。
Me and {name}, shouting about music in the common room.	{name}と談話室の音楽のことで怒鳴り合っちゃって。
Me and {name}, shouting about the aurora vote.	{name}とオーロラの投票のことで怒鳴り合っちゃって。
Me and {name}, shouting about the band's name.	{name}とバンドの名前のことで怒鳴り合っちゃって。
Me and {name}, shouting about the best fishing hole.	{name}といちばんの漁場のことで怒鳴り合っちゃって。
Me and {name}, shouting about the chore rota.	{name}と当番表のことで怒鳴り合っちゃって。
Me and {name}, shouting about the curfew.	{name}と門限のことで怒鳴り合っちゃって。
Me and {name}, shouting about the greenhouse temperature.	{name}と温室の温度のことで怒鳴り合っちゃって。
Me and {name}, shouting about the high score.	{name}とハイスコアのことで怒鳴り合っちゃって。
Me and {name}, shouting about the huddle order.	{name}とハドルの順番のことで怒鳴り合っちゃって。
Me and {name}, shouting about the last chocolate bar.	{name}と最後のチョコバーのことで怒鳴り合っちゃって。
Me and {name}, shouting about the last slice of pizza.	{name}と最後のピザのことで怒鳴り合っちゃって。
Me and {name}, shouting about the message to Earth.	{name}と地球へのメッセージのことで怒鳴り合っちゃって。
Me and {name}, shouting about the night watch.	{name}と夜の見張りのことで怒鳴り合っちゃって。
Me and {name}, shouting about the prom.	{name}とプロムのことで怒鳴り合っちゃって。
Me and {name}, shouting about the radio playlist.	{name}とラジオの選曲のことで怒鳴り合っちゃって。
Me and {name}, shouting about the rover schedule.	{name}とローバーの予定のことで怒鳴り合っちゃって。
Me and {name}, shouting about the slide rules.	{name}とすべり台の決まりのことで怒鳴り合っちゃって。
Me and {name}, shouting about the song verses.	{name}と歌の歌詞のことで怒鳴り合っちゃって。
Me and {name}, shouting about the water ration.	{name}と水の配給のことで怒鳴り合っちゃって。
Me and {name}, shouting about who called who.	{name}とどっちが電話したかで怒鳴り合っちゃって。
Me and {name}, shouting about who left the airlock open.	{name}と誰がエアロックを開けっぱなしにしたかで怒鳴り合っちゃって。
Me and {name}, shouting about who saw the seal first.	{name}と誰が先にアザラシを見つけたかで怒鳴り合っちゃって。
Me and {name}, shouting about whose turn to keep watch.	{name}と見張り当番のことで怒鳴り合っちゃって。
Measured the soil again.	また土を測った。
Mend it together	一緒に直す
Mended a crack in the bridge.	橋の割れ目を直した。
Mended a span with driftwood.	流木で橋桁を直した。
Mended a span with packed ice.	固めた氷で橋桁を直した。
Mended a span with snow bricks.	雪のれんがで橋桁を直した。
Message post	伝言板
Message stone	伝言の石
Mind how you go.	気をつけて行ってね。
Mind the step.	段差に気をつけて。
Mind where you step.	足元に気をつけて。
Mind your feet.	足元、気をつけて。
Mine.	私の。
Miri's right	ミリが正しい
Missed it again.	また見逃した。
Mist fountain	霧の噴水
Mixtape for my sister: side A is all love songs.	妹のためのミックステープ：A面はラブソングばかり。
Mixtape for the bus driver: side A is loud.	バスの運転手さんのためのミックステープ：A面はうるさいやつ。
Mixtape for {name}: side A is loud.	{name}のためのミックステープ：A面はうるさいやつ。
Mixtape for {name}: side A is songs to study to.	{name}のためのミックステープ：A面は勉強用の曲。
Molting season.	換羽の季節。
Mom timed it.	ママが時間を計ってた。
Mom wasn't impressed.	ママは感心してなかった。
More when I see you.	続きは会ったときに。
Moss patch	コケの群生
Mostly I ate them.	ほとんど自分で食べちゃった。
Mostly.	だいたいね。
Mowed Carla's lawn.	カーラの家の芝を刈った。
Mowed Eddie's lawn.	エディの家の芝を刈った。
Mowed Ricky's lawn.	リッキーの家の芝を刈った。
Mowed Walt's lawn.	ウォルトの家の芝を刈った。
Mr.	さん
My arms!	腕が！
My brain is neon.	頭の中がネオンみたい。
My experiment worked.	実験がうまくいった。
My mom.	うちのママ。
My secret is the crust.	秘密はパイ生地なの。
My sister called long-distance.	姉さんから長距離電話があった。
Napped in a snowdrift.	雪の吹きだまりで昼寝した。
Nearly.	ほとんどね。
Nesting box	巣箱
Never again.	もう二度とやらない。
Never gets old.	何度見ても飽きない。
Never mind.	気にしないで。
Never seen that.	あんなの見たことない。
New ice on the shore.	岸に新しい氷。
New times, then.	じゃあ、新しい時代だね。
News, of a sort.	知らせ、みたいなもの。
Next sol I'm heading for Olympus.	次のソルはオリンポス山に向かうよ。
Next sol I'm heading for the dark dunes.	次のソルは黒い砂丘に向かうよ。
Next sol I'm heading for the far canyon.	次のソルは遠くの峡谷に向かうよ。
Next sol I'm heading for the ice cliffs.	次のソルは氷の崖に向かうよ。
Next sol I'm heading for the unnamed ridge.	次のソルは名前のない尾根に向かうよ。
Next · Notice	次 · 気づく
Next · Watch	次 · 見守る
Nia's right	ニアが正しい
Night owl.	夜ふかしさん。
Ninety-nine herring in the vault.	貯蔵庫にニシンが九十九匹。
Ninety-nine krill cakes in the vault.	貯蔵庫にオキアミケーキが九十九個。
Ninety-nine silverfish in the vault.	貯蔵庫にシルバーフィッシュが九十九匹。
Ninety-nine sprats in the vault.	貯蔵庫にスプラットが九十九匹。
Ninety-two.	九十二。
No room for a garden.	菜園を作る場所がない。
No room for it	置く場所がない
No thanks needed.	お礼なんていらないよ。
No time	時間がない
Nobody asked me!	誰も私に聞いてくれなかった！
Nobody asked me, fishy promise.	誰も私に聞いてくれなかった、おさかなに誓って。
Nobody cares about the beacon.	ビーコンなんて誰も気にしてない。
Nobody fell in.	誰も落ちなかった。
Nobody goes anywhere.	誰もどこにも行かない。
Nobody leaves.	誰も去らない。
Nobody remembered.	誰も覚えてなかった。
Nobody sleeps.	誰も眠らない。
Nobody's been.	誰も行ってない。
Nobody's touched it.	誰も手をつけてない。
Not a wobble.	びくともしない。
Not bad at all!	全然悪くない！
Not even that	それすらない
Not one.	一匹も。
Not yet	まだ
Note it down	書き留めておく
Noted.	記録した。
Nothing blew up.	何も爆発しなかった。
Nothing comes from outside.	外からは何も来ない。
Nothing green.	緑は何もない。
Nothing is decided yet.	まだ何も決まっていません。
Nothing leaves the ridge.	尾根からは何も出ていかない。
Nothing needs deciding; the World is simply living in the meantime.	決めることは何もありません。ワールドはその間も、ただ暮らしています。
Nothing to do.	することがない。
Now and then	ときどき
Of course.	もちろん。
Off the air?	放送休止？
Off to the far floe next moon.	次の月は遠くの浮氷へ。
Off to the south shelf next moon.	次の月は南の棚氷へ。
Off to the whale road next moon.	次の月はクジラの道へ。
Oh dear.	あらまあ。
Oh, hello.	あら、こんにちは。
Oh, man.	うわあ。
Oh, you've moved it.	あれ、動かしたんだね。
Oil to the elbows.	ひじまで油まみれ。
Old Uko crossed the bridge backwards.	ウコじいさんが橋を後ろ向きに渡っていった。
Old Uko crossed the bridge in a rush.	ウコじいさんが橋を大急ぎで渡っていった。
Old Uko crossed the bridge on tiptoe.	ウコじいさんが橋をつま先立ちで渡っていった。
Old Uko crossed the bridge singing.	ウコじいさんが歌いながら橋を渡っていった。
Old records with {name}.	{name}と古いレコード。
Old tracks.	古い曲。
On Mars!	火星でだよ！
On the phone for two hours.	二時間電話してた。
One caller.	電話はひとりだけ。
One more piece in place.	またひとつ、ピースがはまった。
Only one burn.	やけどはひとつだけ。
Ooh!	おおー！
Oops.	おっと。
Open the Fish Vault for a feast	魚の貯蔵庫を開けて宴を開く
Open the ridge routes	尾根の道を開く
Out on the rim with {name}.	{name}とクレーターの縁に出た。
Out past the edge there's an old shelter.	端の向こうに古い避難所があるんだ。
Outward, or put down roots?	外へ向かう？それとも根を下ろす？
Over.	以上。
Pack me a sandwich.	サンドイッチを詰めといて。
Painted Carla's fence.	カーラの家の柵を塗った。
Painted Eddie's fence.	エディの家の柵を塗った。
Painted Ricky's fence.	リッキーの家の柵を塗った。
Painted Walt's fence.	ウォルトの家の柵を塗った。
Pancakes!	パンケーキだ！
Paper round done before six.	六時前に新聞配達を終えた。
Paper round in the rain.	雨の中の新聞配達。
Parked by the water tower with {name} and talked.	{name}と給水塔のそばに車を停めて話した。
Partnership formed	協力関係が結ばれた
Patched the bridge.	橋を修理した。
Patched the rover seat for {name}.	{name}のためにローバーの座席を繕った。
Pebble planters	小石のプランター
Pennants	三角旗
Perfect.	完璧。
Phobos at noon	真昼のフォボス
Phobos at noon in 2 days	真昼のフォボスまであと2日
Phobos at noon in 3 days	真昼のフォボスまであと3日
Phobos at noon in 4 days	真昼のフォボスまであと4日
Phobos at noon in 5 days	真昼のフォボスまであと5日
Phobos at noon in 6 days	真昼のフォボスまであと6日
Phobos at noon in 7 days	真昼のフォボスまであと7日
Phobos at noon today	今日は真昼のフォボス
Phobos at noon tomorrow	明日は真昼のフォボス
Phobos is crossing the sun.	フォボスが太陽を横切ってるよ。
Phones lit up!	電話が鳴りっぱなし！
Piko's right	ピコが正しい
Pink everywhere.	一面ピンク。
Plant one	ひとつ植える
Planter racks	プランターラック
Played them some Journey.	ジャーニーを流してあげた。
Playground swing	遊び場のぶらんこ
Please let there be a curve.	どうか平均点で調整してくれますように。
Polishing my belly for the Slide Races.	すべりっこレースに向けておなかを磨いてるの。
Pollinated the tomatoes with {name}.	{name}とトマトの受粉をした。
Practising my call for Song Night.	歌の夜に向けて鳴き声の練習中。
Preened {name}.	{name}の羽づくろいをした。
Protect its small cash buffer and avoid becoming the town's unofficial clubhouse.	わずかな手元資金を守り、町の非公式のたまり場にはならないようにする。
Psst!	ねえ！
Psst.	ねえ。
Push on through	押しきる
Put Maple Street on the map	メイプル通りを有名にする
Put it back.	元に戻して。
Put it up	建てる
Put our flag on it	私たちの旗を立てる
Put the arcade on the air	アーケードを電波に乗せる
Quiet shift.	静かなシフト。
Quiet without anyone to talk to!	話し相手がいないと静かだね！
Quiet without anyone to talk to.	話し相手がいないと静かだね。
Rain, again.	また雨。
Raise the rent from the neighborhood	町から家賃を上げる
Rare, out here.	ここじゃ珍しいよ。
Read it alone	ひとりで読む
Read it together	一緒に読む
Read it with me?	一緒に読んでくれる？
Read the weather on air with {name}.	{name}と一緒に放送で天気予報を読んだ。
Real baths!	本物のお風呂！
Real rain.	本物の雨。
Really.	本当に。
Rebuild the reclaimer from what Ares has	アレスにあるもので再生装置を作り直す
Rebuild the span through the dark season	暗い季節の間に橋桁を建て直す
Recalibrated the sensors with {name}.	{name}とセンサーを較正し直した。
Recorded a message for my sister.	妹にメッセージを録音した。
Red moss garden	赤いコケの庭
Regret.	後悔。
Rehydrated stew, fine company.	水で戻したシチューに、いい仲間。
Rematch tomorrow.	明日は雪辱戦。
Remember when we couldn't stand each other?	お互いに我慢できなかった頃のこと、覚えてる？
Rest canopy	休憩用の天蓋
Right, so.	さて、と。
Right.	そうだね。
Rink Night soon.	もうすぐスケートの夜。
Rode Night Bus 6 home half asleep.	夜行バス6番で半分寝ながら帰った。
Rode Night Bus 6 home in the rain.	雨の中、夜行バス6番で帰った。
Rode Night Bus 6 home with my notes.	ノートを抱えて夜行バス6番で帰った。
Roller rink with {name}.	{name}とローラースケート場へ。
Room to breathe, the two of them.	ふたりとも、ひと息つける余裕ができた。
Rose bed	バラの花壇
Same as before, I'm afraid.	残念だけど、前と同じなんだ。
Same time next week.	来週の同じ時間に。
Sang the old songs with {name}!	{name}と昔の歌を歌ったよ！
Sang the old songs with {name}.	{name}と昔の歌を歌った。
Sang to the moon with {name}.	{name}と月に向かって歌った。
Sat among the plants in Hydroponics Bay.	水耕ベイで植物に囲まれて座ってた。
Save my spot in the huddle.	ハドルの私の場所、取っておいて。
Saving water for the Feast.	宴のために水を取っておいてる。
Saw Carla's light on at five.	五時にカーラの家に明かりがついてた。
Saw Eddie's light on at five.	五時にエディの家に明かりがついてた。
Saw Ricky's light on at five.	五時にリッキーの家に明かりがついてた。
Saw Walt's light on at five.	五時にウォルトの家に明かりがついてた。
Say cheese!	はい、チーズ！
Say sorry	謝る
School's gonna close!	学校が休校になるかも！
Science!	科学だね！
Scrubber two reads a hair low.	スクラバー2の数値がほんの少し低い。
Scrubber two reads a touch warm.	スクラバー2の数値がちょっと高め。
Scrubber two reads green.	スクラバー2は正常値。
Scrubber two reads steady.	スクラバー2は安定。
Scrubbers cleaned, filters swapped.	スクラバーを掃除して、フィルターを交換した。
Sealed in under a minute!	一分以内に密閉完了！
Seaweed bed	海藻の苗床
See you around the colony.	コロニーのどこかでまた会おうね。
See you around the street.	通りのどこかでまた会おうね。
See?	ほらね？
Seeing {name} later, fishy promise.	あとで{name}に会うんだ、おさかなに誓って。
Seeing {name} later, little one.	あとで{name}に会うんだ、おちびさん。
Seeing {name} later, no joke.	あとで{name}に会うんだ、マジで。
Seeing {name} later, over and out.	あとで{name}に会うんだ、以上、交信終わり。
Seeing {name} later, scout's honour.	あとで{name}に会うんだ、誓って。
Seeing {name} later, you know?	あとで{name}に会うんだ、わかる？
Seeing {name} later.	あとで{name}に会うんだ。
Send Kestrel beyond the safe ridge after a repeating signal.	繰り返す信号を追って、ケストレルを安全な尾根の先へ送り出す。
Send Kestrel for a replacement	ケストレルに交換品を取りに行かせる
Send for the outer builders	外縁の建設班を呼ぶ
Send for the outer colonies' catch	外縁のコロニーの獲物を取り寄せる
Send it	送る
Send them on	先へ行ってもらう
Send {name} for one	{name}にひとつ取りに行かせる
Sent a message home.	故郷にメッセージを送った。
Seven at once!	七匹いっぺんに！
Share it out	分け合う
She's a tough old bird.	あの子はたくましいんだ。
Shelves, everywhere!	どこもかしこも棚だらけ！
Shift at K-88 Radio.	K-88ラジオでシフト。
Shift at Maple Arcade.	メイプル・アーケードでシフト。
Shiny now.	ぴかぴかになった。
Show me	見せて
Showed {name} how the air recycler works.	{name}に空気再生装置の仕組みを見せた。
Silly!	ばかみたい！
Silly, no joke.	ばかみたい、マジで。
Silly, scout's honour.	ばかみたい、誓って。
Silly.	ばかみたい。
Sit by the bay with me.	一緒に湾のそばに座ろうよ。
Sketched plans with {name} till the lights dimmed.	明かりが暗くなるまで{name}と計画を描いた。
Slept a full shift.	シフトひとつ分ぐっすり眠った。
Slept standing up.	立ったまま寝た。
Slept through the dust alarm.	砂塵警報に気づかず寝てた。
Slept till noon.	お昼まで寝てた。
Slowly now.	ゆっくりね。
Snug as anything.	ぬくぬくだよ。
So many fish!	魚がいっぱい！
Solar lamp	太陽光ランプ
Sold everything!	全部売れた！
Sold my old records.	古いレコードを売った。
Sold {name} a lava lamp.	{name}にラバランプを売った。
Some calls go unanswered.	答えの返ってこない電話もある。
Some kid rang about a first date.	どこかの子から、初デートの相談の電話。
Some kid rang about a lost dog.	どこかの子から、迷子の犬の電話。
Some kid rang about a nameless song.	どこかの子から、題名のわからない歌の電話。
Some kid rang about the weather.	どこかの子から、天気の電話。
Some nights I check the seals twice.	シールを二度確かめる夜もあるんだ。
Some things are best left.	そっとしておいたほうがいいこともある。
Some things are better left.	そっとしておいたほうがいいこともあるよ。
Some things are just for us.	私たちだけのものもあるんだ。
Some things are private.	人に言えないこともあるんだ。
Some things stay sore.	まだ痛むこともある。
Somebody might come.	誰か来るかもしれない。
Someone had to work	誰かが働かなきゃいけなかった
Someone has to stay.	誰かが残らなきゃ。
Someone left a quarter in Galaga.	誰かがギャラガに二十五セント玉を残していった。
Someone's answered the beacon!	誰かがビーコンに応えた！
Someone's been nibbling.	誰かがかじってる。
Someone's here, asking if they can stay.	誰かが来て、ここにいてもいいかって聞いてる。
Something for {name}	{name}への何か
Something green, just for looking at?	眺めるためだけの、何か緑のものは？
Something has to change.	何か変えなきゃ。
Something useful, something silly.	役に立つものと、ちょっとふざけたもの。
Something's changed.	何かが変わった。
Something's wrong with Ares Habitat.	アレス居住区の様子がおかしい。
Something's wrong with Icebridge.	アイスブリッジの様子がおかしい。
Something's wrong with Maple Arcade.	メイプル・アーケードの様子がおかしい。
Sort of.	まあね。
Sorted the fish with {name}.	{name}と魚を仕分けた。
Spanish exam next week.	来週、スペイン語の試験。
Spanish exam on Friday.	金曜にスペイン語の試験。
Spanish exam tomorrow.	明日、スペイン語の試験。
Spend the colony's spare capacity sealing the habitat before the next dust front.	次の砂嵐の前線が来る前に、コロニーの余力を居住区の密閉に使う。
Splash!	ばしゃーん！
Spoke at the council with {name}.	{name}と評議会で発言した。
Spooky and perfect!	不気味で最高！
Spotless!	ぴっかぴか！
Spring Dance soon.	もうすぐ春のダンスパーティー。
Spun a Springsteen B-side at midnight.	真夜中にスプリングスティーンのB面をかけた。
Spun a Springsteen B-side late.	遅い時間にスプリングスティーンのB面をかけた。
Spun a Springsteen B-side on air.	放送でスプリングスティーンのB面をかけた。
Spun a slow one at midnight.	真夜中にスローな曲をかけた。
Spun a slow one late.	遅い時間にスローな曲をかけた。
Spun a slow one on air.	放送でスローな曲をかけた。
Spun a surf tune at midnight.	真夜中にサーフミュージックをかけた。
Spun a surf tune late.	遅い時間にサーフミュージックをかけた。
Spun an oldie for Mrs K at midnight.	真夜中にKさんの奥さんのために懐メロをかけた。
Spun an oldie for Mrs K late.	遅い時間にKさんの奥さんのために懐メロをかけた。
Spun an oldie for Mrs K on air.	放送でKさんの奥さんのために懐メロをかけた。
Spun the Top 40 countdown at midnight.	真夜中にトップ40のカウントダウンをかけた。
Spun the Top 40 countdown late.	遅い時間にトップ40のカウントダウンをかけた。
Spun the Top 40 countdown on air.	放送でトップ40のカウントダウンをかけた。
Spun three ballads in a row at midnight.	真夜中にバラードを三曲続けてかけた。
Spun three ballads in a row late.	遅い時間にバラードを三曲続けてかけた。
Spun three ballads in a row on air.	放送でバラードを三曲続けてかけた。
Squawk!	ガーッ！
Start a Mars colony	火星コロニーをはじめる
Start a penguin civilization	ペンギン文明をはじめる
Start a town in 1987	1987年の町をはじめる
Start building	建てはじめる
Stay a minute?	ちょっとだけいる？
Stay close	近くにいる
Stay home	家にいる
Stay in the warm	暖かいところにいる
Stay tuned.	チャンネルはそのままで。
Still Martian.	まだ火星人だよ。
Still cross	まだ怒ってる
Still cross about yesterday?	昨日のこと、まだ怒ってる？
Still driving her tomorrow.	明日もあの車を運転するよ。
Still not speaking to {name}!	{name}とはまだ口をきいてないんだ！
Still not speaking to {name}, fishy promise.	{name}とはまだ口をきいてないんだ、おさかなに誓って。
Still not speaking to {name}, over and out.	{name}とはまだ口をきいてないんだ、以上、交信終わり。
Still not speaking to {name}, scout's honour.	{name}とはまだ口をきいてないんだ、誓って。
Still not speaking to {name}, you know?	{name}とはまだ口をきいてないんだ、わかる？
Still not speaking to {name}.	{name}とはまだ口をきいてないんだ。
Strangers are trouble.	よそ者は面倒のもとだよ。
Streamers	紙テープ
Street sign	道路標識
Stronger than before.	前より丈夫になった。
Studied all evening.	一晩じゅう勉強した。
Studied between customers.	お客さんの合間に勉強した。
Succession · New hands	代替わり · 新しい担い手
Suits on, still lovely.	宇宙服を着てても、すてきだった。
Summer's really here.	本格的に夏が来たね。
Supper again?	また夕食を一緒に？
Supper together	一緒に夕食
Supper with {name}.	{name}と夕食。
Supper, the two of us?	ふたりで夕食、どう？
Supply cache	補給品の隠し場所
Supply tent	補給テント
Survey done.	調査完了。
Swam under the bridge with {name}!	{name}と橋の下を泳いだよ！
Swam under the bridge with {name}, fishy promise.	{name}と橋の下を泳いだよ、おさかなに誓って。
Swam under the bridge with {name}.	{name}と橋の下を泳いだ。
Swapped a smooth stone with {name}.	{name}とすべすべの石を交換した。
Swept snow off the bridge all morning.	午前中ずっと橋の雪かきをした。
Swept up a whole bag of popcorn.	ポップコーンをまるひと袋分掃いた。
Take care.	気をつけてね。
Take it	受け取る
Take the day	一日休む
Take the route to the board	その道筋を評議会に持っていく
Talk it all through	とことん話し合う
Talk them home	話しかけて連れ帰る
Taped the Top 40 off the radio.	ラジオからトップ40を録音した。
Taught {name} to dive.	{name}に潜り方を教えた。
Taught {name} to solder.	{name}にはんだ付けを教えた。
Tea and blankets.	お茶と毛布。
Teaching the chicks to march for the parade.	パレードに向けて、ひなたちに行進を教えてるの。
Teamwork.	チームワークだね。
Tension	緊張
Terrible ones.	ひどいやつ。
Tested a new water filter.	新しい浄水フィルターを試した。
Thank you for coming for me.	迎えに来てくれてありがとう。
That one's ours, I've decided.	あれは私たちのものって決めたの。
That's all.	それだけ。
That's ours now.	もう私たちのものだよ。
The Aurora Council sends across the ice to the outer colonies and trades for their surplus.	オーロラ評議会は氷を越えて外縁のコロニーへ使いを出し、余剰を取引する。
The Aurora Council sends for the outer colonies' bridge builders to shore up the span.	オーロラ評議会は外縁のコロニーの橋職人を呼び、橋桁を補強する。
The Aurora Council trades for the outer colonies' boats and for someone who knows how to read water.	オーロラ評議会は外縁のコロニーの舟と、水を読める者を求めて取引する。
The World will not wait forever.	ワールドはいつまでも待ってはくれません。
The algae tank turned purple.	藻のタンクが紫になった。
The aurora went purple tonight.	今夜のオーロラは紫だった。
The autumn {name}, a engineer from the orbital station, stayed on, and nobody minded	その秋、軌道ステーションから来た技術者の{name}はそのまま住みつき、誰も気にしなかった
The autumn {name}, a paper-route kid from the next town over, stayed on, and nobody minded	その秋、隣町から来た新聞配達の子の{name}はそのまま住みつき、誰も気にしなかった
The battery bank reads a touch warm.	バッテリーバンクの数値がちょっと高め。
The battery bank reads green.	バッテリーバンクは正常値。
The battery bank reads steady.	バッテリーバンクは安定。
The beacon stays a light, nothing more.	ビーコンはただの明かりのまま。
The biggest aurora of the year is coming.	今年いちばんのオーロラがやって来る。
The call	呼び声
The car started!	車のエンジンがかかった！
The cherry trees are out!	桜が咲いた！
The claw machine ate my dime.	クレーンゲームに十セント玉を飲まれた。
The coffee's ready too.	コーヒーもできてるよ。
The colony keeps doing what worked.	コロニーはうまくいったやり方を続ける。
The colony maps a longer route over land and learns to accept every crossing taking a day.	コロニーは陸路でもっと長い道を測量し、渡るのに毎回一日かかることを受け入れる。
The colony works the near water through the dark, taking less rest and no risks beyond the familiar ice.	コロニーは暗い間も近くの水域で漁をし、休みを減らして、慣れた氷の外へは危険を冒さない。
The cord's stretched.	コードが伸びきってる。
The council took my idea!	評議会が私の案を採用した！
The delivery truck!	配達トラックだ！
The dog howled along.	犬も一緒に遠吠えした。
The dust got in everything.	何もかも砂ぼこりが入りこんだ。
The heat pump reads a touch warm.	ヒートポンプの数値がちょっと高め。
The heat pump reads green.	ヒートポンプは正常値。
The heat pump reads steady.	ヒートポンプは安定。
The heater actually worked.	ヒーターがちゃんと動いた。
The herring run!	ニシンの群れだ！
The hurt stays where it is.	傷はそのまま残る。
The ice agrees.	氷も賛成してる。
The ice glowed.	氷が光ってた。
The ice sang, little one.	氷が歌ってたよ、おちびさん。
The ice sang.	氷が歌ってた。
The light goes on forever.	光はいつまでも続く。
The little ones fell asleep before {name} finished.	{name}が話し終わる前に、ちびっ子たちは寝ちゃった。
The long dark	長い闇
The long night's here.	長い夜が来た。
The longer you wait, the more they do the work their own way.	待てば待つほど、ふたりは自分たちのやり方で仕事をするようになります。
The map past the edge	地図の端の向こう
The moon was watching.	月が見てたよ。
The neighbours complained.	ご近所から苦情が来た。
The night we talked	語り合った夜
The old ways are hers to keep or drop.	昔のやり方を守るか捨てるかは、彼女が決めること。
The rivalry is set down, for now.	張り合いは、今はいったん置かれた。
The seals watched me.	アザラシに見られてた。
The show went on.	ショーは続いた。
The signal's stronger every night.	信号は毎晩強くなってる。
The sky was on fire with lights.	空が光で燃えてるみたいだった。
The sky's on fire!	空が燃えてる！
The sun comes back soon.	もうすぐ太陽が戻ってくるよ。
The sun won't set now.	もう太陽が沈まない。
The supply drop!	補給物資だ！
The trader pitches a tent for a while.	行商人はしばらくテントを張る。
The trader's back, and asking for you by name!	行商人が戻ってきて、あなたを名指しで探してるよ！
The water loop reads a hair low.	水循環の数値がほんの少し低い。
The water loop reads a touch warm.	水循環の数値がちょっと高め。
The water loop reads green.	水循環は正常値。
The water loop reads steady.	水循環は安定。
The wheat hums, if you listen.	耳をすますと、小麦がハミングしてるよ。
The whole letter, out loud.	手紙まるごと、声に出して。
The work comes first.	仕事が先。
Then that's the way we go.	じゃあ、そうしよう。
There isn't the time.	そんな時間はない。
There it is.	ほら、あった。
There's enough to do.	やることは十分あるよ。
There's other work.	ほかにも仕事がある。
There's too much to do.	やることが多すぎる。
There's work to do.	やることがあるんだ。
There.	ほら。
They listened!	聞いてくれた！
They played my song!	私の曲をかけてくれた！
They preened me back.	羽づくろいを返してくれた。
They want it again.	またやりたいって。
They'll get it in a few days.	数日もすればわかってくれるよ。
They're jealous.	やきもちだよ。
This again.	またこれか。
This era has not met its trouble yet.	この時代はまだ試練に出会っていない。
This is how they'll remember us.	こうやって私たちは覚えていてもらえるんだ。
This is nice.	いいね、これ。
Thought you'd like to know how things are.	こっちの様子を知りたいかなと思って。
Three chicks crossed the bridge backwards.	ひなが三羽、橋を後ろ向きに渡っていった。
Three chicks crossed the bridge in a rush.	ひなが三羽、橋を大急ぎで渡っていった。
Three chicks crossed the bridge on tiptoe.	ひなが三羽、橋をつま先立ちで渡っていった。
Three of them now.	これで三人。
Threw a paper on the Hendersons' roof.	ヘンダーソンさんの家の屋根に新聞を投げちゃった。
Tiny, but a tomato.	ちっちゃいけど、トマトだよ。
Tips from Mrs Kowalski.	コワルスキさんの奥さんからチップをもらった。
To all of us!	私たちみんなに！
To the founders!	創設者たちに！
Together!	一緒に！
Told Earth all about {name}.	地球に{name}のことを全部話した。
Told the tale of the great storm with {name}.	{name}と大嵐の話をした。
Told the tale of the splendid storm with {name}.	{name}とすばらしい嵐の話をした。
Told them to hang on.	持ちこたえてって伝えた。
Tomas's right	トマスが正しい
Tomato patch	トマト畑
Tomatoes: flowering early.	トマト：早くも花が咲いた。
Tomatoes: leaves yellowing.	トマト：葉が黄ばんできた。
Tomatoes: roots look good.	トマト：根は順調。
Tomatoes: two new shoots.	トマト：新芽がふたつ。
Too soon	まだ早い
Too tired	疲れすぎてる
Took Kestrel to Crater Six at dawn.	夜明けにケストレルでクレーター6へ。
Took Kestrel to Crater Six before lunch.	お昼前にケストレルでクレーター6へ。
Took Kestrel to Crater Six on a hunch.	勘を頼りにケストレルでクレーター6へ。
Took Kestrel to the dry riverbed at dawn.	夜明けにケストレルで干上がった川床へ。
Took Kestrel to the dry riverbed before lunch.	お昼前にケストレルで干上がった川床へ。
Took Kestrel to the dry riverbed on a hunch.	勘を頼りにケストレルで干上がった川床へ。
Took Kestrel to the dune field at dawn.	夜明けにケストレルで砂丘地帯へ。
Took Kestrel to the dune field before lunch.	お昼前にケストレルで砂丘地帯へ。
Took Kestrel to the dune field on a hunch.	勘を頼りにケストレルで砂丘地帯へ。
Took Kestrel to the north ridge at dawn.	夜明けにケストレルで北の尾根へ。
Took Kestrel to the north ridge before lunch.	お昼前にケストレルで北の尾根へ。
Took Kestrel to the north ridge on a hunch.	勘を頼りにケストレルで北の尾根へ。
Took Kestrel to the old lander at dawn.	夜明けにケストレルで古い着陸機へ。
Took Kestrel to the old lander before lunch.	お昼前にケストレルで古い着陸機へ。
Took Kestrel to the old lander on a hunch.	勘を頼りにケストレルで古い着陸機へ。
Trade for filters from the relay	中継所とフィルターを取引する
Trade with them	取引する
Traded {name} a feather for a smooth stone.	{name}と羽根をすべすべの石と交換した。
Trail marker	道しるべ
Truth?	本音を言うと？
Tucked a feather in the nest.	巣に羽根をひとつ差しこんだ。
Tuning the rover for the rally.	ラリーに向けてローバーを調整中。
Turn Kestrel's reach into routes the colony keeps extending beyond the familiar ridge.	ケストレルの行動範囲を、見慣れた尾根の先へ伸び続ける道に変える。
Twelve herring in the vault.	貯蔵庫にニシンが十二匹。
Twelve krill cakes in the vault.	貯蔵庫にオキアミケーキが十二個。
Twelve silverfish in the vault.	貯蔵庫にシルバーフィッシュが十二匹。
Twelve sprats in the vault.	貯蔵庫にスプラットが十二匹。
Twenty minutes each way.	片道二十分。
Twice.	二回。
Two is enough for now.	今はふたりで十分。
Two new spans of ice.	新しい氷の橋桁がふたつ。
Two-player with {name} till closing.	閉店まで{name}とふたりプレイ。
Typical.	いつものことだね。
Updated the map of the caves.	洞窟の地図を更新した。
Very fast.	すごく速い。
Views for days, no joke.	どこまでも見渡せるよ、マジで。
Views for days.	どこまでも見渡せるよ。
Wait without answering.	答えずに待つ。
Walk out in it	その中へ歩いて出る
Walk the long way round	遠回りして歩く
Walked the crater rim with {name}.	{name}とクレーターの縁を歩いた。
Want the front seat?	前の席に座る？
Want to sit in the booth?	ブースに座る？
Warm and full, all of us!	みんなぽかぽかでおなかいっぱい！
Warm at last!	やっと暖かい！
Warm at last.	やっと暖かい。
Warmest spot in the huddle, next to {name}.	ハドルでいちばん暖かい場所、{name}の隣。
Washed Carla's car.	カーラの車を洗った。
Washed Eddie's car.	エディの車を洗った。
Washed Ricky's car.	リッキーの車を洗った。
Washed Walt's car.	ウォルトの車を洗った。
Watch from home	家から見守る
Watch {name}, {other}, and Ares Habitat react before you steer anything.	何かを動かす前に、{name}と{other}、そしてアレス居住区がどう反応するか見守りましょう。
Watch {name}, {other}, and Icebridge settle into motion before you steer anything.	何かを動かす前に、{name}と{other}、そしてアイスブリッジが動きだすのを見守りましょう。
Watch {name}, {other}, and Maple Street find a rhythm before you steer anything.	何かを動かす前に、{name}と{other}、そしてメイプル通りがリズムをつかむのを見守りましょう。
Watched Maple Street go by.	メイプル通りの行き交う様子を眺めてた。
Watched Phobos cross the sky.	フォボスが空を横切るのを眺めた。
Watched a scary movie with the lights off.	明かりを消してホラー映画を見た。
Watched reruns all night.	一晩じゅう再放送を見てた。
Watched the aurora dance.	オーロラが踊るのを眺めた。
Watching it.	見守ってるよ。
Water pump	水くみポンプ
Wave them on.	手を振って送り出す。
We actually held it!	本当に持ちこたえた！
We could make room for a back room at the arcade.	アーケードの奥の部屋を作る余地があるかも。
We could make room for a second bridge span.	二つ目の橋桁を造る余地があるかも。
We could make room for a second dome.	二つ目のドームを造る余地があるかも。
We got the ice machine going.	製氷機を動かしたよ。
We held it.	持ちこたえた。
We lost.	負けた。
We made it through that one.	あれは乗りきったね。
We sang.	みんなで歌った。
We talked a whole record, over and out.	レコード一枚分しゃべってた、以上、交信終わり。
We talked a whole record.	レコード一枚分しゃべってた。
We talked about nothing for an hour.	一時間、他愛もない話をした。
We watched it dance.	踊るのを眺めてた。
We won!	勝った！
We'll eat like kings!	王様みたいなごちそうだよ！
Welcome!	ようこそ！
Well, it's settled.	じゃあ、決まりだね。
Well, look at it.	いやあ、見てよ。
Well.	さてと。
Went backwards and didn't fall once!	後ろ向きに滑って、一度も転ばなかった！
Wet.	濡れてる。
What Ares learned is hers to keep or drop.	アレスで学んだことを守るか捨てるかは、彼女が決めること。
What a picture!	いい写真！
What about a window box?	窓辺の花箱はどう？
What do we do with it?	これ、どうする？
What now, for the two of us?	ふたりはこれからどうする？
What the arcade was is hers to keep or drop.	アーケードのあり方を守るか捨てるかは、彼女が決めること。
What they have is enough for now.	今あるもので、ふたりには十分。
What was it again?	何だったっけ？
When there's time.	時間があるときにね。
Where shall we hang the picture?	写真、どこに飾ろうか？
Where were you?	どこにいたの？
Who carries this on after us?	私たちのあと、誰がこれを受け継ぐの？
Who knew?	誰が思っただろうね？
Who'll waddle with me?	一緒によちよち歩く人は？
Who's got a car?	車持ってる人いる？
Who's helping?	手伝ってくれる人は？
Who's it for?	誰のため？
Whoever it is, they're welcome.	誰であっても、歓迎するよ。
Widen Icebridge's circle and keep carrying routes and reports beyond the familiar bridge.	アイスブリッジの輪を広げ、見慣れた橋の先へ道と知らせを運び続ける。
Window boxes	窓辺の花箱
Winter Formal soon.	もうすぐ冬のダンスパーティー。
Winter's coming.	冬が来るよ。
Winter's covered!	冬の備えはばっちり！
Winter's covered, fishy promise.	冬の備えはばっちり、おさかなに誓って。
With a paintbrush.	絵筆でね。
Wonderful.	すばらしい。
Work through it	乗りきる
Worked with {name}.	{name}と作業した。
World direction · Outward	ワールドの行方 · 外へ
World legacy · Aurora League	ワールドの遺産 · オーロラ連盟
World legacy · Night Network	ワールドの遺産 · 夜のネットワーク
World legacy · Ridge Network	ワールドの遺産 · 尾根のネットワーク
World pressure · Held	ワールドの圧力 · 持ちこたえた
World pressure · Rising	ワールドの圧力 · 高まっている
Worth it.	やった甲斐があった。
Would it be mad to ask {name} to a movie at the Rialto?	{name}をリアルト座の映画に誘ったら、変かな？
Would it be mad to ask {name} to a walk to the crater rim?	{name}をクレーターの縁への散歩に誘ったら、変かな？
Would it be mad to ask {name} to fish at the far hole?	{name}を遠くの穴での釣りに誘ったら、変かな？
Would it be mad to ask {name} to see the dust devils dance?	{name}をつむじ風の踊りを見に誘ったら、変かな？
Would it be mad to ask {name} to sit on the tallest berg?	{name}をいちばん高い氷山に座りに誘ったら、変かな？
Would it be mad to ask {name} to slide down the big slope?	{name}を大きな坂のすべりに誘ったら、変かな？
Would it be mad to ask {name} to stargaze from the rover roof?	{name}をローバーの屋根での星空観察に誘ったら、変かな？
Would it be mad to ask {name} to supper under the dome?	{name}をドームの下での夕食に誘ったら、変かな？
Would it be mad to ask {name} to swim under the ice?	{name}を氷の下での泳ぎに誘ったら、変かな？
Would it be mad to ask {name} to the arcade after hours?	{name}を閉店後のアーケードに誘ったら、変かな？
Would it be mad to ask {name} to the drive-in?	{name}をドライブインシアターに誘ったら、変かな？
Would it be mad to ask {name} to the lake on Saturday?	{name}を土曜日の湖に誘ったら、変かな？
Would it be mad to ask {name} to the roller rink?	{name}をローラースケート場に誘ったら、変かな？
Would it be mad to ask {name} to walk to the edge of the floe?	{name}を浮氷の端までの散歩に誘ったら、変かな？
Would it be mad to ask {name} to watch the aurora?	{name}をオーロラを見に誘ったら、変かな？
Would it be mad to ask {name} to watch the sunset from the ridge?	{name}を尾根からの夕日を見に誘ったら、変かな？
Wow.	わあ。
Write back, if you like.	よかったら返事ちょうだい。
Writing because it's quiet here.	こっちは静かだから、手紙を書いてるよ。
Writing my message for Signal Night.	信号の夜のメッセージを書いてるところ。
Wrote a poem about dust.	砂ぼこりの詩を書いた。
Wrote an essay on Moby Dick.	『白鯨』の感想文を書いた。
Wrote up the log.	日誌を書いた。
Yard sale with {name}.	{name}とガレージセール。
You built that?	あれ、あなたが建てたの？
You came for me.	迎えに来てくれたんだね。
You can feel the sea breathing.	海が呼吸してるのがわかるよ。
You chose · Community arcade	あなたの選択 · 町のアーケード
You chose · Handed on	あなたの選択 · 引き継ぎ
You chose · Held	あなたの選択 · 持ちこたえる
You chose · Outward	あなたの選択 · 外へ
You chose · Shared project	あなたの選択 · 共同作業
You chose · Signal expedition	あなたの選択 · 信号の探検
You chose · Winter feast	あなたの選択 · 冬の宴
You heard it here first.	ここだけの初耳情報だよ。
You left me to fix that alone.	あれ、私ひとりに直させたよね。
You look like someone who'd love the view from the rover roof.	あなた、ローバーの屋根からの眺めが好きそうな顔してる。
You never listen when it matters!	肝心なときにいつも聞いてくれないんだから！
You should see what's out there!	向こうにあるもの、見せてあげたいよ！
You went all that way for this?	これのためにそんな遠くまで行ったの？
You were impossible!	あなた、ほんとに手に負えなかったよ！
You weren't about, so I'm writing.	姿が見えなかったから、手紙にしたよ。
You'll remember this one.	これは覚えてるでしょ。
You're a natural.	才能あるね。
Your influence · Community arcade	あなたの影響 · 町のアーケード
Your influence · Signal expedition	あなたの影響 · 信号の探検
Your influence · Winter feast	あなたの影響 · 冬の宴
Your turn · Future	あなたの番 · 未来
Your turn · Hold or reach	あなたの番 · とどまるか、手を伸ばすか
Your turn · Relationship	あなたの番 · 関係
Your turn · World direction	あなたの番 · ワールドの行方
Yours, {name}.	{name}より。
a hand-drawn map of the street	手描きの通りの地図
a lumpy scarf in the street's colours	通りの色で編んだ、ちょっとでこぼこのマフラー
a mixtape labelled in silver marker	銀のペンでラベルを書いたミックステープ
a plush alien from the Maple Arcade claw machine	メイプル・アーケードのクレーンゲームで取った宇宙人のぬいぐるみ
a red pebble from the rim of Crater Six	クレーター6の縁で拾った赤い小石
a silver fish scale on a string of kelp	昆布のひもに通した銀色の魚のうろこ
a smooth grey pebble from under the first span	最初の橋桁の下で拾った、すべすべの灰色の小石
a sprig of basil in a sealed sample jar	密閉サンプル瓶に入ったバジルの小枝
dust season	砂ぼこりの季節
dust season in 2 days	砂ぼこりの季節まであと2日
dust season in 3 days	砂ぼこりの季節まであと3日
dust season in 4 days	砂ぼこりの季節まであと4日
dust season in 5 days	砂ぼこりの季節まであと5日
dust season in 6 days	砂ぼこりの季節まであと6日
dust season in 7 days	砂ぼこりの季節まであと7日
dust season today	今日は砂ぼこりの季節
dust season tomorrow	明日は砂ぼこりの季節
the Aurora Night	オーロラの夜
the Aurora Night in 2 days	オーロラの夜まであと2日
the Aurora Night in 3 days	オーロラの夜まであと3日
the Aurora Night in 4 days	オーロラの夜まであと4日
the Aurora Night in 5 days	オーロラの夜まであと5日
the Aurora Night in 6 days	オーロラの夜まであと6日
the Aurora Night today	今日はオーロラの夜
the Aurora Night tomorrow	明日はオーロラの夜
the Chick Parade	ひなのパレード
the Chick Parade in 2 days	ひなのパレードまであと2日
the Chick Parade in 3 days	ひなのパレードまであと3日
the Chick Parade in 4 days	ひなのパレードまであと4日
the Chick Parade in 5 days	ひなのパレードまであと5日
the Chick Parade in 6 days	ひなのパレードまであと6日
the Chick Parade in 7 days	ひなのパレードまであと7日
the Chick Parade today	今日はひなのパレード
the Chick Parade tomorrow	明日はひなのパレード
the County Fair Pie Contest	郡のお祭りのパイコンテスト
the County Fair Pie Contest in 2 days	郡のお祭りのパイコンテストまであと2日
the County Fair Pie Contest in 3 days	郡のお祭りのパイコンテストまであと3日
the County Fair Pie Contest in 4 days	郡のお祭りのパイコンテストまであと4日
the County Fair Pie Contest in 5 days	郡のお祭りのパイコンテストまであと5日
the County Fair Pie Contest in 6 days	郡のお祭りのパイコンテストまであと6日
the County Fair Pie Contest in 7 days	郡のお祭りのパイコンテストまであと7日
the County Fair Pie Contest today	今日は郡のお祭りのパイコンテスト
the County Fair Pie Contest tomorrow	明日は郡のお祭りのパイコンテスト
the Homecoming Game	ホームカミングの試合
the Homecoming Game in 2 days	ホームカミングの試合まであと2日
the Homecoming Game in 3 days	ホームカミングの試合まであと3日
the Homecoming Game in 4 days	ホームカミングの試合まであと4日
the Homecoming Game in 5 days	ホームカミングの試合まであと5日
the Homecoming Game today	今日はホームカミングの試合
the Homecoming Game tomorrow	明日はホームカミングの試合
the New Year Countdown	新年のカウントダウン
the New Year Countdown in 2 days	新年のカウントダウンまであと2日
the New Year Countdown in 3 days	新年のカウントダウンまであと3日
the New Year Countdown in 4 days	新年のカウントダウンまであと4日
the New Year Countdown in 5 days	新年のカウントダウンまであと5日
the New Year Countdown in 6 days	新年のカウントダウンまであと6日
the New Year Countdown in 7 days	新年のカウントダウンまであと7日
the New Year Countdown today	今日は新年のカウントダウン
the New Year Countdown tomorrow	明日は新年のカウントダウン
the Roller Rink Night	ローラースケートの夜
the Roller Rink Night in 2 days	ローラースケートの夜まであと2日
the Roller Rink Night in 3 days	ローラースケートの夜まであと3日
the Roller Rink Night in 4 days	ローラースケートの夜まであと4日
the Roller Rink Night in 5 days	ローラースケートの夜まであと5日
the Roller Rink Night in 6 days	ローラースケートの夜まであと6日
the Roller Rink Night in 7 days	ローラースケートの夜まであと7日
the Roller Rink Night today	今日はローラースケートの夜
the Roller Rink Night tomorrow	明日はローラースケートの夜
the Rover Rally	ローバーラリー
the Rover Rally in 2 days	ローバーラリーまであと2日
the Rover Rally in 3 days	ローバーラリーまであと3日
the Rover Rally in 4 days	ローバーラリーまであと4日
the Rover Rally in 5 days	ローバーラリーまであと5日
the Rover Rally today	今日はローバーラリー
the Rover Rally tomorrow	明日はローバーラリー
the Slide Races	すべりっこレース
the Slide Races in 2 days	すべりっこレースまであと2日
the Slide Races in 3 days	すべりっこレースまであと3日
the Slide Races in 4 days	すべりっこレースまであと4日
the Slide Races in 5 days	すべりっこレースまであと5日
the Slide Races today	今日はすべりっこレース
the Slide Races tomorrow	明日はすべりっこレース
the Street Yard Sale	通りのガレージセール
the Street Yard Sale in 2 days	通りのガレージセールまであと2日
the Street Yard Sale in 3 days	通りのガレージセールまであと3日
the Street Yard Sale in 4 days	通りのガレージセールまであと4日
the Street Yard Sale in 5 days	通りのガレージセールまであと5日
the Street Yard Sale in 6 days	通りのガレージセールまであと6日
the Street Yard Sale in 7 days	通りのガレージセールまであと7日
the Street Yard Sale today	今日は通りのガレージセール
the Street Yard Sale tomorrow	明日は通りのガレージセール
the Sun's Return	太陽の帰還
the Sun's Return in 2 days	太陽の帰還まであと2日
the Sun's Return in 3 days	太陽の帰還まであと3日
the Sun's Return in 4 days	太陽の帰還まであと4日
the Sun's Return in 5 days	太陽の帰還まであと5日
the Sun's Return in 6 days	太陽の帰還まであと6日
the Sun's Return in 7 days	太陽の帰還まであと7日
the Sun's Return today	今日は太陽の帰還
the Sun's Return tomorrow	明日は太陽の帰還
the Year's Turn	年の変わり目
the Year's Turn in 2 days	年の変わり目まであと2日
the Year's Turn in 3 days	年の変わり目まであと3日
the Year's Turn in 4 days	年の変わり目まであと4日
the Year's Turn in 5 days	年の変わり目まであと5日
the Year's Turn in 6 days	年の変わり目まであと6日
the Year's Turn in 7 days	年の変わり目まであと7日
the Year's Turn today	今日は年の変わり目
the Year's Turn tomorrow	明日は年の変わり目
the cherry blossom	桜
the cherry blossom in 2 days	桜まであと2日
the cherry blossom in 3 days	桜まであと3日
the cherry blossom in 4 days	桜まであと4日
the cherry blossom in 5 days	桜まであと5日
the cherry blossom in 6 days	桜まであと6日
the cherry blossom in 7 days	桜まであと7日
the cherry blossom today	今日は桜
the cherry blossom tomorrow	明日は桜
the fireflies	ホタル
the fireflies in 2 days	ホタルまであと2日
the fireflies in 3 days	ホタルまであと3日
the fireflies in 4 days	ホタルまであと4日
the fireflies in 5 days	ホタルまであと5日
the fireflies in 6 days	ホタルまであと6日
the fireflies in 7 days	ホタルまであと7日
the fireflies today	今日はホタル
the fireflies tomorrow	明日はホタル
the first eggs	初めての卵
the first eggs in 2 days	初めての卵まであと2日
the first eggs in 3 days	初めての卵まであと3日
the first eggs in 4 days	初めての卵まであと4日
the first eggs in 5 days	初めての卵まであと5日
the first eggs in 6 days	初めての卵まであと6日
the first eggs in 7 days	初めての卵まであと7日
the first eggs today	今日は初めての卵
the first eggs tomorrow	明日は初めての卵
the first ice	初氷
the first ice in 2 days	初氷まであと2日
the first ice in 3 days	初氷まであと3日
the first ice in 4 days	初氷まであと4日
the first ice in 5 days	初氷まであと5日
the first ice in 6 days	初氷まであと6日
the first ice in 7 days	初氷まであと7日
the first ice today	今日は初氷
the first ice tomorrow	明日は初氷
the first snow	初雪
the first snow in 2 days	初雪まであと2日
the first snow in 3 days	初雪まであと3日
the first snow in 4 days	初雪まであと4日
the first snow in 5 days	初雪まであと5日
the first snow in 6 days	初雪まであと6日
the first snow in 7 days	初雪まであと7日
the first snow today	今日は初雪
the first snow tomorrow	明日は初雪
the first sprouts	最初の芽
the first sprouts in 2 days	最初の芽まであと2日
the first sprouts in 3 days	最初の芽まであと3日
the first sprouts in 4 days	最初の芽まであと4日
the first sprouts in 5 days	最初の芽まであと5日
the first sprouts in 6 days	最初の芽まであと6日
the first sprouts in 7 days	最初の芽まであと7日
the first sprouts today	今日は最初の芽
the first sprouts tomorrow	明日は最初の芽
the long night	長い夜
the long night in 2 days	長い夜まであと2日
the long night in 3 days	長い夜まであと3日
the long night in 4 days	長い夜まであと4日
the long night in 5 days	長い夜まであと5日
the long night in 6 days	長い夜まであと6日
the long night in 7 days	長い夜まであと7日
the long night today	今日は長い夜
the long night tomorrow	明日は長い夜
the longest sol	いちばん長いソル
the longest sol in 2 days	いちばん長いソルまであと2日
the longest sol in 3 days	いちばん長いソルまであと3日
the longest sol in 4 days	いちばん長いソルまであと4日
the longest sol in 5 days	いちばん長いソルまであと5日
the longest sol in 6 days	いちばん長いソルまであと6日
the longest sol in 7 days	いちばん長いソルまであと7日
the longest sol today	今日はいちばん長いソル
the longest sol tomorrow	明日はいちばん長いソル
the midnight sun	白夜
the midnight sun in 2 days	白夜まであと2日
the midnight sun in 3 days	白夜まであと3日
the midnight sun in 4 days	白夜まであと4日
the midnight sun in 5 days	白夜まであと5日
the midnight sun in 6 days	白夜まであと6日
the midnight sun in 7 days	白夜まであと7日
the midnight sun today	今日は白夜
the midnight sun tomorrow	明日は白夜
the molt	換羽
the molt in 2 days	換羽まであと2日
the molt in 3 days	換羽まであと3日
the molt in 4 days	換羽まであと4日
the molt in 5 days	換羽まであと5日
the molt in 6 days	換羽まであと6日
the molt in 7 days	換羽まであと7日
the molt today	今日は換羽
the molt tomorrow	明日は換羽
{name}	{name}
{name} admired my nest.	{name}が私の巣をほめてくれた。
{name} and I agreed the council talks too much, little one.	評議会はしゃべりすぎだって、{name}と意見が一致したよ、おちびさん。
{name} and I agreed the council talks too much.	評議会はしゃべりすぎだって、{name}と意見が一致したよ。
{name} and I aligned the mirror.	{name}と鏡の向きを合わせた。
{name} and I are building a telescope.	{name}と望遠鏡を作ってるんだ。
{name} and I aren't speaking.	{name}とは口をきいてないんだ。
{name} and I beat the last level of Donkey Kong!	{name}とドンキーコングの最終面をクリアした！
{name} and I counted the fish store.	{name}と魚の蓄えを数えた。
{name} and I counted the new shoots.	{name}と新芽を数えた。
{name} and I drove out to the lake.	{name}と車で湖まで行った。
{name} and I fell out over a borrowed cassette.	{name}とは借りたカセットのことでけんかしちゃった。
{name} and I fell out over a borrowed tool.	{name}とは借りた工具のことでけんかしちゃった。
{name} and I fell out over a broken Walkman.	{name}とは壊れたウォークマンのことでけんかしちゃった。
{name} and I fell out over a broken bridge span.	{name}とは壊れた橋桁のことでけんかしちゃった。
{name} and I fell out over a broken promise.	{name}とは破られた約束のことでけんかしちゃった。
{name} and I fell out over a cold shoulder.	{name}とは冷たくされたことでけんかしちゃった。
{name} and I fell out over a dent in the car.	{name}とは車のへこみのことでけんかしちゃった。
{name} and I fell out over a lost bet.	{name}とは負けた賭けのことでけんかしちゃった。
{name} and I fell out over a lost feather.	{name}とはなくした羽根のことでけんかしちゃった。
{name} and I fell out over a missed check-in.	{name}とはすっぽかした定時連絡のことでけんかしちゃった。
{name} and I fell out over a mixtape.	{name}とはミックステープのことでけんかしちゃった。
{name} and I fell out over a nest too close.	{name}とは近すぎる巣のことでけんかしちゃった。
{name} and I fell out over a party nobody mentioned.	{name}とは誰も教えてくれなかったパーティーのことでけんかしちゃった。
{name} and I fell out over a snowball.	{name}とは雪玉のことでけんかしちゃった。
{name} and I fell out over a squawk at the council.	{name}とは評議会でのギャーギャーのことでけんかしちゃった。
{name} and I fell out over a stolen pebble.	{name}とは盗まれた小石のことでけんかしちゃった。
{name} and I fell out over gossip at the diner.	{name}とはダイナーの噂話のことでけんかしちゃった。
{name} and I fell out over money for gas.	{name}とはガソリン代のことでけんかしちゃった。
{name} and I fell out over music in the common room.	{name}とは談話室の音楽のことでけんかしちゃった。
{name} and I fell out over the aurora vote.	{name}とはオーロラの投票のことでけんかしちゃった。
{name} and I fell out over the band's name.	{name}とはバンドの名前のことでけんかしちゃった。
{name} and I fell out over the best fishing hole.	{name}とはいちばんの漁場のことでけんかしちゃった。
{name} and I fell out over the chore rota.	{name}とは当番表のことでけんかしちゃった。
{name} and I fell out over the curfew.	{name}とは門限のことでけんかしちゃった。
{name} and I fell out over the greenhouse temperature.	{name}とは温室の温度のことでけんかしちゃった。
{name} and I fell out over the huddle order.	{name}とはハドルの順番のことでけんかしちゃった。
{name} and I fell out over the last chocolate bar.	{name}とは最後のチョコバーのことでけんかしちゃった。
{name} and I fell out over the last of the coffee.	{name}とは最後のコーヒーのことでけんかしちゃった。
{name} and I fell out over the last slice of pizza.	{name}とは最後のピザのことでけんかしちゃった。
{name} and I fell out over the message to Earth.	{name}とは地球へのメッセージのことでけんかしちゃった。
{name} and I fell out over the prom.	{name}とはプロムのことでけんかしちゃった。
{name} and I fell out over the rover schedule.	{name}とはローバーの予定のことでけんかしちゃった。
{name} and I fell out over the rover's mileage.	{name}とはローバーの走行距離のことでけんかしちゃった。
{name} and I fell out over the slide rules.	{name}とはすべり台の決まりのことでけんかしちゃった。
{name} and I fell out over the song verses.	{name}とは歌の歌詞のことでけんかしちゃった。
{name} and I fell out over the water ration.	{name}とは水の配給のことでけんかしちゃった。
{name} and I fell out over who called who.	{name}とはどっちが電話したかでけんかしちゃった。
{name} and I fell out over who left the airlock open.	{name}とは誰がエアロックを開けっぱなしにしたかでけんかしちゃった。
{name} and I fell out over who saw the seal first.	{name}とは誰が先にアザラシを見つけたかでけんかしちゃった。
{name} and I fell out over whose turn to keep watch.	{name}とは見張り当番のことでけんかしちゃった。
{name} and I filled the basket by noon.	{name}とお昼までにかごをいっぱいにした。
{name} and I had words over a borrowed cassette.	{name}と借りたカセットのことで言い争いになってね。
{name} and I had words over a borrowed tool.	{name}と借りた工具のことで言い争いになってね。
{name} and I had words over a brisk shoulder.	{name}とそっけない態度のことで言い争いになってね。
{name} and I had words over a broken Walkman.	{name}と壊れたウォークマンのことで言い争いになってね。
{name} and I had words over a broken bridge span.	{name}と壊れた橋桁のことで言い争いになってね。
{name} and I had words over a cold shoulder.	{name}と冷たくされたことで言い争いになってね。
{name} and I had words over a dent in the car.	{name}と車のへこみのことで言い争いになってね。
{name} and I had words over a joke that went too far.	{name}と度が過ぎた冗談のことで言い争いになってね。
{name} and I had words over a lost bet.	{name}と負けた賭けのことで言い争いになってね。
{name} and I had words over a lost feather.	{name}となくした羽根のことで言い争いになってね。
{name} and I had words over a missed check-in.	{name}とすっぽかした定時連絡のことで言い争いになってね。
{name} and I had words over a mixtape.	{name}とミックステープのことで言い争いになってね。
{name} and I had words over a nest too close.	{name}と近すぎる巣のことで言い争いになってね。
{name} and I had words over a offline promise.	{name}と破られた約束のことで言い争いになってね。
{name} and I had words over a party nobody mentioned.	{name}と誰も教えてくれなかったパーティーのことで言い争いになってね。
{name} and I had words over a snowball, little one.	{name}と雪玉のことで言い争いになってね、おちびさん。
{name} and I had words over a snowball.	{name}と雪玉のことで言い争いになってね。
{name} and I had words over a squawk at the council.	{name}と評議会でのギャーギャーのことで言い争いになってね。
{name} and I had words over a stolen pebble.	{name}と盗まれた小石のことで言い争いになってね。
{name} and I had words over dust in the quarters.	{name}と居室の砂ぼこりのことで言い争いになってね。
{name} and I had words over gossip at the diner.	{name}とダイナーの噂話のことで言い争いになってね。
{name} and I had words over music in the common room.	{name}と談話室の音楽のことで言い争いになってね。
{name} and I had words over the band's name.	{name}とバンドの名前のことで言い争いになってね。
{name} and I had words over the best fishing hole.	{name}といちばんの漁場のことで言い争いになってね。
{name} and I had words over the chore rota.	{name}と当番表のことで言い争いになってね。
{name} and I had words over the curfew.	{name}と門限のことで言い争いになってね。
{name} and I had words over the greenhouse temperature.	{name}と温室の温度のことで言い争いになってね。
{name} and I had words over the high score.	{name}とハイスコアのことで言い争いになってね。
{name} and I had words over the huddle order.	{name}とハドルの順番のことで言い争いになってね。
{name} and I had words over the last chocolate bar.	{name}と最後のチョコバーのことで言い争いになってね。
{name} and I had words over the last of the coffee.	{name}と最後のコーヒーのことで言い争いになってね。
{name} and I had words over the last slice of pizza.	{name}と最後のピザのことで言い争いになってね。
{name} and I had words over the message to Earth.	{name}と地球へのメッセージのことで言い争いになってね。
{name} and I had words over the radio playlist.	{name}とラジオの選曲のことで言い争いになってね。
{name} and I had words over the rover schedule, scout's honour.	{name}とローバーの予定のことで言い争いになってね、誓って。
{name} and I had words over the rover's mileage.	{name}とローバーの走行距離のことで言い争いになってね。
{name} and I had words over the slide rules.	{name}とすべり台の決まりのことで言い争いになってね。
{name} and I had words over the song verses.	{name}と歌の歌詞のことで言い争いになってね。
{name} and I had words over the water ration.	{name}と水の配給のことで言い争いになってね。
{name} and I had words over who called who, over and out.	{name}とどっちが電話したかで言い争いになってね、以上、交信終わり。
{name} and I had words over who called who.	{name}とどっちが電話したかで言い争いになってね。
{name} and I had words over who left the airlock open.	{name}と誰がエアロックを開けっぱなしにしたかで言い争いになってね。
{name} and I had words over who saw the seal first.	{name}と誰が先にアザラシを見つけたかで言い争いになってね。
{name} and I had words over whose turn to keep watch!	{name}と見張り当番のことで言い争いになってね！
{name} and I had words over whose turn to keep watch.	{name}と見張り当番のことで言い争いになってね。
{name} and I made a new slide.	{name}と新しいすべり台を作った。
{name} and I made up a new verse, fishy promise.	{name}と新しい歌詞を作ったよ、おさかなに誓って。
{name} and I made up a new verse.	{name}と新しい歌詞を作った。
{name} and I picked the beans.	{name}と豆を摘んだ。
{name} and I proposed a new fishing ground!	{name}と新しい漁場を提案したよ！
{name} and I proposed a new fishing ground, fishy promise.	{name}と新しい漁場を提案したよ、おさかなに誓って。
{name} and I proposed a new fishing ground.	{name}と新しい漁場を提案した。
{name} and I put new tyres on the old Ford.	{name}と古いフォードに新しいタイヤをつけた。
{name} and I raced to the ridge.	{name}と尾根まで競走した。
{name} and I resealed the airlock.	{name}とエアロックを密閉し直した。
{name} and I restocked everything at K-88 Radio, over and out.	{name}とK-88ラジオの在庫を全部補充した、以上、交信終わり。
{name} and I restocked everything at K-88 Radio.	{name}とK-88ラジオの在庫を全部補充した。
{name} and I restocked everything at Maple Arcade.	{name}とメイプル・アーケードの在庫を全部補充した。
{name} and I slid right into a snowbank.	{name}と雪の吹きだまりに突っこんじゃった。
{name} and I split a banana split, over and out.	{name}とバナナスプリットを半分こした、以上、交信終わり。
{name} and I split a banana split.	{name}とバナナスプリットを半分こした。
{name} and I stood in the middle of the huddle.	{name}とハドルの真ん中に立った。
{name} and I told the little ones about the old colony.	{name}とちびっ子たちに昔のコロニーの話をした。
{name} and I took phone-in requests till two.	{name}と二時までリクエストの電話を受けた。
{name} and I traced a leak for three hours.	{name}と三時間かけて漏れを突き止めた。
{name} and I trimmed every wick on the bridge.	{name}と橋のランプの芯を全部切りそろえた。
{name} and I won the vote about the new hole.	{name}と新しい穴についての投票に勝った。
{name} and I wrote a song.	{name}と歌を作った。
{name} and {other} fell out over a borrowed cassette	{name}と{other}は借りたカセットのことで仲たがいした
{name} and {other} fell out over a dent in the car	{name}と{other}は車のへこみのことで仲たがいした
{name} and {other} fell out over a missed check-in	{name}と{other}はすっぽかした定時連絡のことで仲たがいした
{name} and {other} fell out over a mixtape	{name}と{other}はミックステープのことで仲たがいした
{name} and {other} fell out over a nest too close	{name}と{other}は近すぎる巣のことで仲たがいした
{name} and {other} fell out over a squawk at the council	{name}と{other}は評議会でのギャーギャーのことで仲たがいした
{name} and {other} fell out over a stolen pebble	{name}と{other}は盗まれた小石のことで仲たがいした
{name} and {other} fell out over gossip at the diner	{name}と{other}はダイナーの噂話のことで仲たがいした
{name} and {other} fell out over money for gas	{name}と{other}はガソリン代のことで仲たがいした
{name} and {other} fell out over music in the common room	{name}と{other}は談話室の音楽のことで仲たがいした
{name} and {other} fell out over the chore rota	{name}と{other}は当番表のことで仲たがいした
{name} and {other} fell out over the huddle order	{name}と{other}はハドルの順番のことで仲たがいした
{name} and {other} fell out over the last chocolate bar	{name}と{other}は最後のチョコバーのことで仲たがいした
{name} and {other} fell out over the last of the coffee	{name}と{other}は最後のコーヒーのことで仲たがいした
{name} and {other} fell out over the prom	{name}と{other}はプロムのことで仲たがいした
{name} and {other} fell out over the radio playlist	{name}と{other}はラジオの選曲のことで仲たがいした
{name} and {other} fell out over the water ration	{name}と{other}は水の配給のことで仲たがいした
{name} and {other} fell out over who left the airlock open	{name}と{other}は誰がエアロックを開けっぱなしにしたかで仲たがいした
{name} and {other} fell out over whose turn to keep watch	{name}と{other}は見張り当番のことで仲たがいした
{name} asked a hundred questions.	{name}は質問を百個もした。
{name} ate it anyway.	{name}はそれでも食べた。
{name} ate one while we counted.	数えてる間に{name}がひとつ食べた。
{name} backed me.	{name}が味方してくれた。
{name} beat my high score.	{name}に私のハイスコアを抜かれた。
{name} books touring players through K-88 and gets the arcade written up beyond the neighborhood.	{name}はK-88を通して巡業の演奏家を呼び、アーケードを町の外でも評判にする。
{name} bought the Springsteen, you know?	{name}がスプリングスティーンを買ったよ、わかる？
{name} bought the Springsteen.	{name}がスプリングスティーンを買った。
{name} brings back something from the edge.	{name}は端から何かを持ち帰る。
{name} broke a string.	{name}が弦を切っちゃった。
{name} brought me a broken drill.	{name}が壊れたドリルを持ってきた。
{name} brought me a offline drill.	{name}が動かないドリルを持ってきた。
{name} brought me a sprat for it.	{name}がお礼にスプラットを持ってきてくれた。
{name} called in.	{name}が電話してきた。
{name} called.	{name}から電話。
{name} can catch fish by themselves now.	{name}はもうひとりで魚を捕れるんだ。
{name} can manage	{name}ならなんとかできる
{name} can moonwalk.	{name}はムーンウォークができるんだ。
{name} caught one.	{name}が一匹捕った。
{name} cheats at chess.	{name}はチェスでずるをするんだ。
{name} cheered, over and out.	{name}が歓声をあげた、以上、交信終わり。
{name} cheered.	{name}が歓声をあげた。
{name} copes.	{name}はなんとかやっていく。
{name} covers Ares Habitat for a day.	{name}が一日アレス居住区を受け持つ。
{name} covers Icebridge for a day.	{name}が一日アイスブリッジを受け持つ。
{name} covers Maple Arcade for a day.	{name}が一日メイプル・アーケードを受け持つ。
{name} crossed the bridge backwards.	{name}が橋を後ろ向きに渡っていった。
{name} crossed the bridge singing.	{name}が歌いながら橋を渡っていった。
{name} dared me to eat the Big Burger.	{name}にビッグバーガーを食べてみろってけしかけられた。
{name} did the dull half.	{name}が退屈なほうの半分をやってくれた。
{name} doesn't apologise.	{name}は謝らない。
{name} dove deeper than ever today.	{name}は今日、今までより深く潜った。
{name} drives Kestrel past the familiar ridge to the relay station for a replacement reclaimer.	{name}はケストレルで見慣れた尾根を越え、中継所まで代わりの再生装置を取りに行く。
{name} drives a hard bargain for a pebble.	{name}は小石ひとつでも手強く値切るんだ。
{name} dropped a lantern.	{name}がランタンを落としちゃった。
{name} drops everything.	{name}は何もかも放り出す。
{name} drove.	{name}が運転した。
{name} flag	{name}の旗
{name} found a fish scale in my feathers.	{name}が私の羽の中から魚のうろこを見つけた。
{name} found a record I hadn't heard.	{name}が聞いたことのないレコードを見つけてくれた。
{name} gave me a shiny pebble for two fish, little one.	{name}が魚二匹とぴかぴかの小石を交換してくれた、おちびさん。
{name} gave me a shiny pebble for two fish.	{name}が魚二匹とぴかぴかの小石を交換してくれた。
{name} gets K-88 to broadcast the arcade's story and pulls in backers from beyond the neighborhood.	{name}はK-88でアーケードの物語を放送させ、町の外から支援者を集める。
{name} goes out in it every day.	{name}は毎日その中へ出ていく。
{name} haggled me down on my own skateboard.	{name}に自分のスケボーを値切られちゃった。
{name} has something planned.	{name}が何か計画してる。
{name} has work of their own.	{name}にも自分の仕事がある。
{name} heard the seal is back.	{name}がアザラシが戻ってきたって聞いたんだって。
{name} held my hand on the rink.	{name}がスケート場で手を握ってくれた。
{name} held the ice while I carved.	彫ってる間、{name}が氷を押さえててくれた。
{name} helps dig it in beside Fish Vault.	{name}が魚の貯蔵庫のそばに埋めこむのを手伝う。
{name} helps dig it in beside Hydroponics Bay.	{name}が水耕ベイのそばに埋めこむのを手伝う。
{name} helps dig it in beside K-88 Radio.	{name}がK-88ラジオのそばに埋めこむのを手伝う。
{name} holds the other end.	{name}がもう片方の端を持つ。
{name} hummed the whole time, scout's honour.	{name}はずっと鼻歌を歌ってた、誓って。
{name} hummed the whole time.	{name}はずっと鼻歌を歌ってた。
{name} is a gem!	{name}は本当にいい人だよ！
{name} is a gem, fishy promise.	{name}は本当にいい人だよ、おさかなに誓って。
{name} is a gem, little one.	{name}は本当にいい人だよ、おちびさん。
{name} is a gem, no joke.	{name}は本当にいい人だよ、マジで。
{name} is a gem, over and out.	{name}は本当にいい人だよ、以上、交信終わり。
{name} is a gem, scout's honour.	{name}は本当にいい人だよ、誓って。
{name} is a gem, you know?	{name}は本当にいい人だよ、わかる？
{name} is a gem.	{name}は本当にいい人だよ。
{name} is glad.	{name}は喜んでる。
{name} is gone for days.	{name}は何日も帰ってこない。
{name} isn't.	{name}はそうじゃない。
{name} keeps watch alone.	{name}はひとりで見張りをする。
{name} kept us calm.	{name}がみんなを落ち着かせてくれた。
{name} kept watch while I slept.	私が寝てる間、{name}が見張っててくれた。
{name} knows every verse of the fish song!	{name}はおさかなの歌の歌詞を全部知ってるんだよ！
{name} knows every verse of the fish song.	{name}はおさかなの歌の歌詞を全部知ってる。
{name} knows the constellations now.	{name}はもう星座がわかるんだ。
{name} leans all the way into what Maple Street already is — the regulars, the tournaments, the names on the glass.	{name}はメイプル通りの今ある姿――常連たち、大会、ガラスに書かれた名前――にとことん寄り添う。
{name} learned to dive, and I heard it first!	{name}が潜れるようになったって、私が最初に聞いたんだよ！
{name} leaves Ares Habitat to find them.	{name}はふたりを探しにアレス居住区を出る。
{name} leaves Icebridge to find them.	{name}はふたりを探しにアイスブリッジを出る。
{name} leaves Maple Arcade to find them.	{name}はふたりを探しにメイプル・アーケードを出る。
{name} let me pick the records on air!	{name}が放送でレコードを選ばせてくれた！
{name} let me sleep in.	{name}が寝坊させてくれた。
{name} lets Dana rebuild Friday for the kids who are here now.	{name}はダナに、今ここにいる子どもたちのために金曜日を作り直させる。
{name} lets Sura rewrite the rites for a colony that never lost a span.	{name}はスーラに、橋桁を一度も失ったことのないコロニーのための儀式を書き直させる。
{name} lets {other} remake the routines for those born here.	{name}は{other}に、ここで生まれた人たちのための手順を作り直させる。
{name} lies awake.	{name}は眠れずにいる。
{name} made pancakes.	{name}がパンケーキを作ってくれた。
{name} makes supper by way of sorry.	{name}はおわびのしるしに夕食を作る。
{name} makes the trip.	{name}が出かけていく。
{name} marker	{name}の道しるべ
{name} organizes rides among the regulars themselves.	{name}は常連たち自身で車の相乗りを取りまとめる。
{name} owes me a drink.	{name}には一杯おごってもらう貸しがある。
{name} owes them one.	{name}はふたりに借りができた。
{name} paid me in pie.	{name}がパイで払ってくれた。
{name} plants a flag on it.	{name}がそこに旗を立てる。
{name} played a request for me.	{name}が私のリクエストをかけてくれた。
{name} played me songs from home.	{name}が故郷の歌をかけてくれた。
{name} puts the route on K-88 and packs the transit board's meeting with people from outside the neighborhood.	{name}はK-88でその路線を宣伝し、交通委員会の会合を町の外の人でいっぱいにする。
{name} quizzed me on history.	{name}が歴史の問題を出してくれた。
{name} ran the jukebox all night.	{name}が一晩じゅうジュークボックスを回してた。
{name} rebuilds the cracked span with packed snow and Icebridge's own hands, one moonrise at a time.	{name}は固めた雪とアイスブリッジのみんなの手で、月の出ごとに少しずつ割れた橋桁を建て直す。
{name} runs a neighborhood fundraiser to cover the new lease with the people who already show up.	{name}はいつも顔を出す人たちと町の募金を開き、新しい賃貸料をまかなう。
{name} said my feathers look splendid.	{name}が私の羽がすてきだって言ってくれた。
{name} says I stare at the horizon too much.	{name}に地平線を見つめすぎだって言われる。
{name} says it's a good look.	{name}が似合ってるって。
{name} says no.	{name}はだめだと言う。
{name} sets off.	{name}が出発する。
{name} sets off; {other} keeps Ares Habitat.	{name}が出発し、{other}がアレス居住区を守る。
{name} sets off; {other} keeps Icebridge.	{name}が出発し、{other}がアイスブリッジを守る。
{name} sets off; {other} keeps Maple Arcade.	{name}が出発し、{other}がメイプル・アーケードを守る。
{name} sleeps at Fish Vault for a while.	{name}はしばらく魚の貯蔵庫で寝泊まりする。
{name} sleeps at Hydroponics Bay for a while.	{name}はしばらく水耕ベイで寝泊まりする。
{name} sleeps at K-88 Radio for a while.	{name}はしばらくK-88ラジオで寝泊まりする。
{name} slid further than me.	{name}のほうが私より遠くまで滑った。
{name} spent all their quarters on Galaga.	{name}は二十五セント玉を全部ギャラガにつぎこんだ。
{name} spilled a milkshake on the till.	{name}がレジにミルクシェイクをこぼした。
{name} spotted a dust devil.	{name}がつむじ風を見つけた。
{name} stays in.	{name}は中にいる。
{name} stays out.	{name}は外にいる。
{name} stays, and talks all night.	{name}は残って、一晩じゅう話す。
{name} strips Kestrel's spare parts to rebuild the water reclaimer inside the habitat.	{name}はケストレルの予備部品を外し、居住区の中で水再生装置を作り直す。
{name} takes Ares off the schedule entirely and rebuilds the colony's routines around never being answered.	{name}はアレスを予定表から完全に外し、返事が来ないことを前提にコロニーの手順を組み直す。
{name} takes Kestrel past the far ridge to the relay station itself to learn what happened.	{name}はケストレルで遠くの尾根を越え、何があったのか中継所まで確かめに行く。
{name} takes Kestrel to the relay station and trades away Ares's margin for a season of proper filters.	{name}はケストレルで中継所へ行き、アレスの余裕と引き換えにひと季節分のちゃんとしたフィルターを手に入れる。
{name} takes an evening to write it.	{name}はひと晩かけてそれを書く。
{name} tasted it.	{name}が味見した。
{name} taught me a card game from home.	{name}が故郷のトランプ遊びを教えてくれた。
{name} teaches Dana the arcade's rules unchanged and steps back.	{name}はアーケードの決まりをそのままダナに教え、身を引く。
{name} teaches Sura the council's rites unchanged and steps back.	{name}は評議会の儀式をそのままスーラに教え、身を引く。
{name} teaches {other} the habits Ares built, unchanged, and steps back.	{name}はアレスで築いた習慣をそのまま{other}に教え、身を引く。
{name} told jokes in the huddle.	{name}がハドルで冗談を言ってた。
{name} told me all the colony news.	{name}がコロニーの知らせを全部教えてくれた。
{name} told the one about the whale.	{name}がクジラの話をしてくれた。
{name} took my queen in four moves.	{name}に四手でクイーンを取られた。
{name} turns Ares Habitat upside down.	{name}がアレス居住区をひっくり返すように探す。
{name} turns Icebridge upside down.	{name}がアイスブリッジをひっくり返すように探す。
{name} turns Maple Arcade upside down.	{name}がメイプル・アーケードをひっくり返すように探す。
{name} wants a salad.	{name}はサラダが食べたいって。
{name} was brave.	{name}は勇敢だった。
{name} will sort it.	{name}がなんとかするよ。
{name} won't like it.	{name}は気に入らないだろうね。
{name} won't wait.	{name}は待ってくれない。
{name} worries.	{name}は心配してる。
{name} writes it down.	{name}が書き留める。
{name}!	{name}！
{name}, a botanist from Phobos, asked to stay	フォボスから来た植物学者の{name}が、住まわせてほしいと頼んだ
{name}, a botanist from Phobos, wants a room.	フォボスから来た植物学者の{name}が、部屋を探してる。
{name}, a engineer from the Tharsis outpost, asked to stay	タルシス前哨基地から来た技術者の{name}が、住まわせてほしいと頼んだ
{name}, a engineer from the Tharsis outpost, wants a room.	タルシス前哨基地から来た技術者の{name}が、部屋を探してる。
{name}, a engineer from the last supply ship, asked to stay	前回の補給船で来た技術者の{name}が、住まわせてほしいと頼んだ
{name}, a engineer from the last supply ship, wants a room.	前回の補給船で来た技術者の{name}が、部屋を探してる。
{name}, a engineer from the orbital station, asked to stay	軌道ステーションから来た技術者の{name}が、住まわせてほしいと頼んだ
{name}, a engineer from the orbital station, wants a room.	軌道ステーションから来た技術者の{name}が、部屋を探してる。
{name}, a fisher from the far floe, asked to stay	遠くの浮氷から来た漁師の{name}が、住まわせてほしいと頼んだ
{name}, a fisher from the far floe, wants a room.	遠くの浮氷から来た漁師の{name}が、部屋を探してる。
{name}, a guitarist from the army base, asked to stay	陸軍基地から来たギタリストの{name}が、住まわせてほしいと頼んだ
{name}, a guitarist from the army base, wants a room.	陸軍基地から来たギタリストの{name}が、部屋を探してる。
{name}, a ice carver from the old colony, asked to stay	昔のコロニーから来た氷彫刻師の{name}が、住まわせてほしいと頼んだ
{name}, a ice carver from the old colony, wants a room.	昔のコロニーから来た氷彫刻師の{name}が、部屋を探してる。
{name}, a lantern tender from the south shelf, asked to stay	南の棚氷から来たランタン番の{name}が、住まわせてほしいと頼んだ
{name}, a lantern tender from the south shelf, wants a room.	南の棚氷から来たランタン番の{name}が、部屋を探してる。
{name}, a lantern tender from the whale road, asked to stay	クジラの道から来たランタン番の{name}が、住まわせてほしいと頼んだ
{name}, a lantern tender from the whale road, wants a room.	クジラの道から来たランタン番の{name}が、部屋を探してる。
{name}, a paper-route kid from the next town over, asked to stay	隣町から来た新聞配達の子の{name}が、住まわせてほしいと頼んだ
{name}, a paper-route kid from the next town over, wants a room.	隣町から来た新聞配達の子の{name}が、部屋を探してる。
{name}, a pilot from Phobos, asked to stay	フォボスから来たパイロットの{name}が、住まわせてほしいと頼んだ
{name}, a pilot from Phobos, wants a room.	フォボスから来たパイロットの{name}が、部屋を探してる。
{name}, a substitute teacher from the next town over, asked to stay	隣町から来た代用教員の{name}が、住まわせてほしいと頼んだ
{name}, a substitute teacher from the next town over, wants a room.	隣町から来た代用教員の{name}が、部屋を探してる。
{system} reads {reading}.	{system}は{reading}。
{crop}: {growth}.	{crop}：{growth}。
Scrubber two	スクラバー2
The water loop	水循環
Hull seal four	船体シール4
The heat pump	ヒートポンプ
Airlock B	エアロックB
The battery bank	バッテリーバンク
green	正常値
a hair low	ほんの少し低い
a touch warm	ちょっと高め
steady	安定
Dwarf wheat	矮性小麦
Beans	豆
Tomatoes	トマト
Lettuce	レタス
Basil	バジル
two new shoots	新芽がふたつ
roots look good	根は順調
leaves yellowing	葉が黄ばんできた
flowering early	早くも花が咲いた
Tomas wants a salad.	トマスはサラダが食べたいって。
Hear it?	聞こえる？
That's good air.	いい空気だよ。
Another sol, then.	じゃあ、また次のソルに。
Door's open.	扉は開いてるよ。
Thank you.	ありがとう。
Between us.	ここだけの話。
Maybe I'll say it at the briefing.	ブリーフィングで言ってみようかな。
First tomato of the season.	今季初めてのトマト。
Come and see.	見に来て。
I haven't told anyone.	誰にも言ってないんだ。
Smell it.	においをかいでみて。
That's Earth.	地球のにおいだよ。
I'll save you a slice.	ひと切れ取っておくね。
Anything in the habitat you need fixed goes to the top of my list.	居住区で直してほしいものがあったら、いちばんに片づけるよ。
Consider it done.	任せて。
Top of the list.	最優先でね。
Standing order.	ずっと有効だよ。
Grew this for you, leaf by leaf: {keepsake}.	一枚一枚葉を育てて、あなたのために作ったの。{keepsake}。
Water it once a sol.	水やりは一ソルに一回ね。
Put it in the light.	明るいところに置いて。
It'll thrive.	すくすく育つよ。
no joke.	マジで。
scout's honour.	誓って。
Took Kestrel to {where} {when}.	{when}ケストレルで{where}へ。
Kestrel's {part} is {state}.	ケストレルの{part}が{state}。
Next sol I'm heading for {goal}.	次のソルは{goal}に向かうよ。
the north ridge	北の尾根
the dry riverbed	干上がった川床
Crater Six	クレーター6
the dune field	砂丘地帯
the old lander	古い着陸機
at dawn	夜明けに
before lunch	お昼前に
on a hunch	勘を頼りに
Nobody's been. Ever.	誰も行ったことがない。一度も。
Battery held. Barely.	バッテリーはもった。ぎりぎりね。
Old tracks. Mine.	古い轍。私のだ。
left wheel	左の車輪
antenna	アンテナ
battery	バッテリー
dust filter	防塵フィルター
rattling	がたがたいってる
acting up	調子がおかしい
better than new	新品以上
Nia will sort it.	ニアがなんとかしてくれる。
Don't tell Nia.	ニアには内緒ね。
the far canyon	遠くの峡谷
the ice cliffs	氷の崖
Olympus	オリンポス山
the dark dunes	黒い砂丘
the unnamed ridge	名前のない尾根
Nia says no. I say yes.	ニアはだめって言う。私は行くって言う。
Back by supper. Ish.	夕飯までには戻るよ。たぶんね。
Best seat on Mars.	火星でいちばんの特等席。
Offer's open.	いつでも声かけて。
Kestrel waits.	ケストレルが待ってる。
Thanks.	ありがと。
Never said that to anyone.	誰にも言ったことないんだ。
Maybe I'll stay in more.	もう少し中にいるようにしようかな。
Maybe.	たぶんね。
Ride out with me at dawn.	夜明けに一緒に走りに出よう。
Crater Six.	クレーター6まで。
I'll drive slow.	ゆっくり運転するから。
Hold on!	つかまって！
There's the rim!	ほら、縁が見えた！
Next dawn, then.	じゃあ、次の夜明けに。
I'll keep a seat.	席は取っておくよ。
Need anything from past the ridge?	尾根の向こうから何か持ってこようか？
I'll fetch it.	取ってくるよ。
Any distance.	どんなに遠くても。
Back before dark.	暗くなる前に戻る。
Promise.	約束する。
Say the word and I'm rolling.	ひと声かけてくれたら、すぐ走り出すよ。
Picked this up the first sol I drove out.	初めて走りに出たソルに拾ったんだ。
It's yours: {keepsake}.	あなたにあげる。{keepsake}。
Take it out there sometime.	いつか外に持っていってあげて。
Put it on the shelf.	棚に飾っておいて。
Let it rest.	休ませてあげて。
you know?	わかる？
Locked the arcade at {hour}.	{hour}にアーケードを閉めた。
{subject} exam {day}.	{day}{subject}の試験。
Rode Night Bus 6 home {how}.	{how}夜行バス6番で帰った。
midnight	真夜中
one	一時
one-thirty	一時半
two	二
Old Dunn let me keep the tips.	ダンじいさんがチップを取っておいていいって。
Max played a request for me.	マックスが私のリクエストをかけてくれた。
Biology	生物
Chemistry	化学
History	歴史
Calculus	微積分
French	フランス語
Spanish	スペイン語
on Monday	月曜に
on Friday	金曜に
tomorrow	明日
next week	来週
with my notes	ノートを抱えて
half asleep	半分寝ながら
in the rain	雨の中、
Read a whole chapter.	一章まるごと読んだよ。
The lights are pretty this late.	こんな夜遅くの明かりってきれいだね。
Another night, then.	じゃあ、また別の夜に。
Stool's yours.	その椅子、あなたのだよ。
I feel lighter already.	もう気が楽になった。
Maybe I'll tell Mom.	ママに話してみようかな。
Ride the last bus with me.	一緒に終バスに乗ろうよ。
The whole loop.	ぐるっと一周。
It's nicer than it sounds.	聞こえるよりずっといいんだよ。
Told you.	言ったでしょ。
Maple Street at two a.m.	午前二時のメイプル通り。
Next time.	じゃあ、次にね。
I'll save you the window.	窓際の席、取っておくね。
You helped me study.	勉強、手伝ってくれたよね。
Let me help you with anything.	何でも手伝わせてよ。
I mean it.	本気だよ。
Write it on my hand.	手に書いておいて。
I won't forget.	忘れないから。
Offer's good all semester.	今学期ずっと有効だからね。
I won this with my last token.	最後のトークンで取ったんだ。
Look after it for me.	私の代わりに大事にしてね。
Put it on your shelf.	棚に飾っておいて。
It brightens things.	部屋が明るくなるよ。
over and out.	以上、交信終わり。
Spun {song} {slot}.	{slot}{song}をかけた。
{caller} rang about {about}.	{caller}から、{about}の電話。
Mixtape for {whom}: side A is {side}.	{whom}のためのミックステープ：A面は{side}。
a slow one	スローな曲
the Top 40 countdown	トップ40のカウントダウン
a Springsteen B-side	スプリングスティーンのB面
three ballads in a row	バラードを三曲続けて
an oldie for Mrs K	Kさんの奥さんのための懐メロ
a surf tune	サーフミュージック
at midnight	真夜中に
late	遅い時間に
on air	放送で
One caller. My mom.	電話はひとりだけ。うちのママ。
Lena called in.	レナが電話してきた。
A trucker	トラック運転手
Some kid	どこかの子
A night nurse	夜勤の看護師
A laundromat guy	コインランドリーの男の人
a lost dog	迷子の犬
a first date	初デートの相談
the weather	天気
a nameless song	題名のわからない歌
the bus driver	バスの運転手さん
my sister	妹
all love songs	ラブソングばかり
pure synth	シンセ一色
songs to study to	勉強用の曲
loud	うるさいやつ
Say hi to Maple Street!	メイプル通りにあいさつして！
Booth's open any night.	ブースはいつの夜でも空いてるよ。
Thanks, pal.	ありがとな、相棒。
That means a lot.	すごくうれしいよ。
Maybe I'll turn the dial down.	ボリュームを少し下げてみようかな。
Sometimes.	ときどきはね。
Late show, Friday.	金曜の深夜番組。
Co-host with me.	一緒に司会をやろうよ。
We'll take requests till dawn.	夜明けまでリクエストを受けよう。
We're on in three, two...	本番まで三、二……
I'll dedicate one to you anyway.	とにかく一曲捧げるよ。
Need a song played for someone?	誰かに曲をかけてほしい？
Name it.	言ってごらん。
I'll spin it on air.	放送でかけるよ。
Consider it dedicated.	もう捧げたも同然だよ。
The request line's always open.	リクエストの電話はいつでも受けつけ中。
Made you this.	これ、作ったんだ。
Side A is all you: {keepsake}.	A面は全部あなたの曲。{keepsake}。
Play it loud.	大音量で聴いてね。
Play it for the whole street!	通りじゅうに聴かせてあげて！
little one.	おちびさん。
Crossed the {span} span at {time}.	{time}に{span}橋桁を渡った。
{who} crossed the bridge {how}.	{who}が橋を{how}渡っていった。
Mended a span with {stuff}.	{stuff}で橋桁を直した。
first	最初の
second	二つ目の
long	長い
new	新しい
moonrise	月の出
first light	夜明け
low tide	干潮
dusk	夕暮れ
Three chicks	ひなが三羽
A lost gull	迷子のカモメ
on tiptoe	つま先立ちで
backwards	後ろ向きに
in a rush	大急ぎで
singing	歌って
snow bricks	雪のれんが
driftwood	流木
packed ice	固めた氷
Miri brought me a sprat for it.	ミリがお礼にスプラットを持ってきてくれた。
Slow and deep, like a huddle.	ハドルみたいに、ゆっくり深く。
It breathes all night.	一晩じゅう息をしてるの。
Come later.	あとで来て。
It feels smaller now.	今は小さく感じるよ。
Maybe I'll tell the council one day.	いつか評議会で話してみようかな。
At moonrise the ice glows blue.	月の出のころ、氷が青く光るの。
Cross the bridge with me tonight?	今夜、一緒に橋を渡らない？
Blue all the way down.	底までずっと青いんだよ。
The moon rises again tomorrow.	月は明日もまた昇るよ。
If the ice ever gives way under you, I'll be there.	もし足元の氷が割れたら、私が駆けつけるから。
Keeper's promise.	橋守の約束。
Sealed.	封印したよ。
The promise keeps.	約束は守られる。
Like good ice.	いい氷みたいにね。
I've kept this since I built the first span.	最初の橋桁を造ったときから持ってたんだ。
Now it's yours: {keepsake}.	今度はあなたのものだよ。{keepsake}。
Keep it cool.	冷たいところに置いてね。
It likes that.	そのほうが喜ぶから。
Show it to the little ones.	ちびっ子たちに見せてあげて。
fishy promise.	おさかなに誓って。
{count} {fish} in the vault.	貯蔵庫に{fish}が{count}。
Aurora Council {did} over {topic}.	オーロラ評議会で{topic}をめぐって{did}。
Off to {where} next moon.	次の月は{where}へ。
{gossip}, and I heard it first!	{gossip}って、私が最初に聞いたんだよ！
Forty	四十
Ninety-nine	九十九
A hundred and six	百六
Twelve	十二
herring	ニシン
sprats	スプラット
silverfish	シルバーフィッシュ
krill cakes	オキアミケーキ
squawked	ギャーギャー言い合った
voted	投票した
argued	議論になった
the fishing holes	漁場
the huddle order	ハドルの順番
the new slide	新しいすべり台
the moon feast	月の宴
Piko kept us calm.	ピコがみんなを落ち着かせてくれた。
the far floe	遠くの浮氷
the south shelf	南の棚氷
the whale road	クジラの道
the big berg	大きな氷山
Old Uko has a new pebble	ウコじいさんが新しい小石を手に入れた
The seal is back	アザラシが戻ってきた
Pip slid right into the vault	ピップが貯蔵庫にすべりこんだ
The gulls are plotting	カモメたちが何か企んでる
The moon feast is early	月の宴が早まった
Kiki learned to dive	キキが潜れるようになった
Good, isn't it?	いいでしょ？
Best in the vault!	貯蔵庫でいちばんだよ！
More for me, then!	じゃあ、私がもらっちゃう！
I feel warmer already.	もう体がぽかぽかしてきた。
Maybe I'll say it at a huddle.	ハドルで話してみようかな。
Slide down the big slope with me!	一緒に大きな坂をすべろう！
At moonrise!	月の出のころに！
Say yes!	うんって言って！
Wheee!	わーい！
Again, again!	もう一回、もう一回！
Next moon, then.	じゃあ、次の月に。
I'm holding you to it!	約束だからね！
You'll never go hungry while I keep the vault.	私が貯蔵庫を守ってる限り、あなたはおなかをすかせたりしないよ。
Not ever.	絶対に。
First pick, always.	いつでも一番に選んでいいよ。
Keeper's word.	番人の約束。
Your fish is waiting.	あなたの魚が待ってるよ。
Whenever.	いつでもどうぞ。
I've never given this to anyone: {keepsake}.	これ、誰にもあげたことないんだ。{keepsake}。
Now it's yours!	もうあなたのものだよ！
Wear it to the aurora!	オーロラのときに身につけてね！
Show everyone!	みんなに見せて！
Say Miri gave it!	ミリがくれたって言ってね！
Opening the Fish Vault for the Huddle Feast.	ハドルの宴のために魚の貯蔵庫を開けるよ。
Signal Night	信号の夜
{} in {days} days	{}まであと{days}日
Walked the survey line out to the old beacon and back.	古いビーコンまで測量線を歩いて往復した。
Took readings at the dune field.	砂丘地帯で測定した。
The wind moved my markers.	風で目印が動いちゃった。
Surveyed the far slope.	遠い斜面を測量した。
Nothing but rock and more rock.	岩、岩、また岩。
{name} dropped off a cracked visor.	{name}がひびの入ったバイザーを置いていった。
Good as new.	新品同様。
{name} and I fixed the winch on the rover.	{name}とローバーのウインチを直した。
It only took all sol.	たったの一ソルがかりだったよ。
{name} needed a hinge fixed.	{name}にちょうつがいの修理を頼まれた。
Took five minutes, and an hour of chat.	五分で済んだけど、おしゃべりは一時間。
Napped on the airlock bench.	エアロックのベンチで昼寝した。
Don't tell anyone.	誰にも言わないでね。
Woke up before the alarm for once.	珍しくアラームより先に起きた。
Earplugs in, blanket up.	耳栓をして、毛布をかぶって。
Bliss.	至福だね。
Counted the stars over the ridge.	尾根の上の星を数えた。
Lost count.	わからなくなっちゃった。
The dust settled and the sky went pink.	砂ぼこりがおさまって、空がピンクになった。
{name} and I repotted the seedlings.	{name}と苗を植え替えた。
Dirt everywhere.	そこらじゅう土だらけ。
Trimmed the vines.	つるを刈りこんだ。
The greenhouse smells like summer.	温室が夏のにおいがする。
{name} knows every song on the old tapes.	{name}は古いテープの曲を全部知ってるんだ。
Turned the music up.	音楽の音量を上げた。
Nobody complained.	誰も文句を言わなかった。
{name} and I shared the last of the chocolate.	{name}と最後のチョコを分け合った。
Long supper, longer stories.	長い夕食、もっと長い話。
{name} and I played until the lights dimmed.	明かりが暗くなるまで{name}とゲームしてた。
A draw.	引き分け。
Lost at chess again.	またチェスで負けた。
I blame the gravity.	重力のせいだよ。
Sent Earth a picture of the sunset.	地球に夕焼けの写真を送った。
Waited all sol for a reply.	一ソルじゅう返事を待ってた。
Worth it.	やった甲斐があった。
{name} and I sat on the rim and said nothing for an hour.	{name}とクレーターの縁に座って、一時間何も話さなかった。
Found our old boot prints on the rim.	縁で昔のふたりの足跡を見つけた。
Still there.	まだ残ってた。
{name} fixed the pump alone today.	今日は{name}がひとりでポンプを直した。
I taught them that!	私が教えたんだよ！
{name} learned the airlock drill.	{name}がエアロックの手順を覚えた。
Perfect first time.	一回で完璧。
{name} and I ground the lens a little finer.	{name}とレンズをもう少し細かく磨いた。
The telescope's nearly done.	望遠鏡はもうすぐ完成。
One more screw.	あとねじ一本。
A meeting hall	集会所
the meeting hall	集会所
{name} wants a hall where everyone can meet	{name}がみんなで集まれる集会所をほしがっている
Somewhere we can all fit at once.	みんないっぺんに入れる場所がほしいんだ。
A store for the lean months	乏しい月のための貯蔵庫
the store for the lean months	乏しい月のための貯蔵庫
{name} wants a store for the lean months	{name}が乏しい月のための貯蔵庫をほしがっている
Put by now and nobody goes short later.	今のうちに蓄えておけば、あとで誰も困らないよ。
A lookout	見張り台
the lookout	見張り台
{name} wants a lookout over the far side	{name}が向こう側を見渡す見張り台をほしがっている
I want to see what's coming before it comes.	来る前に、何が来るのか見たいんだ。
A workshop	作業場
the workshop	作業場
{name} wants a workshop to mend things in	{name}がものを直すための作業場をほしがっている
Everything breaks.	何だって壊れるからね。
Let's have somewhere to fix it.	直せる場所を作ろうよ。
A schoolroom	教室
the schoolroom	教室
{name} wants a room to teach the young ones in	{name}がちびっ子たちに教える部屋をほしがっている
They should know how this place began.	ここがどうやって始まったか、知っておくべきだよ。
A long table for everyone	みんなの長いテーブル
the long table for everyone	みんなの長いテーブル
{name} wants a table long enough for everyone	{name}がみんなが座れる長いテーブルをほしがっている
One meal, all of us, once a week.	週に一度、みんなで一緒にご飯を。
Lights along the path	小道沿いの明かり
the lights along the path	小道沿いの明かり
{name} wants lights along the path	{name}が小道沿いに明かりをほしがっている
Nobody should walk home in the dark.	暗い中を歩いて帰る人がいちゃいけないよ。
A stone for the first days	最初の日々の記念石
the stone for the first days	最初の日々の記念石
{name} wants a stone to mark the first days	{name}が最初の日々を記念する石をほしがっている
So nobody forgets how we started.	どうやって始まったか、誰も忘れないようにね。
Mend {x}	{x}を直す
It's time to mend {x}	{x}を直す時期だ
A few repairs and {x} is good as new.	少し修理すれば、{x}は新品同様だよ。
Decorate {x}	{x}を飾る
{x} could do with some colour	{x}にちょっと彩りがほしい
A bit of colour and {x} will feel like ours.	少し彩りを足せば、{x}も私たちのものって感じになるよ。
Give it the day	一日かける
Everyone lends a hand.	みんなで手を貸す。
Another day, then.	じゃあ、また別の日に。
{name} took over the greenhouse from {other}	{name}が{other}から温室を引き継いだ
The wheat is mine now. I've named every plant.	今は小麦は私の担当。一本一本に名前をつけたんだ。
The relay crew rotated, and {name} stayed on	中継班が交代し、{name}は残った
The shuttle went back without me. On purpose.	シャトルは私を乗せずに帰ったよ。わざとね。
The arcade changed hands, and {name} got the keys	アーケードの持ち主が替わり、{name}が鍵を受け取った
My name's on the lease. My name! On a lease!	賃貸契約書に私の名前が。私の名前だよ！契約書に！
{name}'s kid started at the high school	{name}の子が高校に入った
First day of high school. The kid wore my old jacket.	高校の初日。あの子、私の古いジャケットを着ていったよ。
{name} started at the high school	{name}が高校に入った
High school! I'm keeping the paper route, though.	高校だ！でも新聞配達は続けるよ。
{name} fledged, and swims with the grown-ups now	{name}は巣立ち、今では大人たちと泳いでいる
Real feathers! No more fluff!	本物の羽だ！もうふわふわじゃない！
The first chick of the year fledged	今年最初のひなが巣立った
One of the little ones swam out today. Didn't even look back.	ちびっ子のひとりが今日泳ぎに出たよ。振り返りもしなかった。
{name} passed the lantern on to {other}	{name}はランタンを{other}に託した
Keep it lit. It's heavier than it looks.	灯を絶やさないで。見た目より重いよ。
The habitat chose a new sol for its year: {festival}	居住区は一年の暦に新しいソルを加えた：{festival}
After the year we've had, we've earned {festival}.	こんな一年だったんだから、{festival}くらいあってもいいよね。
Maple Street picked a new night for its year: {festival}	メイプル通りは一年の暦に新しい夜を加えた：{festival}
After the year we've had? We need {festival}.	こんな一年だったんだよ？{festival}が必要だよ。
The colony chose a new day for its year: {festival}	コロニーは一年の暦に新しい日を加えた：{festival}
After such a year, the colony wants {festival}.	こんな一年のあとだもの、コロニーは{festival}がほしいんだ。
Makers' Sol	作り手のソル
Makers' Sol is {days} sols off.	作り手のソルまであと{days}ソル。
Everyone's polishing what they built.	みんな自分が作ったものを磨いてるよ。
Makers' Sol soon.	もうすぐ作り手のソル。
I've buffed every weld twice.	溶接跡を全部二回ずつ磨いたよ。
The whole habitat toured everything built this year on Makers' Sol	作り手のソル、居住区じゅうの人が今年できたものを見て回った
The habitat kept Makers' Sol	居住区で作り手のソルが祝われた
Makers' Sol came, and only Nia went round the works	作り手のソルが来たが、工事の跡を見て回ったのはニアだけだった
Look what we built, out here!	見て、こんなところでこれだけ造ったんだよ！
Not bad for a tin can on a red rock.	赤い岩の上のブリキ缶にしては悪くないね。
Just me and my wrench, then.	じゃあ、私とレンチだけか。
the Greenhouse Fair	温室の品評会
The Greenhouse Fair is {days} sols away.	温室の品評会まであと{days}ソル。
Everyone's fussing over their seedlings.	みんな苗の世話に夢中だよ。
Greenhouse Fair soon.	もうすぐ温室の品評会。
My tomatoes had better behave.	うちのトマトにはおとなしくしててほしいな。
Everyone brought the best of the greenhouse to the Greenhouse Fair	温室の品評会に、みんなが温室の自慢の作物を持ち寄った
The habitat held its Greenhouse Fair	居住区で温室の品評会が開かれた
The Greenhouse Fair was one radish and a lot of dust	温室の品評会は、ラディッシュ一本とたっぷりの砂ぼこりだけだった
Biggest tomato on Mars!	火星でいちばん大きなトマト！
A fair crop, for red dirt.	赤い土にしては、なかなかの出来だね。
Next year, then.	じゃあ、来年だね。
the Long Supper	長い夕食会
The Long Supper is {days} sols away.	長い夕食会まであと{days}ソル。
Bring a dish, bring a crewmate.	料理を一品と、仲間を連れてきてね。
Long Supper soon.	もうすぐ長い夕食会。
I've borrowed every chair in the habitat.	居住区じゅうの椅子を借りてきたよ。
The whole habitat ate together at the Long Supper	長い夕食会で、居住区じゅうの人が一緒に食事をした
The habitat had its Long Supper	居住区で長い夕食会が開かれた
The Long Supper was a few of us and a lot of empty chairs	長い夕食会は、数人とたくさんの空いた椅子だけだった
Never seen so many friends round one table.	ひとつのテーブルにこんなに友だちが集まるなんて。
Good stew, good people.	おいしいシチューに、いい人たち。
More stew for us, I suppose.	じゃあ、シチューは私たちで多めにいただこうか。
the Rim Run	縁のランニング
The Rim Run is {days} sols away.	縁のランニングまであと{days}ソル。
Suits are being patched.	宇宙服の継ぎ当て中だよ。
Rim Run soon.	もうすぐ縁のランニング。
I'll beat my own time this year.	今年は自己ベストを更新するよ。
Everyone in the colony ran the crater rim in the Rim Run	縁のランニングで、コロニーのみんながクレーターの縁を走った
The habitat held its Rim Run	居住区で縁のランニングが開かれた
The Rim Run was one runner and a lot of dust	縁のランニングは、ランナーひとりとたっぷりの砂ぼこりだけだった
Round the rim and home first!	縁を一周して一番でゴール！
A good run, that.	いい走りだった。
Well, somebody had to win.	まあ、誰かが勝たなきゃね。
Fix-Up Day	修繕デー
Fix-Up Day is {days} nights off.	修繕デーまであと{days}夜。
Everyone's showing off what they fixed up.	みんな自分が直したものを見せびらかしてるよ。
Fix-Up Day soon.	もうすぐ修繕デー。
I've painted the fence twice.	柵を二回塗っちゃった。
The whole street came out on Fix-Up Day to see what got built this year	修繕デー、通りじゅうの人が今年できたものを見に出てきた
Maple Street kept Fix-Up Day	メイプル通りで修繕デーが祝われた
Fix-Up Day was a card table and a boombox	修繕デーは、トランプ用のテーブルとラジカセだけだった
Look at this street. We did that!	この通りを見て。私たちがやったんだよ！
Not bad for one little street.	小さな通りにしては悪くないね。
Just me and the boombox, then.	じゃあ、私とラジカセだけか。
the Garden Show	ガーデンショー
The Garden Show is {days} nights away.	ガーデンショーまであと{days}夜。
Everyone's watering after dark.	みんな暗くなってから水やりしてるよ。
Garden Show soon.	もうすぐガーデンショー。
My zucchini had better behave.	うちのズッキーニにはおとなしくしててほしいな。
Every backyard on Maple Street showed off at the Garden Show	メイプル通りの裏庭という裏庭がガーデンショーで自慢の作物を披露した
Maple Street held its Garden Show	メイプル通りでガーデンショーが開かれた
The Garden Show was two tomatoes and a lawn chair	ガーデンショーは、トマト二個と折りたたみ椅子だけだった
Biggest zucchini in the county!	郡でいちばん大きなズッキーニ！
A decent showing.	まずまずの出来だね。
the Potluck	持ち寄りパーティー
The Potluck is {days} nights away.	持ち寄りパーティーまであと{days}夜。
Bring a dish, bring a friend.	料理を一品と、友だちを連れてきてね。
Potluck soon.	もうすぐ持ち寄りパーティー。
I'm making my mom's casserole.	ママのキャセロールを作るんだ。
The whole street ate together at the Potluck	持ち寄りパーティーで、通りじゅうの人が一緒に食事をした
Maple Street had its Potluck	メイプル通りで持ち寄りパーティーが開かれた
The Potluck was a few of us and a lot of casserole	持ち寄りパーティーは、数人とたっぷりのキャセロールだけだった
Never seen so many friends at one table.	ひとつのテーブルにこんなに友だちが集まるなんて。
Good food, good people.	おいしい料理に、いい人たち。
More casserole for us, I guess.	じゃあ、キャセロールは私たちで多めにいただこうか。
the Bike Race	自転車レース
The Bike Race is {days} nights off.	自転車レースまであと{days}夜。
Everyone's oiling their chains.	みんなチェーンに油をさしてるよ。
Bike Race soon.	もうすぐ自転車レース。
I'm going to win this year.	今年は絶対勝つよ。
Every bike on Maple Street raced round the block	メイプル通りじゅうの自転車がブロックを一周して競った
Maple Street held its Bike Race	メイプル通りで自転車レースが開かれた
The Bike Race was two bikes and a flat tire	自転車レースは、自転車二台とパンクしたタイヤだけだった
Round the block and home first!	ブロックを一周して一番でゴール！
A good race, that.	いいレースだった。
Carving Day	彫刻の日
Carving Day is {days} auroras off.	彫刻の日まであと{days}オーロラ。
Carving Day soon.	もうすぐ彫刻の日。
I've smoothed every span of the bridge.	橋の橋桁を全部なめらかにしたよ。
The whole colony waddled round everything built this year on Carving Day	彫刻の日、コロニーじゅうのペンギンが今年できたものをよちよち見て回った
The colony kept Carving Day	コロニーで彫刻の日が祝われた
Carving Day came, and only Piko went round the works	彫刻の日が来たが、工事の跡を見て回ったのはピコだけだった
Look what we made, all of us!	見て、みんなで作ったんだよ！
Not bad for a floe.	浮氷にしては悪くないね。
Just me and my beak, then.	じゃあ、私とくちばしだけか。
the Kelp Fair	昆布の品評会
The Kelp Fair is {days} auroras away.	昆布の品評会まであと{days}オーロラ。
Everyone's tending their kelp.	みんな自分の昆布の世話をしてるよ。
Kelp Fair soon.	もうすぐ昆布の品評会。
My kelp had better grow.	うちの昆布、ちゃんと伸びてくれるといいな。
Everyone brought their best kelp to the Kelp Fair	昆布の品評会に、みんなが自慢の昆布を持ち寄った
The colony held its Kelp Fair	コロニーで昆布の品評会が開かれた
The Kelp Fair was one strand and a lot of ice	昆布の品評会は、昆布一本とたっぷりの氷だけだった
Longest kelp on the floe!	浮氷でいちばん長い昆布！
A fair crop, for cold water.	冷たい海にしては、なかなかの出来だね。
the Great Huddle	大ハドル
The Great Huddle is {days} auroras away.	大ハドルまであと{days}オーロラ。
Bring a fish, bring a friend.	魚を一匹と、友だちを連れてきてね。
Great Huddle soon.	もうすぐ大ハドル。
I've saved everyone a spot.	みんなの場所を取っておいたよ。
The whole colony huddled together at the Great Huddle	大ハドルで、コロニーじゅうのペンギンが身を寄せ合った
The colony had its Great Huddle	コロニーで大ハドルが開かれた
The Great Huddle was a few of us and a lot of wind	大ハドルは、数羽とたっぷりの風だけだった
Never been so warm in my life.	生まれてこのかた、こんなに暖かかったことはないよ。
Cosy, that.	ぬくぬくだったね。
More room for us, I suppose.	じゃあ、場所は私たちで広く使おうか。
the Slide Race	すべりっこ競走
The Slide Race is {days} auroras off.	すべりっこ競走まであと{days}オーロラ。
Bellies are being polished.	おなかを磨いてるところ。
Slide Race soon.	もうすぐすべりっこ競走。
I'll beat Piko this time.	今度こそピコに勝つよ。
Every penguin in the colony raced down the big slope	コロニーじゅうのペンギンが大きな坂をすべって競った
The colony held its Slide Race	コロニーですべりっこ競走が開かれた
The Slide Race was two penguins and a lot of snow	すべりっこ競走は、ペンギン二羽とたっぷりの雪だけだった
Down the slope and home first!	坂をすべって一番でゴール！
A good slide, that.	いいすべりだった。
Light up {x}	{x}を明るくする
{x} could do with some light	{x}に明かりがほしい
A few lamps and {x} will glow all night.	ランプをいくつか置けば、{x}は一晩じゅう光るよ。
Add on to {x}	{x}を増築する
{x} is bursting at the seams	{x}ははちきれそうだ
A bit more room and {x} will hold everyone.	もう少し広くすれば、{x}にみんな入れるよ。
the observation blister	観測用のドーム窓
Best seat on Mars. Don't tell anyone it's here.	火星でいちばんの特等席。ここにあるって誰にも言わないでね。
the old landing pod	古い着陸ポッド
The first of us slept in here. It still smells of new plastic.	最初に来た私たちはここで寝てたんだ。今でも新しいプラスチックのにおいがするよ。
the water reclaimer	水再生装置
Every drop you drink has been through here. Try not to think about it.	あなたが飲む水は一滴残らずここを通ってるんだ。考えないほうがいいよ。
the suit room	宇宙服室
Every suit has a name. Mine's called Rusty.	どの宇宙服にも名前があるんだ。私のはラスティ。
the radio shack	無線小屋
If Earth ever calls at night, this is where you'll hear it.	夜に地球から連絡があったら、ここで聞こえるんだ。
the seed vault	種子保管庫
Every seed from Earth, in little envelopes. I check on them like children.	地球から持ってきた種が全部、小さな封筒に入ってる。子どもみたいに様子を見に来るんだ。
the algae tanks	藻の培養タンク
They bubble all night. It's the most restful sound on Mars.	一晩じゅうぷくぷくいってる。火星でいちばん落ち着く音だよ。
the back of the grow lights	育成ライトの裏
It's pink in here, always. You get used to it.	ここはいつもピンク色。そのうち慣れるよ。
the rover's toolbox	ローバーの工具箱
Every tool has a place. Every place has a tool. Mostly.	道具にはそれぞれ置き場所があって、置き場所にはそれぞれ道具がある。だいたいね。
the dune track	砂丘の轍
Our own road. We made it one tyre at a time.	私たちだけの道。タイヤ一本ずつ作ったんだ。
the dust storms	砂嵐
They go on for weeks. You learn to love the indoors.	何週間も続くんだ。家の中が好きになるよ。
The whole sky turns orange. It's beautiful, from inside.	空一面がオレンジになるの。中から見るときれいなんだ。
Earth	地球
I don't miss it as much as I thought I would.	思ってたほど恋しくないんだ。
Some nights I look for it and can't find it.	探しても見つけられない夜もある。
the food	食べもの
Everything tastes a bit of the recycler.	何を食べても、ちょっと再生装置の味がするんだ。
I'd trade a week of rations for one fresh orange.	新鮮なオレンジひとつのためなら、配給食一週間分と交換してもいい。
the silence	静けさ
Outside there's no sound at all. None.	外には音がまったくないんだ。何ひとつ。
You can hear your own heart in a suit.	宇宙服の中だと、自分の心臓の音が聞こえるよ。
Phobos	フォボス
It races across the sky twice a sol. Show-off.	一ソルに二回も空を駆け抜けていくんだ。目立ちたがりだよね。
I wave at it sometimes. Don't laugh.	ときどき手を振ってるんだ。笑わないでね。
the cold	寒さ
Minus eighty at night. The walls creak.	夜はマイナス八十度。壁がきしむんだ。
Your breath fogs in the airlock every morning.	毎朝エアロックで息が白くなるよ。
the gravity	重力
I can jump over the table here. Everyone does, once.	ここではテーブルを飛び越えられるんだ。みんな一回はやるよ。
Earth would feel like carrying a sack of rocks now.	今地球に戻ったら、岩の袋を背負ってるみたいに感じるだろうね。
the sunsets	夕焼け
Blue sunsets and red days. Everything's upside down.	青い夕焼けに、赤い昼。何もかもあべこべ。
I stopped noticing them. Then some sols I can't stop.	見慣れて気にしなくなったんだ。でも、目が離せなくなるソルもある。
the supply ship	補給船
Everyone counts the sols till it comes.	みんな、来るまでのソルを数えてるよ。
Last time it brought socks. Best day of the year.	前回は靴下を運んできたんだ。一年でいちばんの日だったよ。
the first sol	最初のソル
Nobody slept at all. Too excited.	誰ひとり眠れなかった。興奮しすぎてね。
I remember thinking, what have we done?	とんでもないことをしちゃったって思ったのを覚えてる。
the craters	クレーター
Some are older than anything on Earth.	地球のどんなものより古いのもあるんだ。
Every one of them has a name now. We named them.	今じゃ全部に名前がある。私たちがつけたんだ。
home	家
Home's wherever the airlock seals.	エアロックが閉まるところが家なんだ。
I say home and mean here now. When did that happen?	家って言うと、今はここのことなんだ。いつからそうなったんだろう？
the back room of the arcade	アーケードの奥の部屋
Broken machines come here to be fixed. Or to rest.	壊れた機械はここに来て直されるんだ。それか、休むためにね。
the high-score wall	ハイスコアの壁
Every name up there fought for it. Mine's third.	あそこの名前はみんな、戦って勝ち取ったんだ。私のは三位。
the change machine	両替機
It jams if you look at it wrong. Kick it here.	ちょっとでも変な目で見ると詰まるんだ。ここを蹴って。
the alley behind the diner	ダイナーの裏の路地
Best place for a secret. Worst smell in town.	秘密の話にはいちばんの場所。においは町でいちばんひどいけど。
the roof over the arcade	アーケードの屋上
Up the fire escape. Watch the whole town go to bed.	非常階段を上がって。町じゅうが眠りにつくのが見えるよ。
the record library	レコード室
Every record K-88 ever played. Some twice.	K-88でかけたレコードが全部ある。二回かけたのもね。
the studio booth	放送ブース
When the red light's on, you whisper. Even if nobody's listening.	赤いランプがついてたら小声で話すんだ。誰も聞いてなくてもね。
the aerial on the roof	屋上のアンテナ
You can see all of Maple Street from here. And the drive-in.	ここからメイプル通りが全部見えるんだ。ドライブインシアターもね。
the back seat of the bus	バスのいちばん後ろの席
Best seat on the loop. Everybody knows it.	路線でいちばんの席。みんな知ってるよ。
the bus depot	バスの車庫
The night buses sleep here in a row, like horses.	夜行バスがここで一列に並んで眠ってるんだ。馬みたいにね。
the diner	ダイナー
Best pie on Maple Street, and the worst coffee.	メイプル通りでいちばんのパイと、いちばんまずいコーヒー。
I've had my birthday there every year since I was six.	六歳のときから、毎年誕生日はあそこなんだ。
the high school	高校
The halls still smell of floor wax.	廊下はまだ床ワックスのにおいがする。
I carved my name under a desk in room twelve.	十二番教室の机の裏に名前を彫ったんだ。
the radio	ラジオ
Some nights it's the only voice I hear.	聞こえる声がラジオだけの夜もあるんだ。
I call in requests under a fake name.	偽名でリクエストの電話をしてるんだ。
the mall	ショッピングモール
They say it'll close the arcade down. It won't.	あれのせいでアーケードがつぶれるって言われてる。つぶれないよ。
Everyone goes. Nobody buys anything.	みんな行くけど、誰も何も買わないんだ。
my car	私の車
It only starts if you say please.	「お願い」って言わないとエンジンがかからないんだ。
Half the tape deck works. The good half.	テープデッキは半分しか動かない。いいほうの半分がね。
the summer	夏
Summer here smells of cut grass and hot tar.	ここの夏は刈った芝と熱いアスファルトのにおいがするんだ。
Best summer of my life was the one with the flood.	人生最高の夏は、洪水があった年だったよ。
the drive-in	ドライブインシアター
I've seen every movie there twice. Once watching, once not.	あそこの映画は全部二回見てる。一回はちゃんと見て、一回は見てない。
They let you in free if you help park the cars.	駐車の誘導を手伝えばタダで入れてくれるんだ。
the lake	湖
The water's freezing even in August.	八月でも水は凍えるほど冷たいんだ。
There's a rope swing nobody admits to building.	誰も作ったって認めないロープのぶらんこがあるんだ。
my family	私の家族
We're loud. You'd like us.	うちはにぎやかなんだ。きっと気に入るよ。
My mom still packs my lunch. Don't tell anyone.	ママが今でもお弁当を作ってくれるの。誰にも言わないで。
the future	未来
Everyone says computers. I say we'll see.	みんなコンピューターだって言うけど、どうだかね。
I'll leave one day. Then I'll come back.	いつかここを出るよ。そしてまた戻ってくる。
music	音楽
Some songs are better on a Walkman, walking in the rain.	雨の中を歩きながらウォークマンで聴くと、よく聞こえる曲があるんだ。
A mixtape says what you can't.	言えないことは、ミックステープが言ってくれる。
the neighborhood	この町
Everybody knows everybody's business here.	ここじゃ、みんながみんなのことを知ってるんだ。
The same families on the same porches, every summer.	毎年夏になると、同じ家族が同じポーチにいるんだ。
the lantern shelf	ランタンの棚
Every lantern gets polished here. Beaks only.	ランタンは全部ここで磨くの。くちばしだけでね。
the old ice arch	古い氷のアーチ
The first span of the bridge. It's still holding.	橋の最初の橋桁。今でも持ちこたえてるよ。
the chick crèche	ひなの保育所
All the little ones huddle here. Mind your feet.	ちびっ子たちはみんなここで身を寄せ合ってるの。足元に気をつけて。
the windbreak wall	風よけの壁
Stand here in a blizzard and you'd never know.	吹雪の日にここに立ってごらん、全然わからないから。
the snow slide	雪のすべり台
The fastest way home. Belly first.	いちばん早い帰り道。おなかから行くの。
the deep vault	深い貯蔵庫
The oldest fish in the colony. We don't eat these.	コロニーでいちばん古い魚。これは食べないの。
the counting stones	数え石
One pebble for every fish. Don't move them!	魚一匹につき小石ひとつ。動かさないでね！
the diving hole	潜り穴
Straight down to the good fishing. Hold your breath.	いい漁場までまっすぐ下へ。息を止めて。
the council ledge	評議会の岩棚
Where the council stands to vote. A very serious ledge.	評議会が投票するときに立つ場所。とっても厳かな岩棚なの。
the moonrise stone	月の出の石
When the moon touches it, the vote begins.	月がこの石に触れたら、投票の始まり。
the aurora	オーロラ
It sings, if you're very quiet. I'm sure of it.	すごく静かにしてると歌うんだよ。間違いない。
Green one night, pink the next.	ある夜は緑、次の夜はピンク。
the seals	アザラシ
We don't talk about the seals. Well, I'm talking now.	アザラシの話はしないことになってるの。まあ、今してるけど。
One looked at me once. I'll never forget it.	一度、一頭と目が合ったの。一生忘れない。
The dark goes on and on. We huddle and tell tales.	闇はどこまでも続くの。みんなで身を寄せ合って昔話をするんだ。
You forget what the sun looks like.	太陽がどんなだったか忘れちゃうよ。
fish	魚
A herring a day, and nobody's sad.	一日一匹のニシンで、みんなごきげん。
I dream of fish. Good dreams.	魚の夢を見るの。いい夢だよ。
the sea	海
Under the ice the sea is another world.	氷の下の海は、もうひとつの世界なんだ。
It's cold, it's dark, and I love it.	冷たくて暗くて、大好き。
eggs	卵
An egg on your feet all winter. That's love.	冬じゅう足の上に卵をのせてるの。それが愛なんだよ。
Mine hatched on the windiest day of the year.	うちの子は一年でいちばん風の強い日にかえったの。
the whales	クジラ
They sing under the ice. You feel it in your belly.	氷の下で歌うんだ。おなかに響くよ。
One came up by the floe once. The whole colony went quiet.	一度、浮氷のそばに浮かんできたの。コロニーじゅうが静まりかえったよ。
the old colony	昔のコロニー
My grandmother came from there. She never talked about it.	おばあちゃんはそこから来たの。その話は一度もしなかったけど。
They say the ice was thicker then.	昔は氷がもっと厚かったんだって。
snow	雪
There's good snow and bad snow. You learn.	いい雪と悪い雪があるの。そのうちわかるよ。
Fresh snow squeaks. Did you know?	新雪はきゅっきゅって鳴るんだよ。知ってた？
the gulls	カモメ
Thieves, every one of them.	一羽残らず泥棒だよ。
They laugh at us. I'm sure of it.	私たちのこと笑ってるんだ。間違いない。
feathers	羽
Moulting season is the worst. Itchy all over.	換羽の季節は最悪。体じゅうかゆいの。
A good feather is worth more than a fish.	いい羽は魚一匹より価値があるんだよ。
the bridge	橋
Every span has a name. I know them all.	どの橋桁にも名前があるの。全部知ってるよ。
It creaks at night. It's talking.	夜になるときしむの。しゃべってるんだよ。
The wheat is mine now.	今は小麦は私の担当。
I've named every plant.	一本一本に名前をつけたんだ。
The shuttle went back without me.	シャトルは私を乗せずに帰ったよ。
On purpose.	わざとね。
My name's on the lease.	賃貸契約書に私の名前が。
My name!	私の名前だよ！
On a lease!	契約書に！
First day of high school.	高校の初日。
The kid wore my old jacket.	あの子、私の古いジャケットを着ていったよ。
High school!	高校だ！
I'm keeping the paper route, though.	でも新聞配達は続けるよ。
Real feathers!	本物の羽だ！
No more fluff!	もうふわふわじゃない！
One of the little ones swam out today.	ちびっ子のひとりが今日泳ぎに出たよ。
Didn't even look back.	振り返りもしなかった。
Keep it lit.	灯を絶やさないで。
It's heavier than it looks.	見た目より重いよ。
After the year we've had?	こんな一年だったんだよ？
We need {festival}.	{festival}が必要だよ。
Look at this street.	この通りを見て。
We did that!	私たちがやったんだよ！
Don't tell anyone it's here.	ここにあるって誰にも言わないでね。
The first of us slept in here.	最初に来た私たちはここで寝てたんだ。
It still smells of new plastic.	今でも新しいプラスチックのにおいがするよ。
Every drop you drink has been through here.	あなたが飲む水は一滴残らずここを通ってるんだ。
Try not to think about it.	考えないほうがいいよ。
Every suit has a name.	どの宇宙服にも名前があるんだ。
Mine's called Rusty.	私のはラスティ。
Every seed from Earth, in little envelopes.	地球から持ってきた種が全部、小さな封筒に入ってる。
I check on them like children.	子どもみたいに様子を見に来るんだ。
They bubble all night.	一晩じゅうぷくぷくいってる。
It's the most restful sound on Mars.	火星でいちばん落ち着く音だよ。
It's pink in here, always.	ここはいつもピンク色。
You get used to it.	そのうち慣れるよ。
Our own road.	私たちだけの道。
We made it one tyre at a time.	タイヤ一本ずつ作ったんだ。
They go on for weeks.	何週間も続くんだ。
You learn to love the indoors.	家の中が好きになるよ。
The whole sky turns orange.	空一面がオレンジになるの。
It's beautiful, from inside.	中から見るときれいなんだ。
Outside there's no sound at all.	外には音がまったくないんだ。
None.	何ひとつ。
It races across the sky twice a sol.	一ソルに二回も空を駆け抜けていくんだ。
Show-off.	目立ちたがりだよね。
I wave at it sometimes.	ときどき手を振ってるんだ。
Don't laugh.	笑わないでね。
Minus eighty at night.	夜はマイナス八十度。
The walls creak.	壁がきしむんだ。
I can jump over the table here.	ここではテーブルを飛び越えられるんだ。
Everyone does, once.	みんな一回はやるよ。
Blue sunsets and red days.	青い夕焼けに、赤い昼。
Everything's upside down.	何もかもあべこべ。
I stopped noticing them.	見慣れて気にしなくなったんだ。
Then some sols I can't stop.	でも、目が離せなくなるソルもある。
Last time it brought socks.	前回は靴下を運んできたんだ。
Best day of the year.	一年でいちばんの日だったよ。
Nobody slept at all.	誰ひとり眠れなかった。
Too excited.	興奮しすぎてね。
Every one of them has a name now.	今じゃ全部に名前がある。
We named them.	私たちがつけたんだ。
I say home and mean here now.	家って言うと、今はここのことなんだ。
When did that happen?	いつからそうなったんだろう？
Broken machines come here to be fixed.	壊れた機械はここに来て直されるんだ。
Or to rest.	それか、休むためにね。
Every name up there fought for it.	あそこの名前はみんな、戦って勝ち取ったんだ。
Mine's third.	私のは三位。
It jams if you look at it wrong.	ちょっとでも変な目で見ると詰まるんだ。
Kick it here.	ここを蹴って。
Best place for a secret.	秘密の話にはいちばんの場所。
Worst smell in town.	においは町でいちばんひどいけど。
Up the fire escape.	非常階段を上がって。
Watch the whole town go to bed.	町じゅうが眠りにつくのが見えるよ。
Every record K-88 ever played.	K-88でかけたレコードが全部ある。
Some twice.	二回かけたのもね。
When the red light's on, you whisper.	赤いランプがついてたら小声で話すんだ。
Even if nobody's listening.	誰も聞いてなくてもね。
You can see all of Maple Street from here.	ここからメイプル通りが全部見えるんだ。
And the drive-in.	ドライブインシアターもね。
Best seat on the loop.	路線でいちばんの席。
Everybody knows it.	みんな知ってるよ。
They say it'll close the arcade down.	あれのせいでアーケードがつぶれるって言われてる。
It won't.	つぶれないよ。
Everyone goes.	みんな行くけど。
Nobody buys anything.	誰も何も買わないんだ。
Half the tape deck works.	テープデッキは半分しか動かない。
The good half.	いいほうの半分がね。
I've seen every movie there twice.	あそこの映画は全部二回見てる。
Once watching, once not.	一回はちゃんと見て、一回は見てない。
We're loud.	うちはにぎやかなんだ。
You'd like us.	きっと気に入るよ。
My mom still packs my lunch.	ママが今でもお弁当を作ってくれるの。
Everyone says computers.	みんなコンピューターだって言うけど。
I say we'll see.	どうだかね。
I'll leave one day.	いつかここを出るよ。
Then I'll come back.	そしてまた戻ってくる。
Every lantern gets polished here.	ランタンは全部ここで磨くの。
Beaks only.	くちばしだけでね。
The first span of the bridge.	橋の最初の橋桁。
It's still holding.	今でも持ちこたえてるよ。
All the little ones huddle here.	ちびっ子たちはみんなここで身を寄せ合ってるの。
The fastest way home.	いちばん早い帰り道。
Belly first.	おなかから行くの。
The oldest fish in the colony.	コロニーでいちばん古い魚。
We don't eat these.	これは食べないの。
One pebble for every fish.	魚一匹につき小石ひとつ。
Don't move them!	動かさないでね！
Straight down to the good fishing.	いい漁場までまっすぐ下へ。
Hold your breath.	息を止めて。
Where the council stands to vote.	評議会が投票するときに立つ場所。
A very serious ledge.	とっても厳かな岩棚なの。
It sings, if you're very quiet.	すごく静かにしてると歌うんだよ。
We don't talk about the seals.	アザラシの話はしないことになってるの。
Well, I'm talking now.	まあ、今してるけど。
One looked at me once.	一度、一頭と目が合ったの。
I'll never forget it.	一生忘れない。
The dark goes on and on.	闇はどこまでも続くの。
We huddle and tell tales.	みんなで身を寄せ合って昔話をするんだ。
I dream of fish.	魚の夢を見るの。
Good dreams.	いい夢だよ。
An egg on your feet all winter.	冬じゅう足の上に卵をのせてるの。
That's love.	それが愛なんだよ。
They sing under the ice.	氷の下で歌うんだ。
You feel it in your belly.	おなかに響くよ。
One came up by the floe once.	一度、浮氷のそばに浮かんできたの。
The whole colony went quiet.	コロニーじゅうが静まりかえったよ。
My grandmother came from there.	おばあちゃんはそこから来たの。
She never talked about it.	その話は一度もしなかったけど。
There's good snow and bad snow.	いい雪と悪い雪があるの。
You learn.	そのうちわかるよ。
Fresh snow squeaks.	新雪はきゅっきゅって鳴るんだよ。
Did you know?	知ってた？
They laugh at us.	私たちのこと笑ってるんだ。
Moulting season is the worst.	換羽の季節は最悪。
Itchy all over.	体じゅうかゆいの。
Every span has a name.	どの橋桁にも名前があるの。
I know them all.	全部知ってるよ。
It creaks at night.	夜になるときしむの。
It's talking.	しゃべってるんだよ。
Every tool has a place.	道具にはそれぞれ置き場所がある。
Every place has a tool.	置き場所にはそれぞれ道具がある。
A dust wall round the landing pad	着陸パッドのまわりの防塵壁
the dust wall round the landing pad	着陸パッドのまわりの防塵壁
{explorer} wants a wall to keep the dust off the landing pad	{explorer}が着陸パッドを砂ぼこりから守る壁をほしがっている
Every storm buries the pad. A wall would save us digging.	嵐のたびにパッドが埋まるんだ。壁があれば掘り出さずに済む。
Another course of sandbags on the wall.	壁に土のうをもう一段積んだ。
A water still for the ice mine	氷鉱山の蒸留器
the water still for the ice mine	氷鉱山の蒸留器
{keeper} wants a still to melt the ice they mine	{keeper}が掘った氷を溶かす蒸留器をほしがっている
Ice in, water out. Simple, if we build it right.	氷を入れれば水が出る。ちゃんと造れば簡単だよ。
The still dripped its first cup today.	今日、蒸留器から最初の一杯がしたたり落ちた。
A mess hall	食堂
the mess hall	食堂
{keeper} wants a hall where the whole crew can eat together	{keeper}がクルー全員で食事できる食堂をほしがっている
Somewhere we can all sit down at once.	みんないっぺんに座れる場所がほしいんだ。
The mess hall has a roof now. Half a roof.	食堂に屋根がついたよ。半分だけだけど。
A shed for Kestrel	ケストレルの車庫
the shed for Kestrel	ケストレルの車庫
{explorer} wants a shed to keep Kestrel out of the storms	{explorer}がケストレルを嵐から守る車庫をほしがっている
Kestrel deserves better than a tarp.	ケストレルには防水シートよりましなものがふさわしいよ。
Kestrel's shed has walls. Kestrel is thrilled.	ケストレルの車庫に壁ができた。ケストレルも大喜び。
A hut at the relay mast	中継マストの小屋
the hut at the relay mast	中継マストの小屋
{explorer} wants a hut out at the relay mast	{explorer}が中継マストのそばに小屋をほしがっている
If a storm catches me out there, I want a roof.	あそこで嵐につかまったら、屋根がほしいからね。
The hut's up. It rattles, but it's up.	小屋が建った。がたがたいうけど、建ったよ。
A seed vault under the rock	岩の下の種子保管庫
the seed vault under the rock	岩の下の種子保管庫
{keeper} wants a vault to keep the seed stock safe	{keeper}が種の備蓄を守る保管庫をほしがっている
One bad seal and we lose every seed from Earth.	シールがひとつだめになったら、地球の種を全部失っちゃう。
The vault door fits. Tight as a drum.	保管庫の扉がぴったり合った。太鼓みたいにきっちり。
A storm shelter	嵐の避難所
the storm shelter	嵐の避難所
{keeper} wants a shelter for the worst of the dust season	{keeper}が砂ぼこりの季節のいちばんひどい時のための避難所をほしがっている
When the big storms come, we need somewhere deep.	大嵐が来たら、深い場所が必要なんだ。
Dug another metre into the rock.	岩をもう一メートル掘り進めた。
A field of solar panels	太陽光パネルの列
the field of solar panels	太陽光パネルの列
{explorer} wants a field of panels out past the ridge	{explorer}が尾根の向こうにパネルの列をほしがっている
More sun, more power, fewer cold nights.	日差しが増えれば電力も増えて、寒い夜が減る。
Twelve panels up and angled at the sun.	パネルを十二枚立てて、太陽に向けた。
A greenhouse annexe	温室の別棟
the greenhouse annexe	温室の別棟
{keeper} wants a second room for the greenhouse	{keeper}が温室にもうひと部屋ほしがっている
The wheat's crowding the tomatoes. They need their own room.	小麦がトマトを押しのけてるの。トマトにも自分の部屋が必要だよ。
The annexe frame is up. The tomatoes are watching.	別棟の骨組みが立った。トマトたちが見守ってる。
Beacons along the rover track	ローバーの轍沿いのビーコン
the beacons along the rover track	ローバーの轍沿いのビーコン
{explorer} wants beacons along the rover track	{explorer}がローバーの轍沿いにビーコンをほしがっている
In a dust storm you can't see the track. Beacons would guide us home.	砂嵐の中じゃ轍が見えない。ビーコンがあれば家まで導いてくれる。
Another beacon blinking on the track.	轍にまたひとつビーコンが点滅しはじめた。
A clinic bay	診療室
the clinic bay	診療室
{keeper} wants a proper clinic bay	{keeper}がちゃんとした診療室をほしがっている
We patch each other up on the mess table. We can do better.	今は食堂のテーブルで手当てし合ってるんだ。もっとちゃんとできるはず。
The clinic has a bed and a light. And plasters.	診療室にベッドと明かりができた。それに絆創膏も。
A machine workshop	機械工作室
the machine workshop	機械工作室
{keeper} wants a workshop to machine spare parts	{keeper}が予備部品を削り出す工作室をほしがっている
Every broken part waits two windows for a new one. Let's make our own.	壊れた部品は、新しいのが届くまで打ち上げの時期を二回も待つんだ。自分たちで作ろう。
The lathe is bolted down. It hums.	旋盤をボルトで固定した。うなってるよ。
A proper landing pad	ちゃんとした着陸パッド
the proper landing pad	ちゃんとした着陸パッド
{explorer} wants a proper pad for the shuttle to land on	{explorer}がシャトル用のちゃんとした着陸パッドをほしがっている
The shuttle lands in the dirt. One day it'll tip over.	シャトルは土の上に降りてるんだ。いつか転んじゃうよ。
Poured another slab of the pad.	パッドのコンクリートをもう一枚流しこんだ。
An observatory dome	天文台のドーム
the observatory dome	天文台のドーム
{explorer} wants a dome for the telescope	{explorer}が望遠鏡のためのドームをほしがっている
Earth's up there somewhere. I want to see it properly.	地球はあそこのどこかにある。ちゃんと見てみたいんだ。
The observatory dome turns now. Squeaks, but turns.	天文台のドームが回るようになった。きしむけど、回るよ。
A second water tank	二つ目の水タンク
the second water tank	二つ目の水タンク
{keeper} wants a second tank for the dry months	{keeper}が乾いた月のために二つ目のタンクをほしがっている
One tank is one leak away from trouble.	タンクがひとつだと、漏れひとつで大ごとだよ。
The second tank holds. I checked it three times.	二つ目のタンクは大丈夫。三回確かめたよ。
A dust lock at the airlock	エアロックの防塵室
the dust lock at the airlock	エアロックの防塵室
{keeper} wants a lock to brush the dust off before coming in	{keeper}が入る前に砂ぼこりを払う部屋をほしがっている
Dust in the filters, dust in the bunks, dust in the soup.	フィルターに砂、寝台に砂、スープにも砂。
The brushes spin. Mostly the dust goes.	ブラシが回ってる。砂ぼこりはだいたい落ちるよ。
A school pod for the cadets	訓練生のための教室ポッド
the school pod for the cadets	訓練生のための教室ポッド
{keeper} wants a pod to teach the cadets in	{keeper}が訓練生に教えるポッドをほしがっている
The cadets learn on their bunks. They should have a room.	訓練生は寝台で勉強してるんだ。部屋があるべきだよ。
The school pod has a screen and six stools.	教室ポッドに画面ひとつと丸椅子が六つ。
A cable run to the ice mine	氷鉱山へのケーブル
the cable run to the ice mine	氷鉱山へのケーブル
{explorer} wants a cable to haul ice from the mine	{explorer}が鉱山から氷を運ぶケーブルをほしがっている
Hauling ice by hand is breaking backs.	手で氷を運んでたら、みんな腰を痛めちゃう。
The cable runs halfway to the mine.	ケーブルが鉱山まで半分届いた。
A rec room	娯楽室
the rec room	娯楽室
{explorer} wants a room for music and cards	{explorer}が音楽とトランプのための部屋をほしがっている
We work, we sleep. We should also play.	働いて、寝て。遊ぶ時間もあるべきだよ。
The rec room has a table and a guitar.	娯楽室にテーブルとギターがひとつ。
A tall radio tower	高いラジオ塔
the tall radio tower	高いラジオ塔
{explorer} wants a tower to talk to the Tharsis outpost	{explorer}がタルシス前哨基地と話すための塔をほしがっている
Tharsis is out there. Let's say hello.	タルシスは向こうにある。あいさつしようよ。
The tower's another section taller.	塔がまた一段高くなった。
A stone for the first landing	最初の着陸の記念石
the stone for the first landing	最初の着陸の記念石
{keeper} wants a stone to mark where the first pod came down	{keeper}が最初のポッドが降りた場所に記念の石をほしがっている
So nobody forgets where we started.	どこから始まったか、誰も忘れないようにね。
The words are carved. Half of them.	文字を彫ったよ。半分だけ。
An algae farm	藻の農場
the algae farm	藻の農場
{keeper} wants tanks for growing algae	{keeper}が藻を育てるタンクをほしがっている
It tastes of nothing and feeds everyone.	何の味もしないけど、みんなを養えるんだ。
Two tanks bubbling green.	タンクがふたつ、緑色にぷくぷく。
A bunkhouse for the new crew	新しいクルーの宿舎
the bunkhouse for the new crew	新しいクルーの宿舎
{keeper} wants a bunkhouse for whoever comes on the shuttle	{keeper}がシャトルで来る人のための宿舎をほしがっている
Every window brings more people and no more beds.	打ち上げの時期のたびに人が増えるのに、ベッドは増えないんだ。
Four more bunks, made up.	寝台を四つ、整えたよ。
A lift in the rover shed	ローバー車庫のリフト
the lift in the rover shed	ローバー車庫のリフト
{explorer} wants a lift to get under the rovers	{explorer}がローバーの下にもぐるためのリフトをほしがっている
I'm tired of lying in the dust to fix an axle.	砂ぼこりに寝そべって車軸を直すのはもううんざり。
The lift goes up. It comes down too.	リフトが上がる。ちゃんと下がりもする。
A windbreak for the greenhouse	温室の風よけ
the windbreak for the greenhouse	温室の風よけ
{explorer} wants a windbreak on the greenhouse's storm side	{explorer}が温室の嵐側に風よけをほしがっている
The big storms sandblast the panels.	大嵐がパネルを砂で削っちゃうんだ。
Another stretch of windbreak stands.	風よけがまたひと区画立った。
A trading post for the outposts	前哨基地との交易所
the trading post for the outposts	前哨基地との交易所
{explorer} wants a post to trade with the other outposts	{explorer}がほかの前哨基地と取引する交易所をほしがっている
Tharsis has spare pipe. We have spare wheat.	タルシスには余ったパイプがある。こっちには余った小麦がある。
The trading post has a counter and a sign.	交易所にカウンターと看板ができた。
A quiet room	静かな部屋
the quiet room	静かな部屋
{keeper} wants a room for quiet	{keeper}が静かに過ごす部屋をほしがっている
Somewhere nobody talks shop. Just quiet.	誰も仕事の話をしない場所。ただ静かに。
The quiet room has a rug. Shh.	静かな部屋にじゅうたんが敷かれた。しーっ。
A library of Earth books	地球の本の図書室
the library of Earth books	地球の本の図書室
{keeper} wants shelves for the books the shuttles bring	{keeper}がシャトルが運んでくる本の棚をほしがっている
Every window brings books. They're piled in the airlock.	打ち上げの時期のたびに本が届くんだ。エアロックに山積みだよ。
Another shelf filled.	また棚がひとついっぱいになった。
A second shaft at the ice mine	氷鉱山の二本目の坑道
the second shaft at the ice mine	氷鉱山の二本目の坑道
{explorer} wants a second shaft at the ice mine	{explorer}が氷鉱山に二本目の坑道をほしがっている
The first shaft is running dry.	一本目の坑道が枯れかけてるんだ。
The drill's thirty metres down.	ドリルが三十メートルまで下りた。
A walkway between the domes	ドーム間の通路
the walkway between the domes	ドーム間の通路
{keeper} wants a sealed walkway between the domes	{keeper}がドームとドームを結ぶ密閉通路をほしがっている
No more suiting up to cross the yard.	もう庭を横切るのにいちいち宇宙服を着なくて済む。
The walkway's sealed at one end.	通路の片側が密閉できた。
A garden under the big dome	大ドームの下の庭
the garden under the big dome	大ドームの下の庭
{keeper} wants a garden everyone can walk in	{keeper}がみんなが歩ける庭をほしがっている
Not wheat. Flowers. Just to look at.	小麦じゃなくて、花。ただ眺めるためのね。
The first flowerbed's dug.	最初の花壇を掘ったよ。
An arch where the shuttle lands	シャトル着陸場のアーチ
the arch where the shuttle lands	シャトル着陸場のアーチ
{explorer} wants an arch to welcome people off the shuttle	{explorer}がシャトルから降りてくる人を迎えるアーチをほしがっている
The first thing they should see is a welcome.	最初に目にするのは、歓迎であるべきだよ。
The arch's two legs are up. The top's next.	アーチの二本の脚が立った。次はてっぺん。
A shelter at the bus stop	バス停の屋根
the shelter at the bus stop	バス停の屋根
{explorer} wants a shelter at the Night Bus 6 stop	{explorer}が夜行バス6番のバス停に屋根をほしがっている
Waiting for the night bus in the rain is the worst.	雨の中で夜行バスを待つのは最悪だよ。
The shelter's got a roof. And graffiti already.	屋根がついた。もう落書きもされてる。
A snack bar in the arcade	アーケードの軽食コーナー
the snack bar in the arcade	アーケードの軽食コーナー
{keeper} wants a snack bar in the arcade	{keeper}がアーケードに軽食コーナーをほしがっている
Quarters in the machines, nachos in the hand.	ゲーム機に二十五セント玉、手にはナチョス。
The snack bar's counter is in. The nacho machine's on order.	軽食コーナーのカウンターが入った。ナチョス機は注文中。
A booth for call-ins at K-88	K-88の電話出演ブース
the booth for call-ins at K-88	K-88の電話出演ブース
{explorer} wants a booth so people can call in to K-88	{explorer}がK-88に電話で出演できるブースをほしがっている
People want to talk on the radio. Let them.	みんなラジオで話したがってる。話させてあげようよ。
The booth has a phone and a stool.	ブースに電話と丸椅子。
A crosswalk by the school	学校のそばの横断歩道
the crosswalk by the school	学校のそばの横断歩道
{keeper} wants a crosswalk by the school	{keeper}が学校のそばに横断歩道をほしがっている
The kids dodge traffic every morning.	子どもたちが毎朝車をよけながら歩いてるんだ。
Painted the first white stripes.	最初の白線を塗ったよ。
Bleachers at the ballfield	野球場の観客席
the bleachers at the ballfield	野球場の観客席
{explorer} wants bleachers for the Little League games	{explorer}がリトルリーグの試合のための観客席をほしがっている
Parents stand for nine innings. That's cruel.	親たちは九回ずっと立ちっぱなし。ひどいよ。
Three rows of bleachers bolted down.	観客席を三列ボルトで固定した。
A mural on the underpass	地下道の壁画
the mural on the underpass	地下道の壁画
{keeper} wants a mural on the ugly underpass	{keeper}が殺風景な地下道に壁画をほしがっている
Grey concrete. Let's give it colour.	灰色のコンクリート。色をつけてあげようよ。
The mural has a sky now. Blue as anything.	壁画に空ができた。真っ青だよ。
A splash pool at the park	公園の水遊び場
the splash pool at the park	公園の水遊び場
{explorer} wants a splash pool for the summer	{explorer}が夏のための水遊び場をほしがっている
Summer on Maple Street is ninety degrees and no shade.	メイプル通りの夏は三十度超えで日陰もないんだ。
The pool's dug. Needs water. And tiles.	穴は掘った。水とタイルが必要。
A roller floor in the empty lot	空き地のローラースケート床
the roller floor in the empty lot	空き地のローラースケート床
{explorer} wants a skating floor in the empty lot	{explorer}が空き地にスケート用の床をほしがっている
The Rialto's rink costs two bucks. Ours could be free.	リアルト座のリンクは二ドルかかる。うちのならタダにできる。
Half the floor's poured and smooth.	床の半分がなめらかに仕上がった。
A darkroom at the high school	高校の暗室
the darkroom at the high school	高校の暗室
{keeper} wants a darkroom for the photography club	{keeper}が写真部のための暗室をほしがっている
The club develops photos in a closet. With the light on, sometimes.	写真部は物置で現像してるんだ。電気をつけたままのときもある。
The darkroom has its red light.	暗室に赤いランプがついた。
A clubhouse for the kids	子どもたちのクラブハウス
the clubhouse for the kids	子どもたちのクラブハウス
{keeper} wants a clubhouse where the kids can hang out	{keeper}が子どもたちがたむろできるクラブハウスをほしがっている
Better here than behind the gas station.	ガソリンスタンドの裏よりはここのほうがいい。
The clubhouse has four walls and a sign: No Adults.	クラブハウスに壁が四つと看板：大人お断り。
A taller antenna for K-88	K-88のもっと高いアンテナ
the taller antenna for K-88	K-88のもっと高いアンテナ
{explorer} wants a taller antenna so K-88 reaches the next town	{explorer}がK-88が隣町まで届く高いアンテナをほしがっている
Right now K-88 stops at the gas station.	今のK-88はガソリンスタンドまでしか届かないんだ。
The antenna's ten feet taller.	アンテナが三メートル高くなった。
Garden plots behind the diner	ダイナーの裏の家庭菜園
the garden plots behind the diner	ダイナーの裏の家庭菜園
{keeper} wants garden plots for anyone who wants one	{keeper}が誰でも使える家庭菜園をほしがっている
Grow your own tomatoes. Beat the diner's prices.	トマトは自分で育てよう。ダイナーより安くね。
Six plots dug and labelled.	区画を六つ掘って、名札をつけた。
A stage in the park	公園のステージ
the stage in the park	公園のステージ
{explorer} wants a stage in the park for the bands	{explorer}がバンドのために公園にステージをほしがっている
Every band on the street plays in a garage. Let them play outside.	通りのバンドはみんなガレージで演奏してる。外で演奏させてあげよう。
The stage has boards and a plug.	ステージに床板とコンセントができた。
New streetlights on the dark end	暗い端の新しい街灯
the new streetlights on the dark end	暗い端の新しい街灯
{keeper} wants new streetlights on the dark end of the street	{keeper}が通りの暗い端に新しい街灯をほしがっている
Half the street goes dark after nine.	九時を過ぎると通りの半分が真っ暗になるんだ。
Two more lights on the dark end.	暗い端に街灯がもう二本。
A shelf of tapes to rent	レンタルビデオの棚
the shelf of tapes to rent	レンタルビデオの棚
{keeper} wants a shelf of tapes to rent at the arcade	{keeper}がアーケードにレンタルビデオの棚をほしがっている
Everyone wants to watch movies at home now.	今はみんな家で映画を見たがってるんだ。
Forty tapes on the shelf. Rewound, mostly.	棚にビデオが四十本。だいたい巻き戻してあるよ。
A bike rack outside the school	学校の前の自転車置き場
the bike rack outside the school	学校の前の自転車置き場
{explorer} wants a bike rack outside the school	{explorer}が学校の前に自転車置き場をほしがっている
Bikes chained to the flagpole. That's not right.	旗竿に自転車を鎖でつなぐなんて、おかしいよ。
The rack holds twelve bikes.	自転車置き場に十二台置ける。
A dance floor in the church hall	教会ホールのダンスフロア
the dance floor in the church hall	教会ホールのダンスフロア
{keeper} wants a proper floor for the school dances	{keeper}が学校のダンスパーティーのためのちゃんとした床をほしがっている
The gym smells like socks. Dances deserve better.	体育館は靴下のにおいがする。ダンスにはもっといい場所がふさわしいよ。
The floor's sanded and shining.	床をやすりがけして、ぴかぴかにした。
A record library at K-88	K-88のレコード室
the record library at K-88	K-88のレコード室
{explorer} wants a record library at K-88	{explorer}がK-88にレコード室をほしがっている
Our records are in boxes in a closet. It's a crime.	うちのレコードは物置の箱の中。犯罪だよ。
Two shelves of records, in order.	レコードが二段分、きちんと並んだ。
A treehouse in the old oak	古いオークの木のツリーハウス
the treehouse in the old oak	古いオークの木のツリーハウス
{explorer} wants a treehouse in the old oak	{explorer}が古いオークの木にツリーハウスをほしがっている
Every kid deserves a treehouse. Every grown-up too.	子どもにはみんなツリーハウスが必要だよ。大人にもね。
The treehouse has a floor. The ladder's next.	ツリーハウスに床ができた。次ははしご。
A basketball court in the lot	空き地のバスケットコート
the basketball court in the lot	空き地のバスケットコート
{explorer} wants a court with real hoops	{explorer}が本物のゴールのあるコートをほしがっている
The kids shoot at a milk crate on a pole.	子どもたちは柱につけた牛乳ケースに向かってシュートしてるんだ。
One hoop up. One to go.	ゴールがひとつ立った。あとひとつ。
A pay phone on the corner	角の公衆電話
the pay phone on the corner	角の公衆電話
{keeper} wants a pay phone on the corner	{keeper}が通りの角に公衆電話をほしがっている
The nearest phone is six blocks away.	いちばん近い電話は六ブロック先なんだ。
The phone's in. Dial tone and everything.	電話が入ったよ。発信音もちゃんとする。
A new screen at the drive-in	ドライブインシアターの新しいスクリーン
the new screen at the drive-in	ドライブインシアターの新しいスクリーン
{explorer} wants a new screen at the drive-in	{explorer}がドライブインシアターに新しいスクリーンをほしがっている
The old screen has a hole right where the heroes stand.	古いスクリーンは、ちょうど主人公が立つところに穴があいてるんだ。
The new screen's half stretched.	新しいスクリーンが半分張れた。
A study room at the library	図書館の自習室
the study room at the library	図書館の自習室
{keeper} wants a quiet room for studying at the library	{keeper}が図書館に静かな自習室をほしがっている
Try studying for finals with the TV on.	テレビがついた部屋で期末試験の勉強なんて、やってみなよ。
The study room has desks and a sign that says Shh.	自習室に机と「お静かに」の貼り紙。
Flower beds down the median	中央分離帯の花壇
the flower beds down the median	中央分離帯の花壇
{keeper} wants flower beds down the middle of the street	{keeper}が通りの真ん中に花壇をほしがっている
Something to look at besides traffic.	車以外に眺めるものがほしいんだ。
Tulips in the first three beds.	最初の三つの花壇にチューリップ。
A soapbox derby track	ソープボックスレースのコース
the soapbox derby track	ソープボックスレースのコース
{explorer} wants a soapbox track down Hill Street	{explorer}がヒル通りを下るソープボックスレースのコースをほしがっている
Every kid on the street has a cart and nowhere to race it.	通りの子どもはみんな手作りカートを持ってるのに、走らせる場所がないんだ。
The track's marked out with hay bales.	干し草の俵でコースに印をつけた。
A neon sign for the arcade	アーケードのネオンサイン
the neon sign for the arcade	アーケードのネオンサイン
{keeper} wants a neon sign for the arcade	{keeper}がアーケードにネオンサインをほしがっている
Nobody can find us after dark.	暗くなると誰もうちを見つけられないんだ。
Half the letters glow. The A is stubborn.	文字の半分が光ってる。Aが頑固でね。
A notice board at the diner	ダイナーの掲示板
the notice board at the diner	ダイナーの掲示板
{keeper} wants a board for notices at the diner	{keeper}がダイナーに掲示板をほしがっている
Lost dogs, lawn mowers for sale, babysitters wanted.	迷子の犬、芝刈り機売ります、ベビーシッター募集。
The board's up and already full.	掲示板を立てたら、もういっぱい。
A van for K-88 to broadcast live	K-88の生中継用バン
the van for K-88 to broadcast live	K-88の生中継用バン
{explorer} wants a van so K-88 can broadcast live	{explorer}がK-88が生中継できるバンをほしがっている
Imagine the Bike Race on the radio, live!	自転車レースをラジオで生中継するところ、想像してみて！
The van has a dish on the roof.	バンの屋根にアンテナがついた。
A youth centre	青少年センター
the youth centre	青少年センター
{keeper} wants a youth centre for the kids after school	{keeper}が放課後の子どもたちのための青少年センターをほしがっている
School's out at three and the kids have nowhere to be.	学校は三時に終わるのに、子どもたちには行く場所がないんだ。
The youth centre has a ping-pong table.	青少年センターに卓球台が入った。
Picnic tables in the park	公園のピクニックテーブル
the picnic tables in the park	公園のピクニックテーブル
{explorer} wants picnic tables in the park	{explorer}が公園にピクニックテーブルをほしがっている
Picnics on a blanket are for ants.	敷物の上のピクニックはアリのためのものだよ。
Four tables, painted green.	テーブルが四つ、緑色に塗ったよ。
A winter ice rink in the lot	空き地の冬のアイスリンク
the winter ice rink in the lot	空き地の冬のアイスリンク
{explorer} wants to flood the lot for skating in winter	{explorer}が冬に空き地に水を張ってスケートリンクにしたがっている
Freeze the lot and we've got a rink.	空き地を凍らせれば、リンクのできあがり。
The boards are up round the rink.	リンクのまわりに板が立った。
A drinking fountain on the square	広場の水飲み場
the drinking fountain on the square	広場の水飲み場
{keeper} wants a drinking fountain on the square	{keeper}が広場に水飲み場をほしがっている
Summer's hot and the diner charges for water.	夏は暑いし、ダイナーは水にもお金をとるんだ。
The fountain works. Cold as anything.	水飲み場が動いた。すごく冷たいよ。
Speakers for the block parties	ブロックパーティー用のスピーカー
the speakers for the block parties	ブロックパーティー用のスピーカー
{explorer} wants speakers for the block parties	{explorer}がブロックパーティー用のスピーカーをほしがっている
One boombox can't carry a whole street.	ラジカセひとつじゃ通り全体には届かないよ。
Two speakers up on poles.	柱にスピーカーを二台取りつけた。
A computer room at the high school	高校のコンピューター室
the computer room at the high school	高校のコンピューター室
{keeper} wants a room of computers at the high school	{keeper}が高校にコンピューター室をほしがっている
Computers are the future. Everyone says so.	コンピューターは未来だよ。みんなそう言ってる。
Three computers plugged in. One works.	コンピューターを三台つないだ。動くのは一台。
A walk of fame on the sidewalk	歩道のウォーク・オブ・フェーム
the walk of fame on the sidewalk	歩道のウォーク・オブ・フェーム
{explorer} wants stars on the sidewalk for Maple Street's own	{explorer}がメイプル通りの人たちの星を歩道にほしがっている
Everyone on this street is somebody.	この通りの人は、みんな何者かなんだ。
Five stars set in the sidewalk.	歩道に星を五つ埋めこんだ。
A greenhouse at the school	学校の温室
the greenhouse at the school	学校の温室
{keeper} wants a greenhouse for the biology class	{keeper}が生物の授業のための温室をほしがっている
Biology from a textbook is no biology at all.	教科書だけの生物なんて、生物じゃないよ。
The greenhouse has glass on three sides.	温室の三面にガラスが入った。
A bigger bus depot	もっと大きなバス車庫
the bigger bus depot	もっと大きなバス車庫
{explorer} wants a bigger depot for Night Bus 6	{explorer}が夜行バス6番のためにもっと大きな車庫をほしがっている
One bus, and it sleeps in the rain.	バスは一台なのに、雨ざらしで眠ってるんだ。
The depot has a roof big enough for two buses.	車庫にバス二台分の屋根ができた。
A time capsule by the school	学校のそばのタイムカプセル
the time capsule by the school	学校のそばのタイムカプセル
{keeper} wants a time capsule buried by the school	{keeper}が学校のそばにタイムカプセルを埋めたがっている
Letters to whoever lives here in 2020.	二〇二〇年にここに住んでる誰かへの手紙。
The capsule's full of letters and a Rubik's cube.	カプセルは手紙とルービックキューブでいっぱい。
A dog run in the park	公園のドッグラン
the dog run in the park	公園のドッグラン
{explorer} wants a fenced run for the street's dogs	{explorer}が通りの犬たちのために柵で囲ったドッグランをほしがっている
The dogs need somewhere to run that isn't Mrs Henderson's lawn.	犬たちには、ヘンダーソンさんの芝生以外に走り回れる場所が必要だよ。
The fence goes all the way round.	柵がぐるっと一周した。
A marquee for the Rialto	リアルト座の看板
the marquee for the Rialto	リアルト座の看板
{keeper} wants a marquee with lights for the Rialto	{keeper}がリアルト座に電飾つきの看板をほしがっている
A movie house should look like one.	映画館は映画館らしく見えなくちゃ。
Half the bulbs lit on the marquee.	看板の電球が半分ついた。
A bike path to the lake	湖までの自転車道
the bike path to the lake	湖までの自転車道
{explorer} wants a bike path out to the lake	{explorer}が湖まで続く自転車道をほしがっている
The road to the lake is all trucks.	湖への道はトラックばかりなんだ。
Another quarter-mile of path.	自転車道がまた四百メートル伸びた。
A gazebo on the square	広場のあずまや
the gazebo on the square	広場のあずまや
{keeper} wants a gazebo on the square	{keeper}が広場にあずまやをほしがっている
Somewhere to sit when it rains.	雨の日に座れる場所がほしいんだ。
The gazebo has its roof.	あずまやに屋根がついた。
A recording studio at K-88	K-88の録音スタジオ
the recording studio at K-88	K-88の録音スタジオ
{explorer} wants a studio so local bands can record	{explorer}が地元のバンドが録音できるスタジオをほしがっている
Every band on the street deserves a demo tape.	通りのバンドには、みんなデモテープがあってしかるべきだよ。
The egg boxes are on the walls. Soundproof, sort of.	壁に卵の紙パックを貼った。防音、みたいなもの。
Stalls for a Saturday market	土曜市の屋台
the stalls for a Saturday market	土曜市の屋台
{keeper} wants stalls for a Saturday market	{keeper}が土曜市のための屋台をほしがっている
Fresh corn from the farms, right here on the street.	農家からのとれたてのとうもろこしを、この通りで。
Six stalls up in a row.	屋台が六つ、一列に並んだ。
A working clock on the old bank	古い銀行の動く時計
the working clock on the old bank	古い銀行の動く時計
{keeper} wants the clock on the old bank working again	{keeper}が古い銀行の時計をまた動かしたがっている
It's said twenty past four since 1971.	一九七一年からずっと四時二十分を指してるんだ。
The hands move. Wrong time, but they move.	針が動いた。時刻は違うけど、動いてる。
A skate park by the lake	湖のそばのスケートパーク
the skate park by the lake	湖のそばのスケートパーク
{explorer} wants a skate park out by the lake	{explorer}が湖のそばにスケートパークをほしがっている
The kids skate the bank steps. The bank is not happy.	子どもたちは銀行の階段で滑ってる。銀行はご機嫌ななめだよ。
Two ramps and a half-pipe.	スロープがふたつとハーフパイプ。
A bench for Mrs Henderson	ヘンダーソンさんのためのベンチ
the bench for Mrs Henderson	ヘンダーソンさんのためのベンチ
{keeper} wants a bench in memory of Mrs Henderson	{keeper}がヘンダーソンさんをしのぶベンチをほしがっている
She sat on her porch every evening. She'd like a bench.	毎晩ポーチに座ってた人だもの。ベンチがあれば喜ぶよ。
The bench has her name on it.	ベンチに彼女の名前が入った。
A second floor for the arcade	アーケードの二階
the second floor for the arcade	アーケードの二階
{keeper} wants a second floor for the arcade	{keeper}がアーケードに二階をほしがっている
Sixty machines, forty spaces.	ゲーム機は六十台、置き場所は四十台分。
The stairs go up to nothing yet.	階段はできたけど、上にはまだ何もないよ。
A Welcome to Maple Street sign	「ようこそメイプル通りへ」の看板
the welcome to Maple Street sign	「ようこそメイプル通りへ」の看板
{explorer} wants a sign where the street begins	{explorer}が通りの入り口に看板をほしがっている
People should know they've arrived somewhere.	どこかに着いたってわかるようにしなくちゃ。
The sign's painted. The W is a bit wobbly.	看板を塗ったよ。「よ」がちょっとぐらぐら。
A second transmitter for K-88	K-88の二台目の送信機
the second transmitter for K-88	K-88の二台目の送信機
{explorer} wants a second transmitter so K-88 reaches the city	{explorer}がK-88が都会まで届く二台目の送信機をほしがっている
The city should hear what Maple Street sounds like.	メイプル通りがどんな音か、都会の人にも聞いてほしいんだ。
The second transmitter's wired in.	二台目の送信機の配線ができた。
A snow wall round the nests	巣のまわりの雪の壁
the snow wall round the nests	巣のまわりの雪の壁
{keeper} wants a wall of snow round the nests	{keeper}が巣のまわりに雪の壁をほしがっている
The wind finds every egg. Let's stop it.	風はどの卵も見つけちゃうの。止めてあげよう。
Another row of snow blocks on the wall.	壁に雪のブロックをもう一段。
A fishing hole by the bridge	橋のそばの漁場
the fishing hole by the bridge	橋のそばの漁場
{explorer} wants a new fishing hole near the bridge	{explorer}が橋の近くに新しい漁場をほしがっている
The far hole's a long waddle with a fish in your beak.	遠い穴まで、くちばしに魚をくわえてよちよち歩くのは長いんだよ。
The ice is chipped half through.	氷を半分まで削ったよ。
An ice house for the vault	貯蔵庫の氷室
the ice house for the vault	貯蔵庫の氷室
{explorer} wants an ice house to keep the fish fresh	{explorer}が魚を新鮮に保つ氷室をほしがっている
Fish go off when the thaw comes. An ice house would keep them.	雪どけが来ると魚が傷むの。氷室があれば長持ちするよ。
The ice house has walls. Cold ones.	氷室に壁ができた。冷たい壁がね。
A crèche for the chicks	ひなの保育所
the crèche for the chicks	ひなの保育所
{keeper} wants a crèche where the chicks can huddle	{keeper}がひなたちが身を寄せ合える保育所をほしがっている
The chicks wander. A crèche would keep them warm and in one place.	ひなたちはすぐどこかへ行っちゃう。保育所があれば、ひとところで暖かくしていられるよ。
The crèche's floor is packed smooth.	保育所の床をなめらかに固めた。
Lanterns along the bridge	橋沿いのランタン
the lanterns along the bridge	橋沿いのランタン
{keeper} wants lanterns all along the bridge	{keeper}が橋じゅうにランタンをほしがっている
In the long night nobody should cross in the dark.	長い夜に、暗闇の中を渡る子がいちゃいけないよ。
Another lantern lit on the bridge.	橋にまたひとつランタンがともった。
A lookout on the tall berg	高い氷山の見張り台
the lookout on the tall berg	高い氷山の見張り台
{explorer} wants a lookout on the tall berg	{explorer}が高い氷山に見張り台をほしがっている
I want to see the seals before they see us.	アザラシに見つかる前に、こっちが見つけたいの。
Steps cut halfway up the berg.	氷山の中腹まで段を刻んだ。
A proper slide to the sea	海までのちゃんとしたすべり台
the proper slide to the sea	海までのちゃんとしたすべり台
{explorer} wants a slide straight down to the water	{explorer}が水辺までまっすぐのすべり台をほしがっている
Waddling down to the sea is slow. Sliding is fast.	海までよちよち歩くのは遅いの。すべれば速いよ。
The slide's smooth to the halfway mark.	すべり台は中ほどまでつるつる。
A ring of stones for the council	評議会の石の輪
the ring of stones for the council	評議会の石の輪
{keeper} wants a ring of stones for the council to stand in	{keeper}が評議会が立つ石の輪をほしがっている
The council meets in a muddle. It should meet in a ring.	評議会はごちゃごちゃ集まってる。輪になって集まるべきだよ。
Six stones stand in the ring.	輪に石が六つ立った。
Kelp beds in the shallows	浅瀬の昆布畑
the kelp beds in the shallows	浅瀬の昆布畑
{explorer} wants kelp beds tended in the shallows	{explorer}が浅瀬で昆布畑を育てたがっている
Kelp for the lean months, if we plant it now.	今植えておけば、乏しい月の昆布になるよ。
The first beds are pegged down.	最初の畑を杭で留めた。
A thaw marker on the floe	浮氷の雪どけ目盛り
the thaw marker on the floe	浮氷の雪どけ目盛り
{keeper} wants a marker to see how fast the ice is thinning	{keeper}が氷がどれくらい速く薄くなるか測る目盛りをほしがっている
Every thaw the ice goes a little further. I want to know how far.	雪どけのたびに氷が少しずつ遠のくの。どこまでか知りたいんだ。
The marker's in and notched.	目盛りを立てて、刻みをつけた。
A shelter out of the wind	風よけの避難所
the shelter out of the wind	風よけの避難所
{keeper} wants a shelter hollowed out of the wind	{keeper}が風をしのげるくぼみの避難所をほしがっている
In a blizzard we need somewhere to huddle that isn't open ice.	吹雪のとき、むき出しの氷じゃない場所で身を寄せ合いたいの。
The shelter's dug deep enough for six.	避難所を六羽入れる深さまで掘った。
A second fish vault	二つ目の魚の貯蔵庫
the second fish vault	二つ目の魚の貯蔵庫
{explorer} wants a second vault for the big catches	{explorer}が大漁のための二つ目の貯蔵庫をほしがっている
The vault's full by midsummer. Then what?	夏至には貯蔵庫がいっぱいになるの。そしたらどうする？
The second vault's walls are packed.	二つ目の貯蔵庫の壁を固めた。
A rope bridge to the far floe	遠くの浮氷への縄の橋
the rope bridge to the far floe	遠くの浮氷への縄の橋
{keeper} wants a bridge of kelp rope to the far floe	{keeper}が遠くの浮氷まで昆布の縄で橋をかけたがっている
When the ice parts, the far floe's cut off.	氷が割れると、遠くの浮氷は切り離されちゃうの。
The rope's across. Knotted, anyway.	縄が渡った。結び目だらけだけどね。
A song stone	歌の石
the song stone	歌の石
{explorer} wants a stone where the colony can sing	{explorer}がコロニーが歌える石をほしがっている
Our songs sound best off something that echoes.	私たちの歌は、響くものに当てるといちばんよく聞こえるの。
The song stone's hollowed. It hums.	歌の石をくり抜いた。ハミングしてるよ。
A warm spot for the eggs	卵のための暖かい場所
the warm spot for the eggs	卵のための暖かい場所
{keeper} wants a warm spot by the vents for the eggs	{keeper}が噴気口のそばに卵のための暖かい場所をほしがっている
Every egg needs warm feet. Some feet are colder than others.	卵にはみんな暖かい足が必要なの。ほかより冷たい足もあるからね。
The warm spot's lined with feathers.	暖かい場所に羽を敷きつめた。
Snow steps up the ridge	尾根への雪の階段
the snow steps up the ridge	尾根への雪の階段
{keeper} wants steps cut up the ridge	{keeper}が尾根に段を刻みたがっている
The ridge is steep and the old steps slip.	尾根は急だし、古い段はすべるの。
Twenty steps cut. Fifty to go.	二十段刻んだ。あと五十段。
A fishing ledge over the deep	深みの上の釣り棚
the fishing ledge over the deep	深みの上の釣り棚
{explorer} wants a ledge over the deep water	{explorer}が深い水の上に張り出した棚をほしがっている
The best fish are where the ice ends.	いちばんいい魚は、氷が終わるところにいるの。
The ledge is frozen solid. Good.	棚はかちかちに凍った。よし。
A circle for storytelling	お話の輪
the circle for storytelling	お話の輪
{keeper} wants a circle where the old ones tell stories	{keeper}がお年寄りが昔話をする輪をほしがっている
The chicks should hear how the colony began.	コロニーがどうやって始まったか、ひなたちも聞くべきだよ。
The circle's marked with pebbles.	輪を小石で印した。
A breathing hole kept open all winter	冬じゅう開けておく息継ぎ穴
the breathing hole kept open all winter	冬じゅう開けておく息継ぎ穴
{explorer} wants a breathing hole kept open all winter	{explorer}が冬じゅう息継ぎ穴を開けておきたがっている
When the sea freezes, the fish need air and we need the fish.	海が凍ると、魚には空気が必要で、私たちには魚が必要なの。
The hole's open, and we take turns keeping it so.	穴は開いてるよ。交代で開けておいてるんだ。
A seat for watching the aurora	オーロラを眺める席
the seat for watching the aurora	オーロラを眺める席
{keeper} wants a seat carved for the aurora nights	{keeper}がオーロラの夜のために彫った席をほしがっている
Everyone stands with their necks cricked. Let's sit.	みんな首をかしげて立ってるんだもの。座ろうよ。
The seat's carved. It's cold, but it's a seat.	席を彫ったよ。冷たいけど、席は席。
A row of new nests	新しい巣の列
the row of new nests	新しい巣の列
{keeper} wants a row of new nests for the couples	{keeper}がつがいのための新しい巣の列をほしがっている
There are couples with nowhere to nest.	巣を作る場所のないつがいがいるの。
Four new nests, pebbled.	新しい巣が四つ、小石を敷いたよ。
Drying racks for kelp	昆布の干し台
the drying racks for kelp	昆布の干し台
{explorer} wants racks to dry kelp for the winter	{explorer}が冬に向けて昆布を干す台をほしがっている
Dried kelp keeps. Wet kelp rots.	干した昆布は長持ちする。濡れた昆布は腐っちゃう。
The racks are strung with kelp.	干し台に昆布をずらっと吊るした。
A gate on the bridge	橋の門
the gate on the bridge	橋の門
{keeper} wants a gate on the bridge for the long night	{keeper}が長い夜のために橋に門をほしがっている
Nobody should wander off the bridge in the dark.	暗い中で橋からさまよい出る子がいちゃいけないよ。
The gate's up. It creaks.	門が立った。きしむけどね。
A seal watch post	アザラシの見張り所
the seal watch post	アザラシの見張り所
{explorer} wants a post to watch for leopard seals	{explorer}がヒョウアザラシを見張る場所をほしがっている
One seal took three fish and a feather last year.	去年、一頭に魚三匹と羽一枚を取られたの。
The post's up on the edge.	見張り所を端に立てた。
A snow hall for the Great Huddle	大ハドルのための雪の広間
the snow hall for the Great Huddle	大ハドルのための雪の広間
{keeper} wants a hall of snow big enough for everyone	{keeper}がみんなが入れるくらい大きな雪の広間をほしがっている
The whole colony should fit under one roof.	コロニーのみんながひとつ屋根の下に入れるといいな。
The dome's walls meet at the top.	ドームの壁がてっぺんでつながった。
Markers for the fish runs	魚の通り道の目印
the markers for the fish runs	魚の通り道の目印
{explorer} wants markers where the fish run	{explorer}が魚の通り道に目印をほしがっている
The fish come the same way every year. Mark it!	魚は毎年同じ道を通るの。印をつけよう！
Three markers bob in the water.	目印が三つ、水に浮かんでる。
A lantern at the far floe	遠くの浮氷のランタン
the lantern at the far floe	遠くの浮氷のランタン
{keeper} wants a lantern at the far floe	{keeper}が遠くの浮氷にランタンをほしがっている
The far floe's dark as a whale's belly.	遠くの浮氷はクジラのおなかみたいに真っ暗なの。
The far lantern burns.	遠くのランタンがともってる。
A little slide for the chicks	ひなの小さなすべり台
the little slide for the chicks	ひなの小さなすべり台
{explorer} wants a little slide just for the chicks	{explorer}がひなたち専用の小さなすべり台をほしがっている
The big slide's too fast for the little ones.	大きなすべり台はちびっ子には速すぎるの。
The chick slide is gentle and very popular.	ひなのすべり台はゆるやかで、大人気。
An arch of whale bones	クジラの骨のアーチ
the arch of whale bones	クジラの骨のアーチ
{keeper} wants an arch from the old whale bones	{keeper}が古いクジラの骨でアーチを作りたがっている
The bones have lain there since before my grandmother. Let's make something of them.	おばあちゃんより前からあそこにある骨なの。何か作ろうよ。
The arch stands. Mind your head.	アーチが立った。頭に気をつけて。
Salt pans on the rocks	岩の上の塩田
the salt pans on the rocks	岩の上の塩田
{explorer} wants salt pans to cure the fish	{explorer}が魚を塩漬けにする塩田をほしがっている
Salted fish keeps all winter.	塩漬けの魚は冬じゅうもつよ。
The first pan's crusted white.	最初の塩田が白く固まった。
A channel through the thaw ice	雪どけの氷を抜ける水路
the channel through the thaw ice	雪どけの氷を抜ける水路
{explorer} wants a channel cut through the thinning ice	{explorer}が薄くなる氷に水路を切り開きたがっている
When the thaw comes, the ice traps us. A channel would free us.	雪どけが来ると氷に閉じこめられちゃう。水路があれば抜けられるよ。
The channel's cut halfway to open water.	水路が開けた海まで半分届いた。
A sheltered pool for swimming lessons	泳ぎの練習用の囲われたプール
the sheltered pool for swimming lessons	泳ぎの練習用の囲われたプール
{keeper} wants a sheltered pool to teach the chicks to swim	{keeper}がひなに泳ぎを教える囲われたプールをほしがっている
The open sea is too rough for first swims.	外海は初めて泳ぐには荒すぎるの。
The pool's walled on three sides.	プールの三方に壁ができた。
A pebble market	小石の市場
the pebble market	小石の市場
{explorer} wants a place to trade pebbles and fish	{explorer}が小石と魚を取引する場所をほしがっている
Everyone has something someone else wants.	誰だって、ほかの誰かがほしいものを持ってるんだよ。
The market has a counter of ice.	市場に氷のカウンターができた。
A beacon for the long night	長い夜のためのビーコン
the beacon for the long night	長い夜のためのビーコン
{keeper} wants a beacon to guide the fishers home in the dark	{keeper}が暗闇の中で漁師を家に導くビーコンをほしがっている
In the long night the fishers get lost coming home.	長い夜には、漁師たちが帰り道に迷っちゃうの。
The beacon's oil is in. It just needs lighting.	ビーコンに油を入れた。あとは火をつけるだけ。
A ramp for the old ones	お年寄りのためのスロープ
the ramp for the old ones	お年寄りのためのスロープ
{keeper} wants a gentle ramp for the old ones	{keeper}がお年寄りのためのゆるやかなスロープをほしがっている
Grandma Olo can't manage the steps any more.	オロおばあちゃん、もう階段がつらいの。
The ramp's packed smooth.	スロープをなめらかに固めた。
A wall of carved names	名前を刻んだ壁
the wall of carved names	名前を刻んだ壁
{explorer} wants a wall where everyone carves their name	{explorer}がみんなが名前を刻める壁をほしがっている
So the colony remembers who was here.	誰がここにいたか、コロニーが覚えていられるように。
Twelve names carved so far.	今のところ十二羽の名前を刻んだ。
A shell horn for foggy days	霧の日の貝の角笛
the shell horn for foggy days	霧の日の貝の角笛
{keeper} wants a horn to blow on foggy days	{keeper}が霧の日に吹く角笛をほしがっている
In the fog you can't see your own flipper.	霧の中じゃ自分のひれも見えないの。
The horn blows. Loud!	角笛が鳴った。大きい音！
A bridge to the new floe	新しい浮氷への橋
the bridge to the new floe	新しい浮氷への橋
{keeper} wants a bridge out to the new floe	{keeper}が新しい浮氷まで橋をかけたがっている
The colony's outgrown the old floe.	コロニーは古い浮氷には収まらなくなったの。
The first span reaches the new floe.	最初の橋桁が新しい浮氷に届いた。
A sandbag wall by the airlock	エアロックのそばの土のうの壁
a sandbag wall by the airlock	エアロックのそばの土のうの壁
Built it from spare bags. Keeps the worst of the dust out.	余った袋で作ったんだ。ひどい砂ぼこりは防げるよ。
A shelf of seedlings in the corridor	廊下の苗の棚
a shelf of seedlings in the corridor	廊下の苗の棚
Every spare pot, planted. The corridor smells green now.	空いてる鉢に全部植えたんだ。廊下が緑のにおいになったよ。
A rock garden by the rover bay	ローバー格納庫のそばの石庭
a rock garden by the rover bay	ローバー格納庫のそばの石庭
Red rocks, arranged. It's art. Don't argue.	赤い石を並べたんだ。芸術だよ。文句は言わないで。
A message board by the mess	食堂のそばの伝言板
a message board by the mess	食堂のそばの伝言板
Pin up what you need. Someone always has it.	必要なものを貼っておいて。誰かが必ず持ってるから。
A second bench under the dome	ドームの下の二つ目のベンチ
a second bench under the dome	ドームの下の二つ目のベンチ
Two benches now. No more fighting for the view.	これでベンチはふたつ。もう眺めを取り合わなくていいよ。
A windsock on the mast	マストの吹き流し
a windsock on the mast	マストの吹き流し
Now we can see the dust coming.	これで砂ぼこりが来るのが見えるよ。
A lamp at the end of the walkway	通路の端のランプ
a lamp at the end of the walkway	通路の端のランプ
So nobody misses the airlock in the dark.	暗い中でエアロックを見逃さないようにね。
A swap shelf in the common room	談話室の交換棚
a swap shelf in the common room	談話室の交換棚
Leave a book, take a book. Or a sock.	本を一冊置いて、一冊持っていく。靴下でもいいよ。
A sundial made from a rover part	ローバーの部品で作った日時計
a sundial made from a rover part	ローバーの部品で作った日時計
It's slow on Mars time. So are we.	火星時間だとゆっくりなんだ。私たちもね。
A mural on the water tank	水タンクの壁画
a mural on the water tank	水タンクの壁画
Blue sky, painted. The closest we'll get.	青空を描いたんだ。ここで見られるいちばん近い空だよ。
A tool rack by the airlock	エアロックのそばの工具掛け
a tool rack by the airlock	エアロックのそばの工具掛け
Every tool on a hook. We'll see how long it lasts.	道具は全部フックに。いつまでもつかな。
A little shrine of Earth pebbles	地球の小石の小さなほこら
a little shrine of Earth pebbles	地球の小石の小さなほこら
One pebble from everyone's home. Look at them all.	みんなの故郷の小石をひとつずつ。ほら、こんなに。
A hopscotch grid on the sidewalk	歩道のけんけんぱ
a hopscotch grid on the sidewalk	歩道のけんけんぱ
Chalk and a steady hand. The kids approve.	チョークと、ぶれない手。子どもたちのお墨付きだよ。
A tire swing on the old oak	古いオークの木のタイヤぶらんこ
a tire swing on the old oak	古いオークの木のタイヤぶらんこ
One tire, one rope, one very happy kid.	タイヤひとつ、ロープ一本、大喜びの子どもひとり。
A lemonade stand by the bus stop	バス停のそばのレモネード屋台
a lemonade stand by the bus stop	バス停のそばのレモネード屋台
Ten cents a cup. We're rich!	一杯十セント。大金持ちだ！
A mural on the arcade wall	アーケードの壁の壁画
a mural on the arcade wall	アーケードの壁の壁画
Everyone painted a bit. Guess which bit's mine.	みんなで少しずつ描いたんだ。どこが私のか当ててみて。
A basketball hoop over the garage	ガレージの上のバスケットゴール
a basketball hoop over the garage	ガレージの上のバスケットゴール
Nothing but net. Well, mostly net.	ネットにすぽっ。まあ、だいたいはね。
A bench at the bus stop	バス停のベンチ
a bench at the bus stop	バス停のベンチ
No more waiting for Night Bus 6 standing up.	もう立ったまま夜行バス6番を待たなくていい。
A free library box on a post	柱の上の無料図書箱
a free library box on a post	柱の上の無料図書箱
Take a book, leave a book. There's a lot of Stephen King.	本を一冊持っていって、一冊置いていく。スティーヴン・キングがやたら多いよ。
A string of lights along the porches	ポーチ沿いの電飾
a string of lights along the porches	ポーチ沿いの電飾
Every porch lit. The street looks like a birthday cake.	どのポーチも明るくて、通りが誕生日ケーキみたい。
A skate ramp in the vacant lot	空き地のスケート用スロープ
a skate ramp in the vacant lot	空き地のスケート用スロープ
Plywood, nails and nerve.	ベニヤ板と釘と度胸。
A flower box outside the diner	ダイナーの前の花箱
a flower box outside the diner	ダイナーの前の花箱
Marigolds. The cook pretends not to water them.	マリーゴールド。コックさんは水やりしてないふりをしてる。
A notice board at the corner store	角の店の掲示板
a notice board at the corner store	角の店の掲示板
Lost cats, found bikes, band wanted.	迷子の猫、見つかった自転車、バンドメンバー募集。
A birdhouse on the telephone pole	電柱の巣箱
a birdhouse on the telephone pole	電柱の巣箱
The sparrows moved in the same day.	その日のうちにスズメが引っ越してきたよ。
A windbreak of snow blocks	雪のブロックの風よけ
a windbreak of snow blocks	雪のブロックの風よけ
Blocks stacked tall. The wind goes round us now.	ブロックを高く積んだの。もう風がよけていくよ。
A slide polished down the small slope	小さな坂を磨いたすべり台
a slide polished down the small slope	小さな坂を磨いたすべり台
Belly-smooth. Try it. Go on.	おなかでつるつる。やってみて。ほら。
A pebble path to the fishing hole	漁場への小石の道
a pebble path to the fishing hole	漁場への小石の道
Nobody gets lost in the snow now.	もう雪の中で迷う子はいないよ。
A snow penguin by the bridge	橋のそばの雪のペンギン
a snow penguin by the bridge	橋のそばの雪のペンギン
It's a very good likeness of Piko. Don't tell him.	ピコにそっくりなの。本人には内緒ね。
A lookout mound on the ridge	尾根の見張り塚
a lookout mound on the ridge	尾根の見張り塚
From up here you can see the whales coming.	ここからならクジラが来るのが見えるよ。
A shelter hollowed into the berg	氷山をくり抜いた避難所
a shelter hollowed into the berg	氷山をくり抜いた避難所
Out of the wind, all of us, all night.	風をしのいで、みんなで、一晩じゅう。
A row of ice lanterns	氷のランタンの列
a row of ice lanterns	氷のランタンの列
Fish oil and ice. They glow all night.	魚の油と氷。一晩じゅう光ってるよ。
A second fishing hole	二つ目の漁場
a second fishing hole	二つ目の漁場
Two holes, twice the fish. That's the plan.	穴がふたつなら魚も二倍。そういう計画。
A snow wall round the crèche	保育所のまわりの雪の壁
a snow wall round the crèche	保育所のまわりの雪の壁
The chicks stay in. Mostly.	ひなたちは中にいるよ。だいたいはね。
A drying rack for the kelp	昆布の干し台
a drying rack for the kelp	昆布の干し台
Kelp in the wind. It smells... strong.	風に揺れる昆布。においが……強烈。
A carved seal on the floe	浮氷の上のアザラシの彫刻
a carved seal on the floe	浮氷の上のアザラシの彫刻
It's a seal. It's always been a seal.	アザラシだよ。最初からアザラシだったの。
A pebble tower by the council stone	評議会の石のそばの小石の塔
a pebble tower by the council stone	評議会の石のそばの小石の塔
One pebble from everyone. It wobbles.	みんなからひとつずつ小石を。ぐらぐらするけど。
the Stores Count	備蓄の点検
The Stores Count is {days} sols off. Everyone's stacking crates.	備蓄の点検まであと{days}ソル。みんな木箱を積んでるよ。
Stores Count soon. I've counted the ration packs twice already.	もうすぐ備蓄の点検。配給パックはもう二回数えたよ。
The habitat counted full shelves at the Stores Count	備蓄の点検で、居住区の棚がいっぱいだと確かめられた
The habitat held its Stores Count	居住区で備蓄の点検が行われた
The Stores Count was a short list and a long face	備蓄の点検は、短いリストと浮かない顔だけだった
Shelves to the ceiling! We'll eat well this year.	棚が天井まで！今年はたっぷり食べられるよ。
Enough to go round.	みんなに行き渡るくらいはある。
We'll tighten our belts, then.	じゃあ、節約だね。
Shuttle Day	シャトルの日
Shuttle Day is {days} sols off. Everyone's writing letters to send up.	シャトルの日まであと{days}ソル。みんな送る手紙を書いてるよ。
Shuttle Day soon. I've got a letter for my mother in every pocket.	もうすぐシャトルの日。どのポケットにも母への手紙が入ってるんだ。
The whole habitat saw its letters off on Shuttle Day	シャトルの日、居住区じゅうの人が手紙を見送った
The habitat kept Shuttle Day	居住区でシャトルの日が祝われた
Shuttle Day came, and hardly anyone had a letter to send	シャトルの日が来たが、送る手紙がある人はほとんどいなかった
Letters from every one of us, all the way to Earth!	みんなの手紙が、はるばる地球まで！
Off they go.	行ってらっしゃい。
Just my one letter, then.	じゃあ、私の一通だけか。
the Seed Swap	種の交換会
The Seed Swap is {days} sols away. Everyone's labelling envelopes.	種の交換会まであと{days}ソル。みんな封筒にラベルを書いてるよ。
Seed Swap soon. I've saved the best of the beans.	もうすぐ種の交換会。いちばんいい豆を取っておいたんだ。
Every grower in the habitat traded seeds at the Seed Swap	種の交換会で、居住区の育て手みんなが種を交換した
The habitat held its Seed Swap	居住区で種の交換会が開かれた
The Seed Swap was three envelopes and a lot of dust	種の交換会は、封筒三つとたっぷりの砂ぼこりだけだった
Forty kinds of seed, and every one grown here!	四十種類の種、しかも全部ここで育てたもの！
A fair swap.	いい交換だった。
Maybe next year there'll be more to swap.	来年はもっと交換するものがあるといいな。
the Quiet Sol	静かなソル
The Quiet Sol is {days} sols away. Nobody's allowed to fix anything.	静かなソルまであと{days}ソル。何も直しちゃいけないんだよ。
Quiet Sol soon. I've hidden my wrench from myself.	もうすぐ静かなソル。自分からレンチを隠しておいたよ。
The whole habitat downed tools together for the Quiet Sol	静かなソル、居住区じゅうの人が一緒に道具を置いた
The habitat kept its Quiet Sol	居住区で静かなソルが守られた
The Quiet Sol was quiet, and a bit lonely	静かなソルは静かで、少しさびしかった
Nothing broke, nobody worked. Perfect.	何も壊れず、誰も働かず。完璧。
A good rest, that.	いい休みだった。
Too quiet, if you ask me.	静かすぎるよ、私に言わせれば。
the Record Swap	レコード交換会
The Record Swap is {days} nights off. Everyone's digging through their crates.	レコード交換会まであと{days}夜。みんな木箱をあさってるよ。
Record Swap soon. I'm not parting with my Prince records. Maybe one.	もうすぐレコード交換会。プリンスのレコードは手放さないよ。一枚くらいならいいかな。
Half of Maple Street crowded into K-88 for the Record Swap	レコード交換会で、メイプル通りの半分の人がK-88に詰めかけた
Maple Street held its Record Swap	メイプル通りでレコード交換会が開かれた
The Record Swap was one crate and a lot of Bee Gees	レコード交換会は、木箱ひとつとビー・ジーズばかりだった
I came with ten records and left with twenty!	十枚持っていって、二十枚持って帰ってきたよ！
Got a couple of good ones.	いいのが何枚か手に入った。
Nobody wanted my Bee Gees.	私のビー・ジーズは誰もほしがらなかった。
the Car Wash	洗車イベント
The Car Wash is {days} nights off. Sponges and buckets, everyone.	洗車イベントまであと{days}夜。みんな、スポンジとバケツを。
Car Wash soon. It's for the street fund. Bring a sponge.	もうすぐ洗車イベント。通りの基金のためだよ。スポンジを持ってきて。
Every car on Maple Street got washed for the street fund	通りの基金のために、メイプル通りじゅうの車が洗われた
Maple Street held its Car Wash	メイプル通りで洗車イベントが開かれた
The Car Wash was one bucket and a lot of rain	洗車イベントは、バケツひとつとたっぷりの雨だけだった
Forty cars! The fund's never been so full.	車四十台！基金がこんなに潤ったのは初めてだよ。
A few dollars for the fund.	基金に数ドル。
We washed my car. Twice.	私の車を洗ったよ。二回ね。
the Talent Show	タレントショー
The Talent Show is {days} nights off. Someone's been practising the trumpet.	タレントショーまであと{days}夜。誰かがトランペットの練習をしてるよ。
Talent Show soon. I'm doing card tricks. Don't tell.	もうすぐタレントショー。私はカード手品をやるんだ。内緒ね。
Everyone new on Maple Street got up on stage at the Talent Show	タレントショーで、メイプル通りに来たばかりの人がみんな舞台に上がった
Maple Street put on its Talent Show	メイプル通りでタレントショーが開かれた
The Talent Show was one act and a lot of folding chairs	タレントショーは、出し物ひとつとたくさんの折りたたみ椅子だけだった
Who knew the new folks could sing like that?	新しい人たちがあんなに歌えるなんて、誰が思った？
Good show.	いいショーだった。
Just me and my card tricks.	じゃあ、私とカード手品だけか。
the Snowball Fight	雪合戦
The Snowball Fight is {days} nights off. Everyone's building forts.	雪合戦まであと{days}夜。みんな砦を作ってるよ。
Snowball Fight soon. My fort has a moat.	もうすぐ雪合戦。私の砦には堀があるんだ。
The whole street took sides in the Snowball Fight	雪合戦で、通りじゅうの人が敵味方に分かれた
Maple Street had its Snowball Fight	メイプル通りで雪合戦が行われた
The Snowball Fight was two kids and a lot of slush	雪合戦は、子どもふたりとたっぷりのシャーベット状の雪だけだった
Nobody's dry and nobody cares!	誰も乾いてないけど、誰も気にしてない！
Good throw, that.	いい投げっぷりだった。
Well, I hit somebody.	まあ、誰かには当たったよ。
the Egg Watch	卵の見守り
The Egg Watch is {days} auroras off. Every nest is being counted.	卵の見守りまであと{days}オーロラ。巣をひとつずつ数えてるよ。
Egg Watch soon. I've warmed my feet specially.	もうすぐ卵の見守り。足を特別に温めておいたんだ。
The whole colony kept watch over the new eggs at the Egg Watch	卵の見守りで、コロニーじゅうが新しい卵を見守った
The colony kept its Egg Watch	コロニーで卵の見守りが行われた
The Egg Watch was one nest and a lot of wind	卵の見守りは、巣ひとつとたっぷりの風だけだった
So many eggs! Welcome, little ones.	卵がこんなに！ようこそ、ちびっ子たち。
Every egg counted.	卵はひとつ残らず数えたよ。
Just the one egg to watch.	見守る卵はひとつだけ。
the Fish Feast	魚の宴
The Fish Feast is {days} auroras away. The vault is being opened.	魚の宴まであと{days}オーロラ。貯蔵庫を開けてるよ。
Fish Feast soon. I've been saving the fattest herring.	もうすぐ魚の宴。いちばん太ったニシンを取っておいたんだ。
The whole colony ate from a full vault at the Fish Feast	魚の宴で、コロニーじゅうがいっぱいの貯蔵庫から食べた
The colony held its Fish Feast	コロニーで魚の宴が開かれた
The Fish Feast was three herring and a lot of looking	魚の宴は、ニシン三匹とたくさんの物欲しげな目だけだった
Herring for everyone, and seconds!	みんなにニシン、おかわりもあるよ！
A good feed.	たっぷり食べたね。
We'll share what there is.	あるものを分け合おう。
Pebble Day	小石の日
Pebble Day is {days} auroras off. Everyone's looking for the smoothest stone.	小石の日まであと{days}オーロラ。みんないちばんすべすべの石を探してるよ。
Pebble Day soon. I've found the perfect one. Don't ask who it's for.	もうすぐ小石の日。完璧なのを見つけたんだ。誰にあげるかは聞かないで。
Every penguin in the colony gave a friend a pebble on Pebble Day	小石の日、コロニーじゅうのペンギンが友だちに小石を贈った
The colony kept Pebble Day	コロニーで小石の日が祝われた
Pebble Day came, and the pebbles stayed in their piles	小石の日が来たが、小石は山に積まれたままだった
So many pebbles, so many friends!	小石がいっぱい、友だちもいっぱい！
A nice pebble, that.	いい小石だね。
Nobody to give a pebble to.	小石をあげる相手がいない。
the Ice Carving	氷の彫刻祭
The Ice Carving is {days} auroras off. Beaks are being sharpened.	氷の彫刻祭まであと{days}オーロラ。くちばしを研いでるよ。
Ice Carving soon. I'm making a whale. A small whale.	もうすぐ氷の彫刻祭。クジラを作るんだ。小さいクジラ。
The whole colony carved the ice into wonders at the Ice Carving	氷の彫刻祭で、コロニーじゅうが氷をすばらしい作品に変えた
The colony held its Ice Carving	コロニーで氷の彫刻祭が開かれた
The Ice Carving was one lump that might be a whale	氷の彫刻祭は、クジラかもしれない塊ひとつだけだった
A whale, a seal and a whole bridge, in ice!	クジラにアザラシ、それに橋まるごと、氷で！
Nice work.	いい出来だね。
It's a whale. Probably.	クジラだよ。たぶん。
The next shuttle has bunks free	次のシャトルに空き寝台がある
The next shuttle can bring more crew. Shall I ask for them?	次のシャトルでクルーを増やせるよ。頼んでみようか？
Ask for more crew	クルーの追加を頼む
More hands, more mouths.	手が増えれば、口も増える。
{keeper} asked the next shuttle for more crew	{keeper}は次のシャトルにクルーの追加を頼んだ
More bunks to make up, then.	じゃあ、整える寝台が増えるね。
We're enough	今の人数で十分
Keep Ares small and well fed.	アレスは小さく、しっかり食べられるままに。
{keeper} told the shuttle Ares was full	{keeper}はシャトルにアレスは満員だと伝えた
Just us, then. More stew each.	じゃあ、私たちだけ。シチューがひとり分多くなるね。
Nobody answered the shuttle's offer	シャトルの申し出には誰も答えなかった
I'll take that as a no.	断ったってことにしておくよ。
{explorer} wants to fill the next cargo hold	{explorer}が次の貨物室を埋めたがっている
Next window: seed stock, or room for a passenger?	次の打ち上げ時期：種の備蓄か、乗客ひとり分の場所か？
Seed stock	種の備蓄
Wheat for a year.	一年分の小麦。
{explorer} ordered seed stock for the next window	{explorer}は次の打ち上げ時期に種の備蓄を注文した
Wheat for a year. Good call.	一年分の小麦。いい判断だね。
Room for a passenger	乗客ひとり分の場所
Someone new rather than something new.	新しいものより、新しい人を。
{explorer} gave the cargo space to a passenger	{explorer}は貨物の場所を乗客に譲った
A new face beats a new drill.	新しいドリルより新しい顔のほうがいいよ。
The cargo hold went out half empty	貨物室は半分空のまま出発した
Half a hold. Oh well.	半分だけか。まあいいや。
Some of the crew are thinking of going home	クルーの何人かが故郷に帰ろうか考えている
A few want to go home at the next window. Should we ask them to stay?	次の打ち上げ時期に帰りたがってる人が何人かいるんだ。残ってって頼もうか？
Ask them to stay	残ってほしいと頼む
Ares needs them.	アレスには彼らが必要だよ。
{keeper} asked the crew to stay another tour	{keeper}はクルーにもう一期残ってほしいと頼んだ
They said they'd think about it. That's a yes.	考えてみるって。つまり、残るってことだよ。
Let them go	行かせる
Nobody's kept here.	誰も縛りつけられてるわけじゃない。
{keeper} told the crew they were free to go	{keeper}はクルーに帰ってもかまわないと伝えた
Fair enough. Ares isn't for everyone.	それもそうだね。アレスは誰にでも向いてるわけじゃないし。
Nobody spoke to the homesick crew	ホームシックのクルーに話しかける人はいなかった
They'll decide for themselves, then.	じゃあ、自分たちで決めるだろうね。
{explorer} wants a welcome for the next shuttle	{explorer}が次のシャトルを歓迎したがっている
Shall we throw a welcome when the shuttle comes?	シャトルが来たら歓迎会を開こうか？
Throw a welcome	歓迎会を開く
Streamers made of wire.	針金で作った紙テープ。
{explorer} planned a welcome for the next shuttle	{explorer}は次のシャトルの歓迎会を計画した
I'll make a banner!	横断幕を作るよ！
Save the rations	配給食を取っておく
A full larder is a welcome too.	いっぱいの食料庫も歓迎のうちだよ。
The rations were saved for the next window	配給食は次の打ち上げ時期のために取っておかれた
Sensible. Boring, but sensible.	賢明だね。退屈だけど、賢明。
The welcome was never planned	歓迎会は計画されなかった
They'll just have to welcome themselves.	自分たちで自分たちを歓迎してもらうしかないね。
The mission board wants the habitat's report	ミッション委員会が居住区の報告を求めている
The board wants our report. Do we ask for people, or supplies?	委員会が報告を求めてる。人を頼む？それとも物資？
Ask for people	人を頼む
A place grows by its people.	場所は人とともに育つんだ。
{keeper} asked the board for more people	{keeper}は委員会にもっと人を頼んだ
People it is. I'll warn the bunk room.	人に決まり。寝台部屋に知らせておくよ。
Ask for supplies	物資を頼む
Full shelves first.	まずは棚をいっぱいに。
{keeper} asked the board for supplies	{keeper}は委員会に物資を頼んだ
Supplies it is. The shelves will thank us.	物資に決まり。棚が喜ぶよ。
The habitat's report went in late	居住区の報告は遅れて提出された
The board will send whatever it likes, then.	じゃあ、委員会は好きなものを送ってくるだろうね。
The mission board wants to rotate the crew	ミッション委員会がクルーの交代を求めている
The board wants to swap half the crew. Do we agree?	委員会がクルーの半分を入れ替えたいって。同意する？
Agree to the swap	交代に同意する
New faces, fresh eyes.	新しい顔に、新しい目。
{keeper} agreed to rotate the crew	{keeper}はクルーの交代に同意した
Some goodbyes, some hellos.	別れもあれば、出会いもある。
Keep the crew we have	今のクルーのままにする
They know Ares now.	みんなもうアレスのことをわかってるから。
{keeper} kept the crew together	{keeper}はクルーをそのままにした
We know each other now. That counts.	もうお互いのことをわかってる。それが大事なんだ。
The board rotated the crew as it liked	委員会は好きなようにクルーを交代させた
Nobody asked us. Typical.	誰も私たちに聞かなかった。いつものことだよ。
The old Henderson place is for sale	ヘンダーソンさんの古い家が売りに出ている
Someone wants to buy the old Henderson place. Put in a good word?	誰かがヘンダーソンさんの古い家を買いたがってる。口添えしようか？
Put in a good word	口添えする
New neighbours, new faces.	新しいご近所さん、新しい顔。
{keeper} put in a good word for the new buyers	{keeper}は新しい買い手のために口添えした
I told them the street's the best in town. It is.	この通りは町でいちばんだって言っておいたよ。本当だもん。
Stay out of it	関わらない
Not our house, not our business.	うちの家じゃないし、うちの問題じゃない。
{keeper} stayed out of the house sale	{keeper}は家の売買に関わらなかった
Let the realtor worry about it.	不動産屋さんに任せておこう。
The Henderson place sat empty a while longer	ヘンダーソンさんの家はもうしばらく空き家のままだった
Still empty. Kids think it's haunted.	まだ空き家。子どもたちはお化け屋敷だと思ってるよ。
{explorer} has ideas for the street fund	{explorer}に通りの基金の使い道の考えがある
The street fund's got money in it. A welcome party, or save it?	通りの基金にお金がたまってる。歓迎パーティー？それとも貯めておく？
A welcome party	歓迎パーティー
Balloons on every porch.	どのポーチにも風船を。
{explorer} planned a welcome party for new neighbours	{explorer}は新しいご近所さんの歓迎パーティーを計画した
Balloons! Cake! A banner!	風船！ケーキ！横断幕！
Save it	貯めておく
A rainy day always comes.	雨の日は必ず来るからね。
The street fund was saved for a rainy day	通りの基金はいざというときのために貯められた
Nobody decided what to do with the street fund	通りの基金の使い道は誰も決めなかった
It'll sit in the tin, then.	じゃあ、缶の中に入れっぱなしだね。
A family on the street is thinking of moving away	通りのある家族が引っ越しを考えている
The folks at the end of the street might move. Should we ask them to stay?	通りの端の一家が引っ越すかもしれないんだ。残ってって頼もうか？
The street wouldn't be the same.	あの人たちがいないと、この通りじゃなくなっちゃう。
{keeper} asked the family to stay on Maple Street	{keeper}はその家族にメイプル通りに残ってほしいと頼んだ
They're thinking about it. I baked a pie. Pies work.	考えてくれるって。パイを焼いたんだ。パイは効くからね。
Wish them luck	幸運を祈る
People move on. That's life.	人は移っていくもの。それが人生だよ。
{keeper} wished the family luck wherever they went	{keeper}はその家族の行く先での幸運を祈った
We'll throw them a going-away party.	送別パーティーを開いてあげよう。
Nobody talked to the family about moving	引っ越しのことをその家族と話す人はいなかった
They'll make up their own minds.	自分たちで決めるだろうね。
A band wants to use the empty lot	バンドが空き地を使いたがっている
A band wants to rehearse in the empty lot. Let them?	バンドが空き地で練習したいって。させてあげる？
Let them play	演奏させる
Music brings people.	音楽は人を呼ぶんだ。
{explorer} let the band rehearse in the empty lot	{explorer}はバンドに空き地での練習を許した
Loud. Terrible. Wonderful.	うるさい。ひどい。最高。
Keep it quiet	静かにしてもらう
Some people sleep at night.	夜は寝たい人もいるからね。
{explorer} asked the band to find somewhere else	{explorer}はバンドにほかの場所を探すよう頼んだ
Quiet nights, then.	じゃあ、静かな夜だね。
The band waited, then went elsewhere	バンドは待ったあげく、よそへ行った
There they go.	行っちゃった。
The city wants to widen the road	市が道路を広げたがっている
The city will pay the street to widen the road. Take the money?	市が道路を広げる代わりに、通りにお金を払うって。受け取る？
Take the money	お金を受け取る
The street fund could use it.	通りの基金の足しになるよ。
Maple Street took the city's money for the road	メイプル通りは道路のために市のお金を受け取った
New road, full fund. Fewer trees.	新しい道路に、いっぱいの基金。木は少なくなったけど。
Fight it	反対する
The oaks stay.	オークの木は残すよ。
{keeper} led the street against the road	{keeper}は通りの人たちを率いて道路に反対した
We signed a petition. Forty names!	署名を集めたよ。四十人分！
The street never made up its mind about the road	通りは道路のことで結局結論を出さなかった
The city will decide for us, then.	じゃあ、市が勝手に決めるね。
The school wants more families on the street	学校が通りにもっと家族に来てほしがっている
The school's short of kids. Should we put up a sign for new families?	学校の子どもが足りないんだ。新しい家族向けに看板を出そうか？
Put up a sign	看板を出す
Families wanted. Good school, great street.	家族募集。いい学校、すてきな通り。
{explorer} put up a sign for new families	{explorer}は新しい家族向けの看板を出した
Hand-painted. Only one spelling mistake.	手描きだよ。つづりの間違いはひとつだけ。
The street's full enough.	通りはもう十分いっぱいだよ。
Nobody put up a sign	看板は誰も出さなかった
Fair enough. It's cosy as it is.	それもそうだね。今のままで居心地いいし。
The school's letter went unanswered	学校からの手紙には返事がなかった
I'll write back. Eventually.	返事は書くよ。そのうちね。
Migrants are asking to join the colony	渡り鳥たちがコロニーに加わりたがっている
A few from the migrating flocks want to stay. Let them?	渡りの群れの何羽かがここに残りたいって。いいかな？
Let them stay	残ってもらう
More beaks, more songs.	くちばしが増えれば、歌も増える。
{keeper} welcomed the migrants to the colony	{keeper}は渡り鳥たちをコロニーに迎え入れた
Make room on the floe!	浮氷に場所を空けて！
The floe is full	浮氷はいっぱい
There's only so much ice.	氷には限りがあるの。
{keeper} told the migrants the floe was full	{keeper}は渡り鳥たちに浮氷はいっぱいだと伝えた
Sorry. There's only so much ice.	ごめんね。氷には限りがあるの。
The migrants waited, then flew on	渡り鳥たちは待ったあげく、飛んでいった
Well. They didn't wait long.	まあ、長くは待たなかったね。
{explorer} is counting the vault for the dark	{explorer}が闇の季節に向けて貯蔵庫を数えている
The vault could feed newcomers, or keep us fat through the dark. Which?	貯蔵庫の魚で新しい仲間を養うか、闇の間ずっと私たちがおなかいっぱいでいるか。どっち？
Feed newcomers	新しい仲間を養う
A full colony is a warm colony.	いっぱいのコロニーは暖かいコロニーだよ。
{explorer} opened the vault to newcomers	{explorer}は新しい仲間のために貯蔵庫を開けた
Come one, come all. Bring a fish if you can.	誰でもおいで。魚があれば一匹持ってきてね。
Keep it for us	私たちのために取っておく
The dark is long.	闇は長いから。
{explorer} kept the vault for the long dark	{explorer}は長い闇のために貯蔵庫を取っておいた
Fat and happy through the dark. That's the plan.	闇の間じゅう、おなかいっぱいでごきげん。そういう計画。
Nobody decided about the vault	貯蔵庫のことは誰も決めなかった
It'll sort itself out. Probably.	なんとかなるよ。たぶん。
Some of the young ones want to follow the flocks	若いペンギンたちが群れについていきたがっている
The young ones want to see the world. Ask them to stay?	若い子たちが世界を見たいって。残ってって頼む？
The colony needs them.	コロニーには彼らが必要だよ。
{keeper} asked the young ones to stay	{keeper}は若いペンギンたちに残ってほしいと頼んだ
They sulked, then stayed. Mostly.	ふてくされてたけど、残ったよ。だいたいはね。
The sea is theirs too.	海は彼らのものでもあるよ。
{keeper} told the young ones the sea was theirs	{keeper}は若いペンギンたちに海は君たちのものだと伝えた
Go on, then. Come back fat.	じゃあ、行っておいで。太って帰ってきてね。
Nobody talked to the young ones	若いペンギンたちと話す者はいなかった
They'll go or they won't.	行くか、行かないか、自分たちで決めるよ。
The council wants a naming feast for the new ones	評議会が新しい子たちの名づけの宴を開きたがっている
A naming feast for the new ones, or save the fish?	新しい子たちの名づけの宴を開く？それとも魚を取っておく？
Hold the feast	宴を開く
Every new one deserves a name and a fish.	新しい子にはみんな、名前と魚一匹がふさわしいよ。
{explorer} held a naming feast for the new ones	{explorer}は新しい子たちの名づけの宴を開いた
Every name sung, every fish eaten.	どの名前も歌われて、どの魚も食べられた。
Save the fish	魚を取っておく
Names are free. Fish aren't.	名前はタダ。魚はそうじゃない。
The fish for the naming feast were saved	名づけの宴の魚は取っておかれた
A quiet naming, then. Still counts.	じゃあ、静かな名づけで。それでも名づけは名づけだよ。
The naming feast was forgotten	名づけの宴は忘れられた
Nobody remembered. Poor little ones.	誰も覚えてなかった。かわいそうなちびっ子たち。
A neighbouring colony wants to trade	隣のコロニーが取引をしたがっている
The colony across the water wants fish for kelp. Trade?	海の向こうのコロニーが、魚と昆布を交換したいって。取引する？
Make the trade	取引する
Kelp keeps longer than fish.	昆布は魚より長持ちするよ。
{keeper} traded fish for kelp with the colony across the water	{keeper}は海の向こうのコロニーと魚を昆布に交換した
Good kelp, fair trade.	いい昆布、公平な取引。
Invite them over instead	代わりに招く
Why trade, when you can share?	分け合えるのに、どうして取引するの？
{keeper} invited the colony across the water to visit	{keeper}は海の向こうのコロニーを招いた
They're coming! Some might stay!	来るって！残る子もいるかも！
The neighbours' offer went unanswered	隣のコロニーの申し出には返事がなかった
They'll ask someone else.	ほかに頼むだろうね。
The flocks are leaving early this year	今年は群れが早く旅立とうとしている
The flocks are going early. Some of ours want to go with them. Well?	群れが早く旅立つの。うちの何羽かが一緒に行きたがってる。どうする？
Home is here.	家はここだよ。
{explorer} asked the colony to stay together	{explorer}はコロニーにみんなで一緒にいようと頼んだ
We stay. All of us.	残るよ。みんなで。
Let them choose	それぞれに選ばせる
Everyone chooses their own ice.	どの氷で暮らすかは、それぞれが選ぶの。
{explorer} let everyone choose their own way	{explorer}はそれぞれが自分の道を選ぶのに任せた
Some will go. Some will stay. That's fair.	行く子もいれば、残る子もいる。それでいいんだ。
The flocks left, and nobody said anything	群れは旅立ち、誰も何も言わなかった
Quiet on the ice tonight.	今夜の氷の上は静か。
Ten minutes on the {what}. My knees thank you.	{what}で十分休憩。ひざが感謝してるよ。
Sat on the {what} and watched the dust settle.	{what}に座って、砂ぼこりがおさまるのを眺めてた。
The {what} faces the ridge. Best view on Ares.	{what}は尾根のほうを向いてるんだ。アレスでいちばんの眺め。
Took my helmet off by the {what}. Inside, I mean.	{what}のそばでヘルメットを脱いだよ。中でね、もちろん。
Whoever put the {what} there knew about long shifts.	{what}をあそこに置いた人は、長いシフトのことがよくわかってるね。
Five minutes on the {what}, then back to the filters.	{what}で五分休んで、またフィルター掃除。
Logged my rest on the {what}. Nia insists.	{what}での休憩を記録した。ニアがうるさいんだ。
The {what} is warm from the heat pipe. Perfect.	{what}は熱パイプのおかげで暖かいんだ。完璧。
Watched Phobos rise from the {what}.	{what}からフォボスが昇るのを眺めた。
Nodded off on the {what}. Nobody woke me. Kind.	{what}でうとうとしちゃった。誰も起こさなかった。やさしいね。
We sat by the {what} and talked about Earth.	{what}のそばに座って、地球の話をした。
Half the habitat ended up by the {what} after shift.	シフトのあと、居住区の半分が{what}のそばに集まってた。
{other} and I played chess by the {what}. I lost. Twice.	{what}のそばで{other}とチェスをした。負けた。二回。
The {what} glows like a campfire, if you squint.	目を細めると、{what}はたき火みたいに光ってるよ。
{other} told me about their first sol, by the {what}.	{what}のそばで、{other}が最初のソルの話をしてくれた。
Stayed by the {what} till the night cycle dimmed.	夜のサイクルで明かりが落ちるまで、{what}のそばにいた。
{other} brought tea to the {what}. We drank it slowly.	{other}が{what}にお茶を持ってきてくれた。ゆっくり飲んだよ。
Someone started singing by the {what}. Then everyone.	{what}のそばで誰かが歌いだした。そしたらみんなも。
{other} and I planned the next rover trip by the {what}.	{what}のそばで{other}と次のローバーの旅を計画した。
By the {what} you can almost forget it's minus sixty outside.	{what}のそばにいると、外がマイナス六十度だってことを忘れそうになる。
First pick from your {what}. Grown on Mars!	あなたの{what}からの一番摘みだよ。火星育ち！
Your {what} did well under the lamps. This is yours.	あなたの{what}、ランプの下でよく育ったよ。これはあなたの分。
Picked this from your {what}. Don't tell the ration log.	あなたの{what}から摘んできたよ。配給記録には内緒ね。
From your {what}. It tastes like home.	あなたの{what}から。故郷の味がする。
Your {what} keeps giving. The whole mess is jealous.	あなたの{what}は実りが絶えないね。食堂のみんながうらやましがってるよ。
Sat on the {what} and watched the cars go by.	{what}に座って、車が通り過ぎるのを眺めてた。
The {what} is the best seat on Maple Street.	{what}はメイプル通りでいちばんの特等席だよ。
Ate my lunch on the {what}. Pigeons took the crusts.	{what}でお昼を食べた。パンの耳はハトにあげた。
Read a whole comic on the {what}.	{what}で漫画を一冊まるごと読んだ。
Waited for the night bus on the {what}. It was late. I didn't mind.	{what}で夜行バスを待った。遅れてたけど、気にならなかった。
Took my shoes off on the {what}. Don't judge.	{what}で靴を脱いだ。とがめないでね。
Five minutes on the {what} between shifts. Heaven.	シフトの合間に{what}で五分。天国だよ。
Listened to my Walkman on the {what} till the tape ran out.	テープが終わるまで、{what}でウォークマンを聴いてた。
The {what}'s warm from the sun. Stayed too long.	{what}は日差しでぽかぽか。長居しちゃった。
Whoever made the {what} deserves a medal.	{what}を作った人には勲章をあげたいよ。
We hung out by the {what} till someone's mom called.	誰かのママが呼ぶまで、{what}のそばでたむろしてた。
{other} brought a boombox to the {what}. Instant party.	{other}が{what}にラジカセを持ってきた。たちまちパーティー。
Half the street was out by the {what} last night.	ゆうべは通りの半分が{what}のそばに出てたよ。
{other} and I traded baseball cards by the {what}.	{what}のそばで{other}と野球カードを交換した。
Told ghost stories by the {what}. {other} screamed first.	{what}のそばで怪談をした。最初に叫んだのは{other}。
The {what} is where Maple Street hangs out now.	今じゃ{what}がメイプル通りのたまり場なんだ。
{other} and I split a pizza by the {what}.	{what}のそばで{other}とピザを分けた。
Somebody played guitar by the {what}. Badly. Lovely.	{what}のそばで誰かがギターを弾いてた。下手だけど、すてきだった。
{other} and I stayed out by the {what} past curfew.	門限を過ぎても{other}と{what}のそばにいた。
Fireflies all round the {what}. Like the whole street was glowing.	{what}のまわりじゅうにホタル。通りじゅうが光ってるみたいだった。
From your {what}. Mom made a pie with it.	あなたの{what}からだよ。ママがパイにしてくれた。
Your {what} came up great. Here, take some.	あなたの{what}、よく育ったね。ほら、少し持っていって。
Picked this from your {what}. The diner wants to buy some.	あなたの{what}から摘んできたよ。ダイナーが買いたいって。
First of the season, from your {what}.	あなたの{what}からの、今季の初物だよ。
Your {what} beats anything at the supermarket.	あなたの{what}のは、スーパーのどれよりおいしいよ。
Sat on the {what} and watched the waves.	{what}に座って、波を眺めてた。
The {what} is out of the wind. Bliss.	{what}は風が当たらないの。至福。
Napped by the {what} with my beak under my wing.	{what}のそばで、くちばしを翼にうずめてお昼寝。
Warmed my feet by the {what}.	{what}のそばで足を温めた。
The chicks climb the {what}. I sat on it anyway.	ひなたちが{what}によじ登るの。それでも私は座ったけど。
Watched the fishers come home from the {what}.	{what}から、漁師たちが帰ってくるのを眺めた。
Five minutes on the {what}. Then back to the ice.	{what}で五分。そしたらまた氷の上へ。
The {what} is the best spot on the floe. Don't tell anyone.	{what}は浮氷でいちばんの場所。誰にも言わないでね。
Preened my feathers on the {what}. Very smart now.	{what}で羽づくろい。すっかりおしゃれになったよ。
Whoever made the {what} has a good heart.	{what}を作った子は、心がやさしいんだね。
We huddled by the {what} and sang the old songs.	{what}のそばでみんなで身を寄せ合って、昔の歌を歌った。
{other} and I shared a herring by the {what}.	{what}のそばで{other}とニシンを分けた。
Half the colony was by the {what} under the aurora.	オーロラの下、コロニーの半分が{what}のそばにいたよ。
{other} told a fish story by the {what}. It grew.	{what}のそばで{other}が魚の話をしたの。話がどんどん大きくなった。
By the {what} the long night feels shorter.	{what}のそばにいると、長い夜も短く感じるよ。
{other} and I counted stars by the {what}.	{what}のそばで{other}と星を数えた。
The chicks fell asleep round the {what}. So did I.	{what}のまわりでひなたちが寝ちゃった。私もだけど。
{other} taught me a new song by the {what}.	{what}のそばで{other}が新しい歌を教えてくれた。
Stayed by the {what} till the fishers came in.	漁師たちが帰ってくるまで{what}のそばにいた。
The {what} glows on the ice. You can see it from the far floe.	{what}が氷の上で光ってる。遠くの浮氷からも見えるよ。
From your {what}. Fresh as the sea.	あなたの{what}から。海みたいに新鮮。
Your {what} did well in the cold. This is yours.	あなたの{what}、寒さの中でよく育ったね。これはあなたの分。
Picked this from your {what}. The chicks wanted it.	あなたの{what}から摘んできたよ。ひなたちが欲しがったの。
First of the thaw, from your {what}.	雪どけの初物、あなたの{what}から。
Your {what} keeps giving. The vault's jealous.	あなたの{what}は実りが絶えないね。貯蔵庫がやきもち焼いてるよ。
Sat on the {what} and counted the dust devils. Six.	{what}に座って、つむじ風を数えた。六つ。
The {what} creaks in the cold. So do I.	寒いと{what}がきしむんだ。私もだけど。
Had my ration bar on the {what}. Five-star dining.	{what}で配給のバーを食べた。五つ星のディナーだよ。
Wrote a letter home sitting on the {what}.	{what}に座って、故郷への手紙を書いた。
The {what} is where I go when the alarms stop.	警報が止まったら、{what}に行くんだ。
Sat on the {what} with my eyes shut. Pretended it was a beach.	目を閉じて{what}に座ってた。浜辺にいるつもりでね。
{other} and I argued about Earth music by the {what}. Nobody won.	{what}のそばで{other}と地球の音楽のことで言い合った。勝負はつかなかった。
Someone brought cards to the {what}. We played till the lights dimmed.	誰かが{what}にトランプを持ってきた。明かりが落ちるまで遊んだよ。
{other} fell asleep by the {what}. We left them a blanket.	{other}が{what}のそばで寝ちゃった。毛布をかけておいたよ。
The {what} has become the place to be after a dust storm.	砂嵐のあとは{what}に集まるのが定番になった。
{other} showed me the stars from beside the {what}.	{what}のそばから、{other}が星を見せてくれた。
We had a quiz by the {what}. Nia won. Nia always wins.	{what}のそばでクイズ大会をした。ニアの勝ち。ニアはいつも勝つんだ。
Did my homework on the {what}. Some of it.	{what}で宿題をした。一部だけね。
Fell asleep on the {what} in the sun. Woke up pink.	日なたの{what}で寝ちゃった。起きたら日焼けしてた。
Watched the paper boy miss every porch from the {what}.	新聞配達の子がどのポーチも外すのを{what}から眺めてた。
Sat on the {what} and waited for nothing in particular.	{what}に座って、特に何も待たずに待ってた。
The {what} is my thinking spot now. Don't tell.	{what}は今じゃ私の考えごとの場所。内緒ね。
Read the Sunday paper on the {what}. All of it.	{what}で日曜の新聞を読んだ。全部ね。
{other} and I watched the fireflies by the {what}.	{what}のそばで{other}とホタルを眺めた。
Somebody's radio by the {what} played K-88 all night.	{what}のそばの誰かのラジオが、一晩じゅうK-88を流してた。
{other} taught me a card trick by the {what}.	{what}のそばで{other}がカード手品を教えてくれた。
The {what} is where you hear all the gossip now.	今じゃ噂話は全部{what}で聞けるんだ。
{other} and I sat by the {what} and talked about leaving. Then didn't.	{what}のそばに{other}と座って、ここを出る話をした。結局出なかったけど。
We roasted marshmallows by the {what}. Mostly burned them.	{what}のそばでマシュマロを焼いた。ほとんど焦がしたけどね。
Stood on one foot by the {what}. Very restful.	{what}のそばで片足で立ってた。すごく落ち着くの。
The {what} is warm on the sunny side.	{what}は日の当たる側が暖かいよ。
Watched the seals from the {what}. They watched back.	{what}からアザラシを眺めた。向こうも見てた。
Had a long think on the {what}. About fish, mostly.	{what}でじっくり考えごと。だいたい魚のこと。
Sat on the {what} and let the snow cover me. Cosy.	{what}に座って、雪に埋もれてた。ぬくぬく。
The {what} is where I go to be quiet.	静かにしたいときは{what}に行くの。
{other} and I told jokes by the {what}. Mine were better.	{what}のそばで{other}と冗談を言い合った。私のほうがおもしろかった。
Everyone brought a fish to the {what}. We had a feast.	みんなが{what}に魚を一匹ずつ持ってきて、宴になったよ。
{other} danced by the {what}. The chicks copied.	{what}のそばで{other}が踊ったの。ひなたちがまねしてた。
The {what} is the colony's favourite spot now.	今じゃ{what}がコロニーのお気に入りの場所だよ。
{other} and I watched the ice glow by the {what}.	{what}のそばで{other}と氷が光るのを眺めた。
We played pebble games by the {what} till the tide turned.	潮が変わるまで{what}のそばで小石遊びをした。
the new bunk list	新しい寝台表
who cleans the air filters	誰が空気フィルターを掃除するか
the shuttle mail	シャトルの郵便
a dented helmet	へこんだヘルメット
the last jar of jam	最後のジャムの瓶
the dust in the mess	食堂の砂ぼこり
the dome's thermostat	ドームの温度調節
who sits by the skylight	誰が天窓のそばに座るか
a lost glove	なくした手袋
the rover's playlist	ローバーの選曲
watch the shuttle launch from the ridge	尾根からシャトルの打ち上げを見る
drive the rover out to the dunes	ローバーで砂丘まで走る
eat supper in the airlock with the door open to the stars	星に向かってエアロックを開けて夕食を食べる
cook	料理人
electrician	電気技師
the Hellas outpost	ヘラス前哨基地
a research ship	調査船
{name} cleaned air filters at {place} with {other}	{name}は{place}で{other}と空気フィルターを掃除した
{other} and I pulled a kilo of dust out of one filter.	{other}とフィルター一枚から一キロもの砂ぼこりを取り出したよ。
Filter duty with {other}. We both sneezed for an hour.	{other}とフィルター当番。ふたりで一時間くしゃみしてた。
{other} swears the filters breed dust at night.	フィルターは夜に砂ぼこりを増やしてるって{other}は言い張ってる。
Clean filters, clean air. {other} took the credit.	きれいなフィルターに、きれいな空気。手柄は{other}が持っていった。
Changed every filter at {place} with {other}. Breathing's easier.	{place}のフィルターを{other}と全部替えた。息がしやすくなったよ。
{name} read the letters the shuttle brought	{name}はシャトルが運んできた手紙を読んだ
Read my mother's letter four times. She sent a pressed leaf.	母の手紙を四回読んだ。押し葉が入ってたよ。
A letter from Earth. It smells like paper. Real paper.	地球からの手紙。紙のにおいがする。本物の紙の。
My sister had a baby. I found out from a letter two months late.	姉さんに赤ちゃんが生まれてた。二か月遅れの手紙で知ったよ。
{friend} read me the funny bits of their letters too.	{friend}も自分の手紙のおもしろいところを読んでくれた。
Wrote back six pages. The shuttle's gone. It'll wait.	六枚の返事を書いたよ。シャトルはもう出ちゃったけど。次まで待つさ。
{name} played cards in the new dome with {other}	{name}は新しいドームで{other}とトランプをした
{other} and I played cards till the lights dimmed for night.	夜の明かりが落ちるまで{other}とトランプしてた。
{other} cheats at cards. Openly. Proudly.	{other}はトランプでずるをする。堂々と。誇らしげに。
Poker for ration bars with {other}. I'm rich in oat bars.	{other}と配給バーを賭けてポーカー。オートバーでお金持ちだよ。
The new dome echoes. {other} sang between hands.	新しいドームは声が響くんだ。{other}が手の合間に歌ってた。
Taught {other} a card game from home. They beat me at it.	{other}に故郷のトランプ遊びを教えたら、負けちゃった。
{name} trained the new crew on the rover with {other}	{name}は{other}と新しいクルーにローバーの訓練をした
{other} drove the rover into a ditch. Gently.	{other}がローバーを溝に落としちゃった。そっとね。
Taught {other} to read the dust. Left means trouble.	{other}に砂ぼこりの読み方を教えた。左は要注意。
Rover training with {other}. We only got lost twice.	{other}とローバーの訓練。迷ったのは二回だけ。
{other} parked the rover perfectly. First try. Show-off.	{other}が一回で完璧に駐車した。目立ちたがりめ。
Showed {other} the old tracks to the crater. They're still there.	{other}にクレーターへの古い轍を見せた。まだ残ってるんだ。
the new dome's skylight	新しいドームの天窓
At night you can see both moons at once from here.	夜はここから両方の月がいっぺんに見えるよ。
the seedling shelf	苗の棚
Every new crop starts here. I talk to them. It helps.	新しい作物はみんなここから始まるんだ。話しかけてるよ。効くんだから。
the rover's logbook	ローバーの走行日誌
Every trip since the first. Some of the entries are poems.	最初の旅からの全部の記録。詩になってる記入もあるよ。
the shuttle	シャトル
Every window I think about going home. Then I don't.	打ち上げの時期のたびに帰ろうかって考える。でも帰らないんだ。
The pilot waves every time. I wave back. Every time.	パイロットが毎回手を振るんだ。私も毎回振り返す。
I miss rain most. Not the sea. Rain.	いちばん恋しいのは雨なんだ。海じゃなくて、雨。
From here Earth's just a bright star. Hard to believe.	ここから見る地球は明るい星のひとつ。信じられないよね。
the new dome	新しいドーム
It's bigger than it needs to be. On purpose.	必要より大きいんだ。わざとね。
We argued for weeks about the colour. It's grey.	色で何週間ももめたんだ。結局灰色。
the storm rota	嵐の当番表
the battery ration	バッテリーの配給
who left the hatch unlatched	誰がハッチの鍵を閉め忘れたか
a snoring bunkmate	いびきのうるさい寝台仲間
the storm forecast	嵐の予報
the last dry socks	最後の乾いた靴下
the storm snacks	嵐のときのおやつ
who kept the log	誰が日誌をつけたか
a cracked visor	ひびの入ったバイザー
the sandbags	土のう
watch the storm roll in from the observation blister	観測用のドーム窓から嵐が押し寄せるのを眺める
walk the dunes after the storm	嵐のあとの砂丘を歩く
dig out the old lander together	みんなで古い着陸機を掘り出す
meteorologist	気象学者
solar technician	太陽光技術者
the Elysium station	エリシウム・ステーション
a stranded survey team	立ち往生した調査隊
{name} storm-proofed {place} with {other}	{name}は{other}と{place}の嵐対策をした
{other} and I taped every seam at {place}. Twice.	{other}と{place}の継ぎ目を全部テープでふさいだ。二回ね。
Sandbags on the windward side with {other}. My back says no.	{other}と風上側に土のうを積んだ。腰がもう無理って言ってる。
{other} checked the seals while I held the torch.	私が懐中電灯を持って、{other}がシールを確かめた。
Storm shutters down. {other} says we're ready. We're not.	嵐よけの雨戸を下ろした。{other}は準備万端だって。そんなことないけど。
Tied down everything that could fly with {other}.	{other}と飛ばされそうなものを全部縛りつけた。
{name} slept through the worst of the storm	{name}は嵐のいちばんひどい時をぐっすり眠って過ごした
The storm howled all night. I slept like a stone.	一晩じゅう嵐がうなってた。私は石みたいに眠ってたけど。
Woke up and the window was brown. Went back to sleep.	起きたら窓が茶色だった。また寝た。
The walls hummed with the wind. Better than music.	壁が風でうなってた。音楽よりいいね。
{friend} made me tea at three in the morning. The storm was loud.	{friend}が朝の三時にお茶をいれてくれた。嵐がうるさくてね。
Dreamed of calm skies. Woke to dust. Still nice.	穏やかな空の夢を見た。起きたら砂ぼこり。それでもいいけど。
{name} told stories with {other} while the storm blew	{name}は嵐の間、{other}と話をして過ごした
{other} told a ghost story. The storm did the sound effects.	{other}が怪談をしたの。効果音は嵐がやってくれた。
Stuck inside with {other} for six sols. We're still friends.	{other}と六ソル閉じこめられた。まだ友だちだよ。
{other} and I played every board game we own. Twice.	{other}と持ってるボードゲームを全部やった。二回ずつ。
Candles in the mess while the power saved. {other} sang.	節電の間、食堂にろうそく。{other}が歌ってた。
{other} and I counted the gusts. Lost count at nine hundred.	{other}と突風を数えた。九百を過ぎてわからなくなった。
{name} kept the storm watch with {other}	{name}は{other}と嵐の見張りをした
Storm watch with {other}. We read the wind gauge every hour.	{other}と嵐の見張り。一時間ごとに風速計を読んだ。
{other} spotted the storm's edge before the instruments did.	{other}は計器より先に嵐の端を見つけたんだ。
Kept the log through the night with {other}. All green.	{other}と一晩じゅう記録をつけた。全部正常。
{other} and I watched the storm light up with static. Beautiful.	{other}と、嵐が静電気で光るのを眺めた。きれいだった。
The storm's passing. {other} and I shook hands on it.	嵐が過ぎていく。{other}と握手したよ。
the storm cellar	嵐の地下室
Six bunks, a lamp and a crate of biscuits. Enough.	寝台が六つ、ランプがひとつ、ビスケットが一箱。それで十分。
the wind gauge on the greenhouse roof	温室の屋根の風速計
It spun so fast in the storm it sang.	嵐のときは速く回りすぎて歌ってたよ。
the rover's storm tarp	ローバーの嵐よけシート
Patched eleven times. Each patch has a name.	十一回も継ぎ当てしたんだ。継ぎ当てひとつひとつに名前があるよ。
the big storm	大嵐
Forty sols of brown sky. I thought I'd forget the sun.	四十ソル、茶色い空。太陽を忘れちゃうかと思った。
We lost the old antenna. Found it a kilometre away.	古いアンテナをなくしたんだ。一キロ先で見つかったよ。
static	静電気
In a dust storm your hair stands up. Everyone's hair.	砂嵐の中だと髪が逆立つんだ。みんなの髪がね。
I got a shock off the door handle. The whole storm long.	嵐の間じゅう、ドアノブでびりっときてた。
the sun	太陽
When it came back after the storm, we all went outside. In suits.	嵐のあとで太陽が戻ってきたとき、みんなで外に出たんだ。宇宙服を着てね。
The sun's smaller here. You love it more.	ここの太陽は小さいんだ。だからこそ愛おしい。
what to trade with Tharsis	タルシスと何を取引するか
the radio schedule	無線の予定表
a message that went unanswered	返事のなかったメッセージ
who speaks for the habitat	誰が居住区の代表として話すか
the Tharsis accent	タルシスの訛り
the trade rover's route	交易ローバーの経路
the Tharsis cheese	タルシスのチーズ
a bad trade	損な取引
the convoy's schedule	輸送隊の予定
who drives the trade rover	誰が交易ローバーを運転するか
ride along on the trade run to Tharsis	タルシスへの交易便に同乗する
listen to the Tharsis radio show together	タルシスのラジオ番組を一緒に聴く
climb the ridge to wave at the Tharsis convoy	尾根に登ってタルシスの輸送隊に手を振る
radio operator	無線技士
trader	商人
Tharsis	タルシス
the Tharsis trade convoy	タルシスの交易輸送隊
{name} loaded the trade rover with {other}	{name}は{other}と交易ローバーに荷を積んだ
Loaded forty sacks of wheat with {other}. Tharsis sends pipes back.	{other}と小麦を四十袋積んだ。タルシスからはパイプが返ってくる。
{other} and I packed the trade crates. Labelled in two languages.	{other}と交易用の木箱を詰めた。ラベルは二か国語で。
{other} haggled with Tharsis over the radio. We won. I think.	{other}が無線でタルシスと値段交渉したんだ。こっちの勝ち。たぶんね。
The trade rover's heavy. {other} sat on the crates to close them.	交易ローバーが重い。{other}が木箱の上に座ってふたを閉めた。
Counted the Tharsis goods with {other}. Someone sent us cheese.	{other}とタルシスの品を数えた。誰かがチーズを送ってくれたよ。
{name} listened to Tharsis radio at {place}	{name}は{place}でタルシスのラジオを聴いた
Tharsis radio plays old songs. I know all the words.	タルシスのラジオは懐メロをかけるんだ。歌詞は全部知ってるよ。
Fell asleep to the Tharsis weather report. Soothing.	タルシスの天気予報を聞きながら寝ちゃった。落ち着くんだ。
The Tharsis DJ said hello to Ares. I cheered alone.	タルシスのDJがアレスにあいさつしてくれた。ひとりで歓声をあげたよ。
{friend} and I have a favourite Tharsis show now.	{friend}と私には、お気に入りのタルシスの番組があるんだ。
Static, then music. Someone else is out here. Nice.	雑音、それから音楽。ここにも誰かいるんだ。いいね。
{name} hosted the Tharsis traders with {other}	{name}は{other}とタルシスの商人たちをもてなした
The Tharsis traders brought a song. {other} learned it by supper.	タルシスの商人たちが歌を持ってきた。{other}は夕食までに覚えちゃった。
{other} gave the traders a tour. They loved the greenhouse.	{other}が商人たちを案内した。温室が大好評だったよ。
Supper for fourteen with {other}. We ran out of chairs.	{other}と十四人分の夕食。椅子が足りなかった。
{other} traded jokes with the Tharsis crew. Theirs are worse.	{other}がタルシスのクルーと冗談を言い合った。向こうのはもっとひどいんだ。
The traders stayed an extra sol. {other} didn't mind at all.	商人たちがもう一ソル泊まっていった。{other}は全然気にしてなかったよ。
{name} mapped the trade route with {other}	{name}は{other}と交易路を測量した
{other} and I marked every rock on the way to Tharsis.	{other}とタルシスまでの道の岩に全部印をつけた。
Mapped the canyon shortcut with {other}. Saves a whole sol.	{other}と峡谷の近道を測量した。まる一ソル短縮だよ。
{other} named a crater after me. It's a small crater.	{other}がクレーターに私の名前をつけてくれた。小さいクレーターだけど。
The trade map's done. {other} framed it.	交易路の地図ができた。{other}が額に入れたよ。
{other} says the route's safe. I believe it.	{other}がその道は安全だって言うんだ。信じてるよ。
the radio corner	無線コーナー
We talk to Tharsis every evening at seven. Sometimes they talk back.	毎晩七時にタルシスと話すんだ。返事が来ることもあるよ。
the trade shelf	交易品の棚
Tharsis cheese, Tharsis socks, one Tharsis poem.	タルシスのチーズ、タルシスの靴下、タルシスの詩がひとつ。
the rover's trade flag	ローバーの交易旗
We fly it so Tharsis knows we're friendly.	これを掲げておけば、タルシスにも友好的だってわかるんだ。
They've got forty people and a piano. A piano!	向こうには四十人とピアノがあるんだって。ピアノだよ！
Their mayor calls us the neighbours. I like that.	向こうの町長は私たちを「お隣さん」って呼ぶんだ。気に入ってる。
trading	取引
Wheat for pipes, songs for cheese. Fair's fair.	小麦とパイプ、歌とチーズ。公平にいかなきゃ。
I've never bargained before. I'm very bad at it.	値段交渉なんてしたことなかった。すごく下手なんだ。
A voice from over the horizon. It still gives me chills.	地平線の向こうからの声。今でもぞくっとするよ。
I know the Tharsis operator's laugh better than her face.	タルシスの無線係の笑い声は、顔より知ってるんだ。
the cadets' exam results	訓練生の試験結果
who teaches the cadets	誰が訓練生を教えるか
a cadet's prank	訓練生のいたずら
the suit sizes	宇宙服のサイズ
the training schedule	訓練の予定表
an old hand's war stories	古株の武勇伝
a cadet's lost manual	訓練生がなくしたマニュアル
the drill sergeant voice	鬼教官の声
the cadets' music	訓練生の音楽
who gets the top bunk	誰が上の寝台を使うか
take the cadets on their first night drive	訓練生を初めての夜間走行に連れていく
picnic at the crater rim with the cadets	訓練生とクレーターの縁でピクニック
watch the cadets' first solo walk	訓練生の初めての単独歩行を見守る
instructor	教官
quartermaster	補給係
the training ship	訓練船
the orbital academy	軌道アカデミー
{name} ran drills with the cadets and {other}	{name}は{other}と訓練生の訓練をした
Airlock drills with {other} and the cadets. Nine seconds!	{other}と訓練生とエアロックの訓練。九秒！
{other} timed the suit-up drill. Nobody's fast enough. Yet.	{other}が宇宙服の着用訓練の時間を計った。まだ誰も間に合わない。今はね。
A cadet put their helmet on backwards. {other} didn't laugh. Much.	訓練生がヘルメットを後ろ前にかぶったんだ。{other}は笑わなかった。あんまりね。
Drilled the cadets with {other} till dinner. They'll be good.	夕食まで{other}と訓練生を鍛えた。いい隊員になるよ。
{other} taught the cadets knots. I taught them patience.	{other}が訓練生に結び方を教えた。私は辛抱を教えた。
{name} studied the old manuals at {place}	{name}は{place}で古いマニュアルを勉強した
Read the old manual cover to cover. Found a doodle on page ninety.	古いマニュアルを最初から最後まで読んだ。九十ページに落書きがあった。
Studying at {place}. It's quiet till the cadets find me.	{place}で勉強中。訓練生に見つかるまでは静かなんだ。
Relearned everything I forgot. There was a lot.	忘れてたことを全部覚え直した。たくさんあったよ。
{friend} quizzed me on the manual. I passed. Barely.	{friend}がマニュアルの問題を出してくれた。合格。ぎりぎりね。
Fell asleep on the manual. Woke with a diagram on my cheek.	マニュアルの上で寝ちゃった。起きたら頬に図が写ってた。
{name} ate supper with the cadets and {other}	{name}は訓練生と{other}と夕食を食べた
The cadets asked {other} a hundred questions over supper.	夕食の間、訓練生たちが{other}に質問を百個もしてた。
{other} told the cadets about the first landing. They were silent.	{other}が訓練生に最初の着陸の話をしたんだ。みんな静まりかえってた。
Supper with the cadets and {other}. So loud. So good.	訓練生と{other}と夕食。すごくにぎやか。すごく楽しい。
A cadet cooked. {other} was brave. I was braver.	訓練生が料理したんだ。{other}は勇敢だった。私はもっと勇敢だった。
{other} and I got the cadets singing. Off key.	{other}と訓練生たちを歌わせたよ。音程はずれてたけど。
{name} mentored a cadet with {other}	{name}は{other}と訓練生の指導をした
My cadet fixed a seal alone today. {other} saw. I'm proud.	私の訓練生が今日ひとりでシールを直したんだ。{other}も見てた。誇らしいよ。
{other} and I wrote the cadets' reports. All good ones.	{other}と訓練生の評価を書いた。どれもいい評価だよ。
Taught a cadet to read the sky. {other} taught them to read me.	訓練生に空の読み方を教えた。{other}は私の読み方を教えてた。
{other} says I'm a natural teacher. I'm a natural worrier.	{other}が私は教えるのに向いてるって。心配するのに向いてるだけだよ。
A cadet thanked me. {other} pretended not to notice me tear up.	訓練生にお礼を言われた。私が涙ぐんだのを{other}は見ないふりしてくれた。
the cadets' bunk room	訓練生の寝台部屋
Posters on every wall. It looks like a student dorm. It is.	どの壁もポスターだらけ。学生寮みたい。実際そうなんだけど。
the practice beds	練習用の苗床
The cadets grow radishes here. Mostly they grow mistakes.	訓練生がここでラディッシュを育ててるんだ。育つのはだいたい失敗だけど。
the training rover	訓練用ローバー
Every dent on it is a lesson learned.	へこみのひとつひとつが、学んだ教訓なんだ。
the cadets	訓練生
They're so young. Were we that young?	みんなすごく若いね。私たちもあんなに若かった？
One of them wants my job. Good. Let them.	ひとりは私の仕事を狙ってるんだ。いいね。任せてみよう。
exams	試験
I failed my first suit exam. Nobody knows that.	最初の宇宙服の試験には落ちたんだ。誰も知らないけどね。
The exam's harder than Mars. Mars is fair.	試験は火星より厳しいよ。火星は公平だもの。
teaching	教えること
You learn a thing properly when you teach it.	教えてみると、ちゃんと身につくんだ。
My old teacher would laugh to see me now.	昔の先生が今の私を見たら笑うだろうな。
the ice mine shifts	氷鉱山のシフト
a flooded tunnel	水浸しのトンネル
who gets the warm suit	誰が暖かい宇宙服を使うか
the water allowance	水の割り当て
the drill's noise	ドリルの騒音
a found fossil	見つかった化石
the bath queue	お風呂の順番待ち
a leaking pipe	水漏れするパイプ
the ice caves' map	氷の洞窟の地図
muddy boots	泥だらけの長靴
explore the ice caves under the mine	鉱山の下の氷の洞窟を探検する
take a bath with the new water, one each	新しい水で、ひとりずつお風呂に入る
watch the ice glitter under the lamps	ランプの下で氷がきらめくのを眺める
miner	鉱夫
water engineer	水道技師
the polar station	極地ステーション
a mining ship	採掘船
{name} worked a shift in the ice mine with {other}	{name}は{other}と氷鉱山でシフトをこなした
{other} and I cut two tonnes of ice. My arms are jelly.	{other}と氷を二トン切り出した。腕がふにゃふにゃだよ。
Mine shift with {other}. The ice glows blue down there.	{other}と鉱山のシフト。下では氷が青く光ってるんだ。
{other} found a bubble of old air in the ice. Very old air.	{other}が氷の中に古い空気の泡を見つけた。すごく古い空気。
The drill jammed. {other} unjammed it with a song. Somehow.	ドリルが詰まったんだ。{other}が歌で直した。なぜかね。
Hauled ice with {other} till the carts were full.	荷車がいっぱいになるまで{other}と氷を運んだ。
{name} had a hot bath from the new water	{name}は新しい水で熱いお風呂に入った
A real bath. First in three years. I cried a bit.	本物のお風呂。三年ぶり。ちょっと泣いちゃった。
Five minutes of hot water. The best five minutes on Mars.	五分間のお湯。火星でいちばんの五分間。
Bath night. {friend} got the water after me. Sorry.	お風呂の夜。{friend}のお湯は私のあとだった。ごめんね。
Soaked till I wrinkled. Worth every drop.	しわしわになるまでつかってた。一滴残らず価値があったよ。
Hot water, clean hair. I feel like a new person.	熱いお湯、きれいな髪。生まれ変わった気分。
{name} explored the ice caves with {other}	{name}は{other}と氷の洞窟を探検した
{other} and I found a cave shaped like a cathedral.	{other}と大聖堂みたいな形の洞窟を見つけた。
Our lamps made the whole cave sparkle. {other} went quiet.	ランプの光で洞窟じゅうがきらめいたんだ。{other}は黙りこんでた。
{other} shouted and the cave shouted back.	{other}が叫んだら、洞窟が叫び返してきた。
Crawled through a tunnel with {other}. Came out laughing.	{other}とトンネルを這って抜けた。笑いながら出てきたよ。
{other} carved our initials in the ice. Very small.	{other}が氷にふたりの頭文字を彫った。すごく小さくね。
{name} planned the new water pipes with {other}	{name}は{other}と新しい水道管の計画を立てた
{other} and I drew the pipes on the wall. Then on paper.	{other}と壁に水道管の図を描いた。それから紙にも。
Water to every room by next window. {other} promised.	次の打ち上げ時期までに全部の部屋に水を。{other}が約束したんだ。
{other} worked out the pressure. I nodded wisely.	{other}が水圧を計算した。私はわかったふりをしてうなずいた。
Laid the first pipe with {other}. It leaked. Then it didn't.	{other}と最初の管を敷いた。漏れた。それから漏れなくなった。
{other} and I named the pipes after old rivers on Earth.	{other}と水道管に地球の昔の川の名前をつけた。
the new wash room	新しい洗面所
Hot water, two taps, one queue. Always a queue.	お湯、蛇口ふたつ、順番待ちの列ひとつ。いつだって列ができてる。
the ice-melt tank	融氷タンク
Every drop in the greenhouse started as ice down the mine.	温室の水は一滴残らず、鉱山の下の氷から来てるんだ。
the ice cart	氷の荷車
It's slow, it squeaks, and we'd be thirsty without it.	のろいし、きしむけど、これがなかったらみんなのどが渇いちゃう。
the ice mine	氷鉱山
It's cold, dark and the most important place on Ares.	寒くて暗くて、アレスでいちばん大事な場所。
There's ice down there older than the dinosaurs.	あそこには恐竜より古い氷があるんだ。
water	水
On Earth I left the tap running. I think of that a lot.	地球では蛇口を出しっぱなしにしてた。よくそのことを考えるよ。
Every glass of water here has a story.	ここでは、コップ一杯の水にも物語があるんだ。
fossils	化石
We found something in the ice. Might be nothing. Might be everything.	氷の中で何かを見つけたんだ。なんでもないかも。すべてかも。
If there was ever life here, it's hiding very well.	もしここに生命がいたなら、すごく上手に隠れてるね。
the heating ration	暖房の配給
the winter menu	冬の献立
who hogs the heater	誰がヒーターを独占してるか
a frozen pipe	凍った水道管
the long dark shifts	長い闇のシフト
the winter blues	冬の憂鬱
the soup recipe	スープのレシピ
a borrowed blanket	借りた毛布
the frost on the window	窓の霜
who ate the last roll	誰が最後のロールパンを食べたか
watch the winter frost form on the dome	ドームに冬の霜ができるのを眺める
have a midwinter feast by lamplight	ランプの明かりで冬至の宴を開く
walk out to see the frozen CO2 on the rocks	岩の上の凍った二酸化炭素を見に歩いていく
heating engineer	暖房技師
baker	パン職人
the southern outpost	南の前哨基地
a winter relief crew	冬の救援隊
{name} kept the heaters running at {place} with {other}	{name}は{other}と{place}のヒーターを動かし続けた
{other} and I fixed the heater at two in the morning. Heroes.	{other}と朝の二時にヒーターを直した。ヒーローだね。
Heater rounds with {other}. Every room, every hour.	{other}とヒーターの見回り。全部の部屋を一時間ごとに。
{other} wrapped the pipes in old blankets. It worked.	{other}が古い毛布で水道管をくるんだ。うまくいったよ。
Frost on the inside of the window. {other} and I sealed it.	窓の内側に霜。{other}とふさいだよ。
Fixed the heat exchanger with {other}. Warm again.	{other}と熱交換器を直した。また暖かくなった。
{name} spent the day under blankets	{name}は一日毛布にくるまって過ごした
Three blankets and a book. Winter can do its worst.	毛布を三枚と本を一冊。冬よ、かかってこい。
Stayed in bed with cocoa. The dome's cold, I'm not.	ココアを持ってベッドにこもった。ドームは寒いけど、私は寒くない。
{friend} knitted me socks. They're lumpy. I love them.	{friend}が靴下を編んでくれた。でこぼこだけど、大好き。
Napped by the heater like a cat.	猫みたいにヒーターのそばで昼寝した。
Watched the frost grow on the window all afternoon.	午後じゅう、窓に霜が育つのを眺めてた。
{name} cooked a winter stew with {other}	{name}は{other}と冬のシチューを作った
{other} and I made stew from everything left. It was good!	{other}と残り物を全部入れてシチューを作った。おいしかった！
Baked bread with {other}. The whole habitat came to smell it.	{other}とパンを焼いた。居住区じゅうの人がにおいをかぎに来たよ。
{other} invented a soup. We'll never make it again. Delicious.	{other}がスープを発明した。二度と作れないけど。おいしかった。
Cooking with {other} keeps us warm. And fed.	{other}と料理してると暖かいんだ。おなかもふくれるし。
{other} burned the rolls. We ate them anyway. Crunchy.	{other}がロールパンを焦がした。それでも食べたよ。かりかりだった。
{name} checked on everyone through the long night with {other}	{name}は長い夜の間、{other}とみんなの様子を見て回った
{other} and I knocked on every door. Everyone's warm.	{other}と全部の扉をノックして回った。みんな暖かくしてたよ。
Brought tea round with {other}. Nobody said no.	{other}とお茶を配って回った。誰も断らなかったよ。
{other} noticed someone was low. We sat with them.	{other}が落ちこんでる人に気づいた。一緒にそばに座ったんだ。
Night rounds with {other}. The habitat's asleep and safe.	{other}と夜の見回り。居住区は眠っていて、無事だよ。
{other} and I left a note on every bunk. Just: hang on.	{other}と寝台ひとつひとつにメモを置いた。ただ「がんばって」って。
the warmest corner of the mess	食堂のいちばん暖かい隅
Right above the heat pipe. First come, first warm.	熱パイプの真上。早い者勝ちで暖まれるよ。
the winter lamps	冬のランプ
They keep the wheat thinking it's summer.	これで小麦は夏だと思いこんでるんだ。
the rover's heater	ローバーのヒーター
Best heater on Ares. Everyone sits in the rover to warm up.	アレスでいちばんのヒーター。みんなローバーに座って暖まるんだ。
winter	冬
A Martian winter lasts half a year. You learn to like soup.	火星の冬は半年続くんだ。スープが好きになるよ。
The frost on the dome looks like ferns.	ドームの霜はシダみたいに見えるんだ。
the long dark	長い闇
It's the not-knowing that's hard. When it'll end.	つらいのは、わからないことなんだ。いつ終わるのかがね。
We all got a bit closer this winter. Had to.	この冬、みんな少し仲良くなったよ。そうするしかなかったからね。
bread	パン
There's nothing like bread when it's cold out.	寒い日のパンに勝るものはないよ。
My grandmother's recipe works on Mars. She'd be amazed.	おばあちゃんのレシピは火星でも通用するんだ。きっとびっくりするよ。
the new trees	新しい木々
the terraforming test	テラフォーミングの試験
who waters the trees	誰が木に水をやるか
the moss experiment	コケの実験
the oxygen readings	酸素の測定値
a trampled seedling	踏まれた苗
the tree names	木の名前
who planted the crooked tree	誰が曲がった木を植えたか
the moss count	コケの数
a spilled seed tray	こぼれた種のトレー
visit the moss test plot at dawn	夜明けにコケの試験区画を見に行く
plant a tree together in the big dome	大ドームで一緒に木を植える
walk the new garden path	新しい庭の小道を歩く
forester	森林官
soil scientist	土壌学者
the terraforming project	テラフォーミング計画
a greenhouse ship	温室船
{name} planted trees in the big dome with {other}	{name}は{other}と大ドームに木を植えた
{other} and I planted six trees. Real trees, on Mars.	{other}と木を六本植えた。火星に本物の木を。
Dug holes with {other} all morning. The trees went in by lunch.	午前中ずっと{other}と穴を掘った。お昼には木が植わってたよ。
{other} named every tree. I'm not allowed to forget them.	{other}が木に全部名前をつけたんだ。私は忘れちゃいけないことになってる。
A tree's taller than me now. {other} measured.	木が私より高くなった。{other}が測ったんだ。
Watered the saplings with {other}. One has a leaf!	{other}と苗木に水をやった。一本に葉っぱが出てる！
{name} sat with the moss plot at {place}	{name}は{place}のコケの区画のそばに座っていた
The moss is growing outside. Outside! In the open air!	コケが外で育ってるんだ。外だよ！むき出しの空気の中で！
Sat by the moss plot. It's green against the red. Unbelievable.	コケの区画のそばに座ってた。赤の中の緑。信じられないよ。
Counted the moss patches. Nine. Yesterday it was eight.	コケの群生を数えた。九つ。昨日は八つだった。
{friend} says I watch the moss like it's television.	{friend}に、テレビでも見るみたいにコケを眺めてるって言われた。
Just me and a bit of green. Mars is changing.	私と、ほんの少しの緑だけ。火星が変わりつつあるんだ。
{name} walked in the dome garden with {other}	{name}は{other}とドームの庭を歩いた
{other} and I walked under actual leaves. We didn't talk. Didn't need to.	{other}と本物の葉っぱの下を歩いた。何も話さなかった。話す必要がなかったんだ。
The garden smells of Earth. {other} closed their eyes.	庭は地球のにおいがする。{other}は目を閉じてた。
{other} found a ladybird. Someone brought ladybirds!	{other}がテントウムシを見つけた。誰かがテントウムシを連れてきたんだ！
Sat on the grass with {other}. Grass!	{other}と芝生に座った。芝生だよ！
{other} picked me a flower. I pressed it in the log.	{other}が花を摘んでくれた。日誌にはさんで押し花にしたよ。
{name} sorted the seed library with {other}	{name}は{other}と種の図書館を整理した
{other} and I catalogued two hundred kinds of seed.	{other}と二百種類の種を目録にした。
Sent seeds to Tharsis with {other}. They'll grow there too.	{other}とタルシスに種を送った。向こうでも育つよ。
{other} found a seed packet from the first landing. Still good.	{other}が最初の着陸のときの種の袋を見つけた。まだ使えるんだ。
Labelled every drawer with {other}. In pencil, in case.	{other}と引き出しに全部ラベルを貼った。念のため鉛筆でね。
The seed library's the colony's future. {other} says so. So do I.	種の図書館はコロニーの未来なんだ。{other}もそう言うし、私もそう思う。
the first tree	最初の木
Planted by everyone, one shovel each. It leans a bit.	みんなでひとすくいずつ土をかけて植えたんだ。ちょっと傾いてるけど。
the moss window	コケの窓
From here you can watch the moss grow outside. Slowly.	ここから外でコケが育つのが見えるんだ。ゆっくりとね。
the seed drawers in the rover	ローバーの種の引き出し
We plant as we drive. Mars will be green by the tracks.	走りながら種をまくんだ。轍沿いに火星が緑になるよ。
the trees	木々
I'll be old when they're tall. That's all right.	木が高くなるころには、私はおばあさんだね。それでいいんだ。
Trees on Mars. My grandmother wouldn't believe it.	火星に木が。おばあちゃんは信じないだろうな。
After years of red, green hurts your eyes. In a good way.	何年も赤ばかり見てたから、緑が目にしみるんだ。いい意味でね。
I dream in green now.	今じゃ緑色の夢を見るんだ。
Somebody will be born here one day. Under those trees.	いつかここで誰かが生まれるよ。あの木々の下でね。
We won't see Mars green. Our grandchildren might.	私たちは緑の火星を見られない。でも孫たちは見られるかもしれない。
the family quarters	家族用の居住棟
the new school timetable	新しい時間割
who's the oldest settler	誰がいちばん古い入植者か
the anniversary plaque	記念の銘板
the Ares flag design	アレスの旗のデザイン
the settlers' vote	入植者の投票
the anniversary speech	記念日のスピーチ
the family quarters' noise	家族用居住棟の騒音
a child's drawing on the wall	壁に描かれた子どもの絵
the school bell	学校のチャイム
go to the anniversary dance	記念日のダンスパーティーに行く
visit the first landing site together	一緒に最初の着陸地点を訪ねる
watch the new families arrive	新しい家族が到着するのを見守る
schoolteacher	学校の先生
architect	建築家
a settler ship	入植船
a family from Earth	地球から来た家族
{name} built family quarters with {other}	{name}は{other}と家族用の居住棟を建てた
{other} and I put up walls for the new families. Pink, they asked.	{other}と新しい家族のために壁を立てた。ピンクがいいって言われたよ。
Built bunk beds with {other}. Small ones. For children.	{other}と二段ベッドを作った。小さいの。子ども用にね。
{other} installed a real front door. With a doorbell.	{other}が本物の玄関ドアを取りつけた。呼び鈴つきで。
The quarters are done. {other} and I tested every bed.	居住棟ができた。{other}とベッドを全部試したよ。
A family moved in today. {other} and I carried their boxes.	今日、ある家族が引っ越してきた。{other}と荷物を運んだよ。
{name} sat by the landing stone at {place}	{name}は{place}の着陸記念石のそばに座っていた
Sat by the landing stone. Thought of the first sol.	着陸記念石のそばに座った。最初のソルのことを思い出したよ。
Read the names on the plaque. Every one of us.	銘板の名前を読んだ。私たちみんなの名前。
It's been years. It feels like weeks.	もう何年もたった。数週間しかたってない気がするのに。
{friend} brought me tea at the stone. We didn't talk.	{friend}が記念石までお茶を持ってきてくれた。何も話さなかった。
Quiet sol. Just me, the stone and all those memories.	静かなソル。私と記念石と、たくさんの思い出だけ。
{name} danced at the anniversary with {other}	{name}は記念日に{other}と踊った
{other} and I danced to the song from the first landing.	{other}と最初の着陸のときの曲で踊った。
Anniversary dance with {other}. Low gravity is good for spins.	{other}と記念日のダンス。低重力はスピンにもってこいだよ。
{other} gave a speech. Nobody expected it to be funny. It was.	{other}がスピーチをしたんだ。誰もおもしろいなんて思ってなかった。おもしろかったよ。
Danced with {other} till the lights dimmed for night.	夜の明かりが落ちるまで{other}と踊った。
{other} wore their old flight suit. Still fits. Nearly.	{other}は昔の飛行服を着てきた。まだ入るんだ。ぎりぎりね。
{name} taught at the settlers' school with {other}	{name}は{other}と入植者の学校で教えた
{other} and I taught the children where water comes from. The mine!	{other}と子どもたちに水はどこから来るのか教えた。鉱山から！
A child asked {other} what rain is. We tried to explain.	子どもが{other}に雨って何って聞いたんだ。説明してみたよ。
School day with {other}. The children drew the habitat. Perfectly.	{other}と授業の日。子どもたちが居住区の絵を描いた。完璧だった。
{other} taught fractions with ration bars. Very popular.	{other}は配給バーで分数を教えた。大人気だったよ。
The children call me teacher. {other} says I blushed.	子どもたちに先生って呼ばれるんだ。{other}には赤くなってたって言われた。
the family room	家族の部屋
Toys on the floor, drawings on the walls. It's a home now.	床にはおもちゃ、壁には絵。もうすっかり家だよ。
the children's garden bed	子どもたちの花壇
They planted it in rows. Crooked rows. Perfect rows.	列にして植えたんだ。曲がった列。完璧な列。
the Ares flag on the rover	ローバーのアレスの旗
We voted on the design. Red and green. Obviously.	デザインは投票で決めたんだ。赤と緑。当然だよね。
the settlers	入植者たち
They brought a piano. We have a piano now.	ピアノを持ってきたんだ。うちにもピアノがあるんだよ。
Families on Mars. Children's laughter in the corridors.	火星に家族が。廊下に子どもたちの笑い声。
the first landing	最初の着陸
I was so scared. Nobody knew. Now you do.	すごく怖かったんだ。誰も知らなかったけど。今はあなたが知ってる。
We had one dome and a lot of hope.	ドームがひとつと、たくさんの希望だけだった。
Earth's where I was born. Ares is where I live.	生まれたのは地球。暮らしてるのはアレス。
I stopped counting the sols. That's when I knew.	ソルを数えるのをやめたんだ。そのとき、わかったよ。
a scratched Walkman tape	傷のついたウォークマンのテープ
who gets the Nintendo first	誰が先にファミコンをやるか
the Friday night movie	金曜の夜の映画
a borrowed denim jacket	借りたデニムジャケット
the new girl at school	学校の転校生
the phone bill	電話代
see the new movie at the Rialto	リアルト座で新作映画を見る
ride the Ferris wheel at the county fair	郡のお祭りで観覧車に乗る
rent a canoe on the lake	湖でカヌーを借りる
video store clerk	レンタルビデオ店の店員
aerobics teacher	エアロビクスの先生
Des Moines	デモイン
a farm upstate	北部の農場
{name} worked a shift at {place} with {other}	{name}は{place}で{other}とシフトに入った
Rewound forty tapes with {other}. My thumbs hurt.	{other}とビデオを四十本巻き戻した。親指が痛い。
{other} and I sold out of popcorn by eight.	八時には{other}とポップコーンを売り切ったよ。
Worked the till at {place}. {other} did the voices.	{place}でレジを担当した。{other}は声まねをしてた。
Stacked the new releases with {other}. Die Hard's already gone.	{other}と新作を並べた。『ダイ・ハード』はもう貸し出し中。
{other} taught me the late-fee speech. I'm terrible at it.	{other}に延滞料の説明の仕方を教わった。私、すごく下手なんだ。
{name} walked round {place} with a Walkman on	{name}はウォークマンを聴きながら{place}を歩き回った
Walked the whole loop with my Walkman. Side A twice.	ウォークマンを聴きながらぐるっと一周歩いた。A面を二回。
Batteries died halfway round {place}. Hummed the rest.	{place}を半周したところで電池が切れた。残りは鼻歌で。
New mixtape from {friend}. Every song's a good one.	{friend}から新しいミックステープ。どの曲もいいんだ。
Sat on the wall at {place} and listened to the whole album.	{place}の塀に座って、アルバムを一枚まるごと聴いた。
Rewound my favourite song so many times the tape's stretched.	お気に入りの曲を巻き戻しすぎて、テープが伸びちゃった。
{name} played Nintendo with {other} all evening	{name}は一晩じゅう{other}とファミコンをした
{other} and I got to world 8. Then the power went.	{other}とワールド8まで行った。そしたら停電。
Two controllers, one pizza, {other}. Perfect night.	コントローラーふたつ、ピザひとつ、{other}。完璧な夜。
{other} blew on the cartridge and it worked. Science.	{other}がカセットに息を吹きかけたら動いた。科学だね。
Lost to {other} eleven times. Won once. I'm counting it.	{other}に十一回負けた。一回勝った。それを数えることにする。
{other} knows every secret warp. Every single one.	{other}は隠しワープを全部知ってるんだ。ひとつ残らず。
{name} wrote letters to a pen pal at {place} with {other}	{name}は{place}で{other}とペンフレンドに手紙を書いた
Wrote to my pen pal in France. {other} drew the stamps.	フランスのペンフレンドに手紙を書いた。切手の絵は{other}が描いた。
{other} is writing to someone in Japan. I'm jealous.	{other}は日本の誰かと文通してるんだ。うらやましい。
Four pages to my pen pal. {other} says that's too many.	ペンフレンドに四枚書いた。{other}は長すぎるって。
Got a letter back from Brazil! {other} read it twice.	ブラジルから返事が来た！{other}が二回読んだよ。
{other} and I sent our pen pals a mixtape each.	{other}とそれぞれのペンフレンドにミックステープを送った。
the video shelf at the back	奥のビデオの棚
The horror tapes are up high. Kids can't reach. In theory.	ホラーのビデオは高い棚にあるんだ。子どもの手は届かない。理屈ではね。
the request line phone	リクエスト用の電話
It rings all night on Fridays. Mostly the same three songs.	金曜は一晩じゅう鳴りっぱなし。だいたい同じ三曲だけど。
the back window of the night bus	夜行バスの後ろの窓
Best view of the whole street going by.	通りが流れていくのがいちばんよく見える場所。
the county fair	郡のお祭り
The Ferris wheel stops at the top. On purpose, I swear.	観覧車はてっぺんで止まるんだ。わざとだよ、絶対。
I won a goldfish once. He lived nine years.	一度金魚をすくったんだ。九年生きたよ。
my Walkman	私のウォークマン
It's held together with tape. The sticky kind and the music kind.	テープで留めてあるんだ。粘着テープと、音楽のテープでね。
I'd give up my bike before my Walkman.	ウォークマンを手放すくらいなら、自転車を手放すよ。
the Rialto	リアルト座
The balcony seats squeak. Everyone knows who's up there.	二階席はきしむんだ。誰が上にいるかみんなにばれちゃう。
Old Mr Lutz has run the projector for thirty years.	ルッツじいさんは三十年も映写機を回してるんだ。
a Game Boy left in the rain	雨に濡れたゲームボーイ
the news from Berlin	ベルリンのニュース
who drives to the lake	誰が湖まで運転するか
a broken curfew	破った門限
the prom date	プロムの相手
the last of the hairspray	最後のヘアスプレー
watch the fireworks from the water tower	給水塔から花火を見る
drive out to the quarry at night	夜に採石場まで車で行く
go bowling on dollar night	一ドルの夜にボウリングに行く
bowling alley manager	ボウリング場の支配人
hairdresser	美容師
Cleveland	クリーブランド
a town by the Great Lakes	五大湖のほとりの町
{name} worked at {place} with {other}	{name}は{place}で{other}と働いた
{other} and I went through two cans of hairspray before noon.	お昼前に{other}とヘアスプレーを二缶使いきった。
Swept up at {place}. {other} sang the whole time.	{place}を掃除した。{other}はずっと歌ってた。
{other} gave a perm that could stop traffic.	{other}がかけたパーマは、道行く人が振り返るほどだった。
Double shift with {other}. My feet have opinions.	{other}と通しのシフト。足が文句を言ってるよ。
Counted tips with {other}. Enough for a movie. Almost.	{other}とチップを数えた。映画一本分。ほぼね。
{name} played a Game Boy at {place}	{name}は{place}でゲームボーイをした
Tetris at {place} till the screen went dim.	画面が暗くなるまで{place}でテトリス。
Got the long block right when I needed it. Once.	必要なときに長い棒がちゃんと来た。一回だけね。
Played Tetris on the bus. Missed my stop.	バスでテトリスをしてたら、降りそこねた。
{friend} beat my score. I'm taking it personally.	{friend}に記録を抜かれた。本気で悔しい。
Just me, {place} and the little beeping blocks.	私と{place}と、ピコピコいう小さなブロックだけ。
{name} went bowling with {other}	{name}は{other}とボウリングに行った
{other} bowled a strike and did a dance about it.	{other}がストライクを取って、踊りまくってた。
Rented shoes with {other}. They were still warm.	{other}と靴を借りた。まだ温かかった。
{other} and I got the gutter-ball prize.	{other}とガター賞をもらった。
Dollar night with {other}. Cheapest fun in town.	{other}と一ドルの夜。町でいちばん安い遊びだよ。
{other} keeps score in pen. No mercy.	{other}はスコアをペンでつけるんだ。容赦なし。
{name} watched the news from Berlin with {other}	{name}は{other}とベルリンのニュースを見た
{other} and I watched them climb the Wall on TV. We cried.	テレビで人々が壁に登るのを{other}と見た。ふたりとも泣いたよ。
History's happening. {other} made popcorn.	歴史が動いてる。{other}はポップコーンを作った。
Taped the news for my grandkids. {other} says I'm dramatic.	孫のためにニュースを録画した。{other}には大げさだって言われた。
{other} says the whole world's changing. Feels like it.	世界じゅうが変わっていくって{other}が言うんだ。そんな気がする。
Stayed up late with {other} watching the crowds sing.	群衆が歌うのを{other}と夜更かしして見てた。
the Tetris machine	テトリスの機械
It's rigged. The long block never comes. Never.	仕組まれてるんだ。長い棒は絶対来ない。絶対にね。
the tape library	テープ室
Every show we ever did, on the shelf. Some of them are awful.	今までの番組が全部棚にあるんだ。ひどいのもあるけどね。
the photo booth	証明写真ボックス
Four pictures for a dollar. Everybody's been in here with somebody.	四枚で一ドル。みんな誰かと一緒にここに入ったことがあるんだ。
Berlin	ベルリン
I never thought I'd see that wall come down.	あの壁が崩れるのを見られるなんて思わなかった。
My grandpa was born there. He called me, crying.	おじいちゃんはあそこで生まれたんだ。泣きながら電話してきたよ。
the prom	プロム
I wore a dress with sleeves like parachutes.	パラシュートみたいな袖のドレスを着たんだ。
My date stepped on my feet all night. Still the best night.	相手に一晩じゅう足を踏まれた。それでも最高の夜だった。
the bowling alley	ボウリング場
The shoes smell. Everyone agrees. Nobody minds.	靴がくさい。みんな認めてる。誰も気にしてない。
Lane six is warped. Locals know.	六番レーンは曲がってるんだ。地元の人は知ってる。
the new mall	新しいショッピングモール
a cancelled TV show	打ち切りになったテレビ番組
who ate the leftover lasagne	誰が残りのラザニアを食べたか
the car radio station	カーラジオの局
a lost library book	なくした図書館の本
the arcade's new prices	アーケードの新料金
walk round the new mall	新しいモールを歩き回る
see the Christmas lights on Elm Street	エルム通りのクリスマスの明かりを見に行く
go ice skating on the pond	池でアイススケートをする
mall security guard	モールの警備員
pizza delivery driver	ピザの配達員
Tucson	ツーソン
a navy base in Virginia	バージニアの海軍基地
{name} worked the food court with {other}	{name}は{other}とフードコートで働いた
{other} and I served two hundred pretzels. I dream in pretzels.	{other}とプレッツェルを二百個売った。夢にまでプレッツェルが出てくる。
Mall shift with {other}. Same song on the speakers eleven times.	{other}とモールのシフト。スピーカーから同じ曲が十一回。
{other} got us free samples from the cookie stand.	{other}がクッキー屋さんから試食をもらってきてくれた。
Folded sweaters with {other} till closing.	閉店まで{other}とセーターをたたんだ。
The escalator broke. {other} and I pretended it was stairs.	エスカレーターが壊れた。{other}と階段だと思うことにした。
{name} wandered the new mall with {other}	{name}は{other}と新しいモールをぶらついた
{other} and I sat by the fountain and threw pennies.	{other}と噴水のそばに座って、一セント玉を投げた。
Tried on sunglasses with {other}. Bought none.	{other}とサングラスを試着した。一本も買わなかった。
Walked the whole mall with {other} twice. Didn't buy a thing.	{other}とモールを二周した。何も買わなかった。
{other} and I rode the glass elevator up and down.	{other}とガラスのエレベーターで上がったり下がったり。
The mall smells like cinnamon. {other} says that's on purpose.	モールはシナモンのにおいがするんだ。わざとだって{other}は言う。
{name} looked at the Christmas lights with {other}	{name}は{other}とクリスマスの明かりを見に行った
{other} and I counted the reindeer on every lawn. Forty-one.	{other}と芝生のトナカイを数えた。四十一頭。
The Hendersons' house blinks in time to music. {other} loved it.	ヘンダーソンさんの家は音楽に合わせて点滅するんだ。{other}は大喜び。
Walked Elm Street with {other}. Cocoa in paper cups.	{other}とエルム通りを歩いた。紙コップのココアを持ってね。
{other} says our street needs more lights. Fair point.	うちの通りにももっと明かりが必要だって{other}が言う。もっともだね。
Lights, snow and {other}. Best walk of the year.	明かりと雪と{other}。一年でいちばんの散歩だった。
{name} helped out at the library	{name}は図書館を手伝った
Shelved two carts of books. Found a letter from 1962 in one.	ワゴン二台分の本を棚に戻した。一冊に一九六二年の手紙がはさまってた。
Read to the little kids at story time. They wanted the scary one.	お話の時間に小さい子たちに読み聞かせをした。怖い話がいいって。
Fixed the card catalogue. Nobody will notice. I will.	カード目録を直した。誰も気づかないだろうけど、私は気づくよ。
Stamped due dates all afternoon. Thunk, thunk, thunk.	午後じゅう返却日のスタンプを押してた。とん、とん、とん。
Found the lost book behind the radiator. Case closed.	なくした本はヒーターの裏にあった。一件落着。
the change machine's secret	両替機の秘密
Kick it low on the left and it gives an extra quarter. Don't tell.	左下を蹴ると、二十五セント玉がもう一枚出てくるんだ。内緒ね。
the driver's radio	運転手のラジオ
Frank lets you pick the station after midnight.	真夜中を過ぎると、フランクが局を選ばせてくれるんだ。
the old studio clock	スタジオの古い時計
It's four minutes fast. Every show starts early.	四分進んでるんだ。どの番組も早く始まっちゃう。
It's got a fountain inside. Inside!	中に噴水があるんだよ。中にだよ！
Half the street works there now.	今じゃ通りの半分があそこで働いてる。
Christmas	クリスマス
We put the tree up the day after Thanksgiving. Every year.	毎年、感謝祭の翌日にツリーを飾るんだ。
I still leave cookies out. For the tradition.	今でもクッキーを置いておくんだ。伝統だからね。
the library	図書館
I've read every book in the teen section. Twice.	ティーン向けの棚の本は全部読んだよ。二回ずつね。
The librarian knows everyone's secrets. From their late books.	司書さんはみんなの秘密を知ってるんだ。延滞してる本からね。
the cable bill	ケーブルテレビの料金
a band T-shirt	バンドTシャツ
who gets the good parking spot	誰がいい駐車場所を取るか
the new video store	新しいレンタルビデオ店
a dented bumper	へこんだバンパー
grunge	グランジ
go to a real concert in the city	都会で本物のコンサートに行く
drive to the coast for the weekend	週末に海岸までドライブする
watch the meteor shower from the field	野原から流星群を見る
cable installer	ケーブルの取りつけ業者
record store owner	レコード店の店主
Seattle	シアトル
a small town in Oregon	オレゴンの小さな町
{name} ran cable with {other}	{name}は{other}とケーブルを引いた
{other} and I wired up six houses. Everyone wants MTV.	{other}と六軒の配線をした。みんなMTVが見たいんだ。
Crawled under a porch with {other}. Found a cat. Kept the cat.	{other}とポーチの下にもぐった。猫を見つけた。飼うことにした。
{other} climbed the pole. I held the ladder and prayed.	{other}が電柱に登った。私ははしごを押さえて祈ってた。
Fifty-seven channels and nothing on, says {other}.	五十七チャンネルあっても見るものがないって{other}が言う。
Long day with {other}. Every house had a dog.	{other}と長い一日。どの家にも犬がいた。
{name} lay around in flannel listening to records	{name}はネルシャツでごろごろしながらレコードを聴いた
Flannel, records, the whole afternoon. Grunge is comfortable.	ネルシャツにレコード、午後まるごと。グランジは楽ちんだよ。
Listened to the new album three times. Still don't get it. Love it.	新しいアルバムを三回聴いた。まだよくわからない。大好き。
{friend} lent me a record. I'm never giving it back.	{friend}がレコードを貸してくれた。絶対返さないよ。
Lay on the floor and let the record play out.	床に寝ころんで、レコードが最後までかかるのを聴いてた。
It rained. I let it. Records and a blanket.	雨が降った。好きにさせておいた。レコードと毛布。
{name} jammed with {other} in a garage	{name}はガレージで{other}とセッションした
{other} and I wrote a song. It's loud. It's about the bus.	{other}と曲を作った。うるさいやつ。バスの歌だよ。
Three chords and {other} on drums. We're a band now.	コード三つと、ドラムの{other}。これでバンドだ。
The neighbours banged on the door. {other} took it as applause.	お隣さんが扉をどんどんたたいた。{other}は拍手だと思ってた。
{other} broke a string mid-song and kept going.	{other}は曲の途中で弦を切っても、そのまま弾き続けた。
Jammed with {other} till the garage light blew.	ガレージの電球が切れるまで{other}とセッションした。
{name} started a recycling drive with {other}	{name}は{other}とリサイクル運動を始めた
{other} and I sorted cans behind {place}. Four hundred!	{other}と{place}の裏で空き缶を分別した。四百個！
Recycling bins on every corner now. {other} painted them.	今じゃどの角にもリサイクル箱がある。{other}が塗ったんだ。
{other} says we can save the planet one can at a time.	空き缶ひとつずつ地球を救えるって{other}は言う。
Collected newspapers with {other}. A mountain of them.	{other}と古新聞を集めた。山のようにね。
Took the cans in with {other}. Twelve dollars for the fund.	{other}と空き缶を持っていった。基金に十二ドル。
the jukebox in the corner	隅のジュークボックス
It only plays the B-sides now. Somebody rewired it. Me.	今はB面しかかからないんだ。誰かが配線をいじったの。私がね。
the roof of the station	放送局の屋上
You can hear three states' stations up here at night.	夜ここに上がると、三つの州の放送が聞こえるんだ。
the bus shelter's graffiti	バス停の落書き
Every name on here went on to do something. Mostly.	ここに名前がある人はみんな、その後ひとかどの人になったんだ。だいたいはね。
Nobody irons anything any more. I love it.	もう誰もアイロンなんてかけない。最高だよ。
My mother thinks my flannel shirts are a phase.	ママはネルシャツなんて一時の流行だと思ってる。
cable TV	ケーブルテレビ
There's a channel that's just the weather. All day.	一日じゅう天気だけやってるチャンネルがあるんだ。
We used to have four channels. Now I can't choose.	昔はチャンネルが四つだった。今は選べないよ。
the coast	海岸
I'd never seen the ocean till last summer.	去年の夏まで海を見たことがなかったんだ。
The sea's bigger than it looks on TV. Much bigger.	海はテレビで見るより大きいよ。ずっと大きい。
the Olympics on TV	テレビのオリンピック
a pager going off in church	教会で鳴ったポケベル
who's the best dancer	誰がいちばんダンスがうまいか
the class ring	卒業記念の指輪
a spoiled season finale	ネタバレされた最終回
the new stoplight	新しい信号機
watch the Olympics at the diner	ダイナーでオリンピックを見る
take the train to the city	電車で都会に行く
go camping by the river	川辺でキャンプする
paramedic	救急隊員
dance teacher	ダンスの先生
Barcelona	バルセロナ
a trailer park out by the highway	幹線道路沿いのトレーラーパーク
{name} was on call with {other}	{name}は{other}と待機番をした
My pager went off four times. {other} ate my fries each time.	ポケベルが四回鳴った。そのたびに{other}に私のポテトを食べられた。
On call all night with {other}. Nobody called. Classic.	{other}と一晩じゅう待機。誰からも呼ばれなかった。お約束だね。
{other} and I fixed the diner's freezer at midnight.	{other}と真夜中にダイナーの冷凍庫を直した。
{other} taught me the pager codes. 143 means I love you.	{other}がポケベルの暗号を教えてくれた。「143」は愛してるって意味。
Worked till two with {other}. The coffee gave up before we did.	{other}と二時まで働いた。コーヒーのほうが先に音を上げた。
{name} watched the Olympics with {other} at {place}	{name}は{place}で{other}とオリンピックを見た
{other} and I cheered for a country we can't find on a map.	{other}と地図でも見つけられない国を応援した。
Gymnastics at {place}. {other} tried a cartwheel. Ow.	{place}で体操を見た。{other}が側転をやってみた。いたた。
{other} knows every swimmer's name. Every one.	{other}は水泳選手の名前を全部知ってるんだ。ひとり残らず。
The whole diner stood up for the relay. {other} spilled a shake.	リレーでダイナーじゅうが立ち上がった。{other}はシェイクをこぼした。
Gold medal! {other} and I hugged strangers.	金メダル！{other}と知らない人とまで抱き合っちゃった。
{name} went line dancing with {other}	{name}は{other}とラインダンスに行った
{other} and I learned the whole dance. Then forgot it.	{other}とダンスを全部覚えた。それから全部忘れた。
Line dancing with {other}. I went left. Everyone went right.	{other}とラインダンス。私は左に行った。みんなは右に行った。
{other} has boots now. Real ones. With spurs.	{other}がブーツを買ったんだ。本物のやつ。拍車つきで。
Danced with {other} till the band packed up.	バンドが片づけるまで{other}と踊った。
{other} yee-hawed. I'll never forget it.	{other}が「イーハー！」って叫んだ。一生忘れないよ。
{name} taught a first-aid class with {other}	{name}は{other}と応急手当の講習をした
Taught CPR with {other}. The dummy's called Stan.	{other}と心肺蘇生法を教えた。人形の名前はスタン。
{other} bandaged my whole arm for practice. It's still on.	練習で{other}に腕じゅう包帯を巻かれた。まだ巻いたまま。
Six people learned the Heimlich. {other} was the choking one.	六人がハイムリック法を覚えた。のどを詰まらせる役は{other}。
{other} and I made first-aid kits for every house.	{other}と全部の家に救急箱を作った。
First-aid class full. {other} brought cookies. For morale.	応急手当の講習は満員。{other}が士気のためにクッキーを持ってきた。
the high-score initials	ハイスコアの頭文字
Three letters, top of the board, two years running. Guess whose.	ボードのいちばん上に三文字、二年連続。誰のか当ててみて。
the transmitter room	送信機室
It hums like a fridge. Don't touch the big red switch.	冷蔵庫みたいにうなってるんだ。大きな赤いスイッチには触らないで。
the depot's coffee pot	車庫のコーヒーポット
It's never been washed. The drivers say that's the secret.	一度も洗ったことがないんだ。運転手たちはそれが秘訣だって。
the Olympics	オリンピック
I wanted to be a gymnast. I was a very bendy kid.	体操選手になりたかったんだ。すごく体のやわらかい子だったんだよ。
I cried at the opening ceremony. All those flags.	開会式で泣いちゃった。あれだけの旗を見てね。
pagers	ポケベル
Mine beeps and my heart stops. Every time.	鳴るたびに心臓が止まりそうになるんだ。毎回ね。
Everyone's got one now. Even the dentist.	今じゃみんな持ってる。歯医者さんまで。
the river	川
We used to swing off the rope into it. Still could.	昔はロープにぶら下がって飛びこんだんだ。今でもできるよ。
There's a catfish down there as big as a canoe. Swear it.	あそこにはカヌーくらい大きなナマズがいるんだ。本当だよ。
the dinosaur movie	恐竜の映画
the family computer	家族のパソコン
who hogs the phone line	誰が電話回線を独占してるか
a floppy disk	フロッピーディスク
the new zip code	新しい郵便番号
the diner's new menu	ダイナーの新メニュー
see the dinosaur movie on opening night	恐竜の映画を公開初日に見る
go to the science museum	科学博物館に行く
fly kites on the hill	丘で凧をあげる
computer teacher	コンピューターの先生
museum guide	博物館の案内係
San Jose	サンノゼ
a college town in Ohio	オハイオの大学町
{name} set up computers with {other}	{name}は{other}とコンピューターを設置した
{other} and I got the printer working. It screams.	{other}とプリンターを動かした。悲鳴みたいな音がするんだ。
Installed a game on every computer. {other} says it's educational.	全部のパソコンにゲームを入れた。教育用だって{other}は言ってる。
{other} typed eighty words a minute. I did eight.	{other}は一分間に八十語打てるんだ。私は八語。
Carried monitors all day with {other}. They weigh a ton.	{other}と一日じゅうモニターを運んだ。すごく重いんだ。
{other} knows what all the beeps mean. I just nod.	{other}はあのピーピー音の意味が全部わかるんだ。私はうなずくだけ。
{name} flew a kite on the hill with {other}	{name}は{other}と丘で凧をあげた
{other}'s kite went so high we lost it. Worth it.	{other}の凧が高く上がりすぎて見失った。それだけの価値はあったよ。
Lay on the hill with {other} and watched the clouds.	{other}と丘に寝ころんで雲を眺めてた。
Kite stuck in a tree. {other} climbed. I supervised.	凧が木に引っかかった。{other}が登った。私は監督。
{other} made a kite out of a trash bag. Flew better than mine.	{other}がごみ袋で凧を作った。私のよりよく飛んだよ。
Windy day, good kite, good company.	風の強い日、いい凧、いい仲間。
{name} saw the dinosaur movie with {other}	{name}は{other}と恐竜の映画を見た
{other} screamed at the water glass scene. The water glass!	{other}はコップの水が揺れる場面で叫んだんだ。コップの水だよ！
Saw it twice with {other}. The T. rex was better the second time.	{other}と二回見た。T・レックスは二回目のほうがよかった。
{other} wants to be a palaeontologist now. Fair enough.	{other}は今じゃ古生物学者になりたいんだって。それもいいね。
Line round the block. {other} brought chairs.	ブロックをぐるっと囲む行列。{other}が椅子を持ってきた。
{other} did the raptor noise all the way home.	{other}は帰り道ずっとラプトルの鳴きまねをしてた。
{name} judged the science fair with {other}	{name}は{other}と科学フェアの審査をした
Nine volcanoes at the science fair. {other} judged by explosion.	科学フェアに火山が九つ。{other}は爆発の大きさで審査した。
{other} and I gave first prize to a potato clock.	{other}と、じゃがいも時計に一等賞をあげた。
A kid built a robot. It fell over. {other} clapped anyway.	ある子がロボットを作った。倒れちゃったけど、{other}は拍手した。
Judged the science fair with {other}. Everybody got a ribbon.	{other}と科学フェアの審査。みんなにリボンをあげたよ。
{other} asked every kid a question. Every single kid.	{other}は全員の子に質問したんだ。ひとり残らず。
the new computer in the office	事務所の新しいコンピューター
It does the books now. I still check them by hand.	今は帳簿をつけてくれるんだ。私はまだ手で確かめてるけど。
the call-in board	リクエストの掲示板
Every request since '88, pinned up. It's a history of the street.	八八年からのリクエストが全部貼ってあるんだ。この通りの歴史だよ。
the lost property box	忘れ物箱
Umbrellas, mittens, one trumpet. Nobody's claimed the trumpet.	傘、手袋、トランペットがひとつ。トランペットは誰も取りに来ない。
dinosaurs	恐竜
I had a dinosaur phase. It never really ended.	恐竜にはまった時期があったんだ。今も終わってないけど。
They found a bone in the quarry once. A cow's, but still.	一度、採石場で骨が見つかったんだ。牛のだったけど、それでもね。
computers	コンピューター
My nephew says we'll all have one. I don't believe him.	甥っ子は、そのうちみんな一台持つようになるって言うんだ。信じられないよ。
I played a game where you die of dysentery. Educational.	赤痢で死ぬゲームをやったよ。教育的なやつ。
kites	凧
My dad made me one from newspaper. It flew.	パパが新聞紙で作ってくれたんだ。ちゃんと飛んだよ。
There's a kite in the big oak from 1979. Still there.	大きなオークの木に一九七九年の凧が引っかかってるんだ。今もね。
the internet	インターネット
an email that went to everyone	全員に送られちゃったメール
the dial-up noise	ダイヤルアップの音
the coffee place that replaced the diner booth	ダイナーのブースの代わりにできたコーヒー店
a fax that never came	届かなかったファックス
the new area code	新しい市外局番
go to the new coffee house	新しいコーヒーハウスに行く
see a band at the old theatre	古い劇場でバンドを見る
take the ferry across the lake	フェリーで湖を渡る
web designer	ウェブデザイナー
barista	バリスタ
Austin	オースティン
a bigger city out west	西のもっと大きな都会
{name} worked at the coffee house with {other}	{name}は{other}とコーヒーハウスで働いた
{other} and I made a hundred lattes. I don't know what a latte is.	{other}とラテを百杯作った。ラテが何なのか知らないけど。
{other} drew a heart in the foam. Customer cried.	{other}が泡にハートを描いた。お客さんが泣いちゃった。
Coffee house shift with {other}. The poetry night ran long.	{other}とコーヒーハウスのシフト。詩の朗読会が長引いたよ。
Burned my hand on the steamer. {other} laughed, then helped.	スチーマーで手をやけどした。{other}は笑って、それから助けてくれた。
{other} knows everyone's order. Everyone's.	{other}はみんなの注文を覚えてるんだ。みんなのだよ。
{name} waited for the internet to connect	{name}はインターネットがつながるのを待った
The modem screeched for a whole minute. Then I was online.	モデムが一分間ずっと金切り声をあげて、それからやっとオンラインに。
Downloaded a picture. It took all evening. It's a cat.	画像を一枚ダウンロードした。一晩かかった。猫の写真だった。
Someone picked up the phone and cut me off. Again.	誰かが受話器を取って、切れちゃった。またしても。
Chatted with a stranger in Norway. {friend} says be careful.	ノルウェーの知らない人とチャットした。{friend}は気をつけなって。
I have an email address now. Nobody writes to it.	メールアドレスができたんだ。誰も送ってこないけど。
{name} went to open mic night with {other}	{name}は{other}とオープンマイクの夜に行った
{other} read a poem about the night bus. Standing ovation.	{other}が夜行バスの詩を朗読した。スタンディングオベーションだったよ。
Open mic with {other}. Someone played the spoons.	{other}とオープンマイク。誰かがスプーンを演奏してた。
{other} sang. Badly. Bravely.	{other}が歌った。下手だった。勇敢だった。
Snapped instead of clapping. {other} says that's the rule.	拍手の代わりに指を鳴らした。それが決まりだって{other}が。
{other} and I stayed till the last beatnik left.	最後のビートニクが帰るまで{other}といたよ。
{name} made a page for Maple Street on the internet with {other}	{name}は{other}とインターネットにメイプル通りのページを作った
{other} and I put Maple Street on the internet. It's blue and it blinks.	{other}とメイプル通りをインターネットに載せた。青くてちかちかするんだ。
Our page has a visitor counter. Eleven! Nine were {other}.	うちのページには訪問者カウンターがあるんだ。十一人！九人は{other}だけど。
{other} scanned a photo of the arcade. It took an hour.	{other}がアーケードの写真をスキャンした。一時間かかったよ。
Wrote the street's history for the page with {other}.	{other}とページに載せる通りの歴史を書いた。
Someone in Australia signed our guestbook. {other} screamed.	オーストラリアの誰かがゲストブックに書きこんでくれた。{other}が叫んだよ。
the arcade's first home computer	アーケードの最初の家庭用コンピューター
It runs the prize counter now. It thinks it's 1980.	今は景品カウンターを動かしてるんだ。自分は一九八〇年にいると思ってるけど。
the old turntable	古いターンテーブル
Everything's CDs now. This one still spins on Sundays.	今は何でもCD。でも、これは日曜日になると今でも回るんだ。
the new bus route map	新しいバス路線図
Night Bus 6 goes out to the new houses now. All the way.	夜行バス6番は今じゃ新しい住宅地まで行くんだ。ずっと先までね。
It's like a library where everyone's shouting.	みんなが大声でしゃべってる図書館みたいなものだよ。
My mother emailed me. From the next room.	ママからメールが来た。隣の部屋から。
coffee	コーヒー
There are nine sizes of coffee now. Nine.	今はコーヒーのサイズが九つもあるんだ。九つだよ。
I miss diner coffee. The bad kind. The good bad kind.	ダイナーのコーヒーが恋しいよ。まずいやつ。いい意味でまずいやつ。
the ferry	フェリー
The ferryman's been doing it forty years. He whistles.	船頭さんは四十年やってるんだ。口笛を吹いてるよ。
Halfway across, the town looks like a toy.	湖の真ん中まで来ると、町がおもちゃみたいに見えるんだ。
the old arcade machines	古いアーケードゲーム機
a mobile phone at the dinner table	夕食の席の携帯電話
who remembers 1987 right	一九八七年を正しく覚えてるのは誰か
the reunion guest list	同窓会の招待客リスト
a time capsule letter	タイムカプセルの手紙
the arcade's future	アーケードの将来
go to the ten-year reunion	十年ぶりの同窓会に行く
dig out the old roller skates	古いローラースケートを引っぱり出す
drive the old loop one more time	いつもの路線をもう一度車で回る
mobile phone salesman	携帯電話の販売員
retro game collector	レトロゲームの収集家
Chicago	シカゴ
right here, a long time ago	ずっと昔の、まさにここ
{name} fixed old arcade machines with {other}	{name}は{other}と古いアーケードゲーム機を直した
{other} and I got the old racing game running. Smells like 1987.	{other}と古いレースゲームを動くようにした。一九八七年のにおいがする。
New joystick, old cabinet. {other} did the wiring.	新しいジョイスティックに古い筐体。配線は{other}がやった。
The kids think the old machines are retro now. {other} feels ancient.	子どもたちは古い機械をレトロだと思ってるんだ。{other}は自分が化石になった気分だって。
Fixed three machines with {other}. Played them all. Quality control.	{other}と三台直した。全部遊んでみた。品質管理だよ。
{other} found a quarter from 1964 inside a machine.	{other}が機械の中から一九六四年の二十五セント玉を見つけた。
{name} looked through old photos with {other}	{name}は{other}と古い写真を見返した
{other} and I found the photo from the first Bike Race. Look at our hair!	{other}と最初の自転車レースの写真を見つけた。ふたりの髪型を見て！
Old photos with {other}. We were so young. And so permed.	{other}と古い写真。若かったなあ。それにパーマだらけ。
{other} cried at the prom pictures. So did I.	{other}はプロムの写真で泣いちゃった。私もだけど。
Found a picture of the street in 1987. Everything's different. Nothing is.	一九八七年の通りの写真を見つけた。何もかも違う。何ひとつ変わってない。
{other} labelled every photo. Names, dates, bad jokes.	{other}が写真に全部ラベルを貼った。名前、日付、くだらない冗談。
{name} planned the reunion with {other}	{name}は{other}と同窓会の計画を立てた
{other} and I found everyone from the class but two.	{other}とクラスのみんなを見つけた。ふたりを除いてね。
Reunion planning with {other}. The theme is 'We Survived'.	{other}と同窓会の計画。テーマは「生き延びました」。
{other} wants a DJ. I want K-88. K-88 it is.	{other}はDJがいいって。私はK-88がいい。K-88に決まり。
Made name tags with {other}. With our old yearbook photos.	{other}と名札を作った。昔の卒業アルバムの写真つきで。
{other} and I laughed so hard at the old yearbook.	{other}と昔の卒業アルバムを見て大笑いした。
{name} wrote down the street's history	{name}は通りの歴史を書き留めた
Wrote down everything since '87. Filled a whole notebook.	八七年からのことを全部書き留めた。ノートが一冊いっぱいになったよ。
Asked the old-timers about the street. They talked for hours.	古株の人たちに通りのことを聞いた。何時間も話してくれた。
Found the arcade's first receipt. Forty cents. For everything.	アーケードの最初のレシートを見つけた。四十セント。全部で。
Every house has a story. I'm getting them all down.	どの家にも物語があるんだ。全部書き留めてるところ。
The history's done. It's mostly about parties.	歴史が書き上がった。ほとんどパーティーの話だけど。
the first quarter ever spent here	ここで初めて使われた二十五セント玉
Framed behind the counter. 1987. It still owes me a game.	カウンターの奥に額に入れて飾ってあるんだ。一九八七年。まだ一回分遊ばせてもらってない。
the anniversary tape	記念のテープ
Every first song of every year, on one tape.	毎年最初にかけた曲を、全部一本のテープに。
the old bus stop sign	古いバス停の標識
They put up a new one. I kept this one.	新しいのに付け替えられたんだ。これは私が取っておいた。
1987	一九八七年
Everything happened that year. Everything.	あの年は何でも起きたんだ。何もかもね。
I had so much hair in 1987.	一九八七年の私、すごい髪の量だったよ。
mobile phones	携帯電話
A phone in your pocket. Who'd you even call?	ポケットに電話。いったい誰にかけるの？
The arcade's the only place with no phones ringing. Keep it that way.	電話が鳴らないのはアーケードだけ。そのままにしておこう。
growing up	大人になること
I blinked and everyone had jobs and mortgages.	まばたきしたら、みんな仕事と住宅ローンを抱えてた。
The kids now think we were always this old.	今の子たちは、私たちが昔からこんな年だったと思ってるんだ。
the new superstore out on the highway	幹線道路沿いの新しい大型スーパー
a burned CD	焼いたCD
who gets the arcade when Lena retires	レナが引退したら誰がアーケードを継ぐか
the ten-year photo	十年目の記念写真
a pager message nobody understood	誰にも意味がわからなかったポケベルのメッセージ
the arcade's closing time	アーケードの閉店時間
drive out to the superstore just to look	ただ見るためだけに大型スーパーまで車で行く
watch the comet from the ball field	野球場から彗星を見る
go to the old drive-in's last night	古いドライブインシアターの最後の夜に行く
superstore manager	大型スーパーの店長
comet chaser	彗星を追う人
a suburb that didn't exist last year	去年まではなかった郊外の町
across the country	国の反対側
{name} worked a shift at the superstore with {other}	{name}は{other}と大型スーパーでシフトに入った
{other} and I stacked cereal boxes as tall as the arcade.	{other}とシリアルの箱をアーケードの高さまで積んだ。
The superstore's so big {other} got lost in garden supplies.	スーパーが広すぎて、{other}が園芸用品売り場で迷子になった。
{other} and I wore the name tags. Mine's spelled wrong.	{other}と名札をつけた。私の名前はつづりが間違ってる。
Rode the carts down aisle nine with {other}. We were fired. Almost.	{other}と九番通路をカートで滑り降りた。クビになるところだったよ。ほぼね。
Worked the registers with {other}. Beep, beep, beep, all day.	{other}とレジ打ち。一日じゅう、ピッ、ピッ、ピッ。
{name} lay in the field watching the comet	{name}は野原に寝ころんで彗星を眺めた
Lay in the field and watched the comet. It has a tail. A real tail.	野原に寝ころんで彗星を見た。尾があるんだ。本物の尾が。
The comet was there again tonight. Like an old friend.	今夜も彗星がいた。古い友だちみたいに。
{friend} brought binoculars. The comet got closer.	{friend}が双眼鏡を持ってきてくれた。彗星が近くなった。
Fell asleep under the comet. Dreamed of space.	彗星の下で寝ちゃった。宇宙の夢を見たよ。
The whole street was out looking up. I was the last to go in.	通りじゅうの人が外に出て空を見上げてた。最後まで残ってたのは私。
{name} went to the drive-in's last night with {other}	{name}は{other}とドライブインシアターの最後の夜に行った
{other} and I watched the last movie at the drive-in. We cried at the credits.	{other}とドライブインシアターの最後の映画を見た。エンドロールで泣いちゃった。
The drive-in's closing. {other} brought the same blanket as in '87.	ドライブインシアターが閉まる。{other}は八七年と同じ毛布を持ってきた。
{other} honked the horn at the end. Everyone did.	最後に{other}がクラクションを鳴らした。みんなも鳴らしたよ。
Popcorn, {other}, one last double feature.	ポップコーンと{other}と、最後の二本立て。
{other} took a piece of the old screen home. For luck.	{other}は古いスクリーンのかけらを持ち帰った。縁起物にね。
{name} talked about the arcade's future with {other}	{name}は{other}とアーケードの将来について話し合った
{other} and I made a plan to keep the arcade open. It involves pizza.	{other}とアーケードを続ける計画を立てた。ピザがからんでる。
{other} says kids still want to play together, not alone at home.	子どもたちは今でも、家でひとりじゃなくて一緒に遊びたいんだって{other}は言う。
Wrote a list with {other} of every reason the arcade matters. It's long.	アーケードが大事な理由を{other}と全部書き出した。長いリストだよ。
{other} wants a retro night. Old machines, old prices.	{other}はレトロナイトをやりたいって。古い機械、昔の値段。
{other} and I agreed. The arcade stays. Whatever it takes.	{other}と意見が一致した。アーケードは残す。何があっても。
the retro corner	レトロコーナー
All the old machines, together. The kids call it the museum.	古い機械が全部そろってる。子どもたちは博物館って呼んでるよ。
the old studio window	スタジオの古い窓
You can see the whole street from here. I've watched it grow up.	ここから通りが全部見えるんだ。通りが大人になるのを見てきたよ。
the last night bus timetable	最後の夜行バスの時刻表
Night Bus 6 still runs. Every night since 1987.	夜行バス6番は今でも走ってる。一九八七年から毎晩ね。
the comet	彗星
It comes once in a lifetime. Maybe twice, if you're lucky.	一生に一度しか来ないんだ。運がよければ二度。
Everyone looked up at the same time. That was the best part.	みんなが同時に空を見上げた。それがいちばんよかったんだ。
the superstore	大型スーパー
It's got everything. It hasn't got anything, if you know what I mean.	何でもそろってる。でも何もない、って言えばわかるかな。
I miss the corner store. It knew my name.	角の店が恋しいよ。私の名前を知ってたもの。
the arcade	アーケード
Ten years of quarters. Must be a million by now.	十年分の二十五セント玉。もう百万枚くらいになってるはず。
Everyone who grew up here learned to lose at that arcade.	ここで育った人はみんな、あのアーケードで負け方を覚えたんだ。
the biggest fish	いちばん大きな魚
who fishes the new hole	誰が新しい穴で釣るか
a fish dropped on the bridge	橋の上に落とした魚
the vault's count	貯蔵庫の数
a squabble over a sprat	スプラット一匹をめぐるけんか
the fishing songs	漁の歌
fish the new hole at dawn	夜明けに新しい穴で釣る
float on a berg to watch the fish run	氷山に浮かんで魚の群れを眺める
share a herring on the tallest berg	いちばん高い氷山でニシンを分け合う
net mender	網の繕い職人
fish counter	魚の数え係
the herring grounds	ニシンの漁場
a floe to the east	東の浮氷
{name} hauled in the big catch at {place} with {other}	{name}は{place}で{other}と大漁を引き揚げた
{other} and I caught so many fish the vault groaned.	{other}と魚を捕りすぎて、貯蔵庫がうめいてたよ。
Fishing with {other}. The herring practically jumped in.	{other}と漁。ニシンが自分から飛びこんできそうだった。
{other} caught a fish as long as a flipper. Longer.	{other}がひれくらい長い魚を捕ったの。もっと長かったかも。
Hauled fish with {other} till our beaks ached.	くちばしが痛くなるまで{other}と魚を運んだ。
Stacked the catch at {place} with {other}. A mountain of silver.	{place}で{other}と獲物を積み上げた。銀色の山だよ。
{name} slept off a big fish supper	{name}は魚のごちそうのあと、ぐっすり眠った
Ate six herring. Slept like a seal.	ニシンを六匹食べた。アザラシみたいに眠ったよ。
Too full to waddle. Napped where I sat.	おなかいっぱいでよちよち歩けない。座ったところで昼寝した。
{friend} saved me the fattest fish. Then I slept.	{friend}がいちばん太った魚を取っておいてくれた。それから寝たよ。
Full belly, warm feathers, quiet ice. Bliss.	いっぱいのおなか、暖かい羽、静かな氷。至福。
Dreamed of more fish. Woke up hungry. Typical.	もっと魚の夢を見た。起きたらおなかぺこぺこ。いつものこと。
{name} swapped fish tales with {other}	{name}は{other}と魚の話を交わした
{other}'s fish gets bigger every time the story's told.	{other}の魚は話すたびに大きくなるんだ。
Swapped fish stories with {other}. Mine are true. Mostly.	{other}と魚の話を交換した。私のは本当だよ。だいたいはね。
{other} says a fish winked at them. I believe it.	魚にウインクされたって{other}は言うんだ。信じるよ。
Fish tales with {other} till the aurora came out.	オーロラが出るまで{other}と魚の話。
{other} acted out the whole catch. Flipper by flipper.	{other}が漁の一部始終を演じてみせた。ひれの動きまでね。
{name} counted the fish vault with {other}	{name}は{other}と魚の貯蔵庫を数えた
{other} and I counted every fish. Twice. Different answers.	{other}と魚を全部数えた。二回。答えが違った。
The vault's fuller than it's ever been. {other} danced.	貯蔵庫がこれまででいちばんいっぱいなの。{other}が踊ってた。
Scratched the count on the vault wall with {other}.	{other}と貯蔵庫の壁に数を刻んだ。
{other} says we'll eat well all winter. I say so too.	冬じゅうおなかいっぱい食べられるって{other}が言う。私もそう思う。
Sorted the fish by size with {other}. Very satisfying.	{other}と魚を大きさ順に並べた。すごくすっきり。
the deep end of the vault	貯蔵庫の奥
The oldest fish are at the back. Nobody wants those.	いちばん古い魚は奥にあるの。誰も欲しがらないけど。
the fish-drying line	魚の干し縄
Every fish on the line is someone's catch. Mine's the big one.	縄の魚はどれも誰かの獲物なの。私のは大きいやつ。
the council's fish ledger	評議会の魚の台帳
Scratched in ice. Every catch since the first thaw.	氷に刻んであるの。最初の雪どけからの獲物が全部。
A good herring is better than a pebble. Almost.	いいニシンは小石よりいいんだよ。ほとんどね。
They swim in circles when they're scared. Like me.	魚はこわいとぐるぐる泳ぐの。私みたいに。
the fish run	魚の群れ
The sea goes silver when the fish run.	魚の群れが来ると、海が銀色になるんだ。
I count the days to the run like other birds count to spring.	ほかの鳥が春を待つみたいに、私は群れの日を数えてるの。
big catches	大漁
My grandfather caught a fish so big it caught him back.	おじいちゃんは、自分がつかまえた魚につかまえ返されるくらいの大物を釣ったんだって。
A full vault makes the whole colony kinder.	貯蔵庫がいっぱいだと、コロニーじゅうがやさしくなるんだ。
the whales' song	クジラの歌
who saw the whale first	誰が最初にクジラを見つけたか
a splash that soaked the council	評議会をずぶ濡れにした水しぶき
swimming too close to the whales	クジラに近づきすぎて泳ぐこと
the whale-watching spot	クジラ見物の場所
a lost feather in the wake	航跡に落とした羽根
watch the whales from the edge of the floe	浮氷の端からクジラを眺める
swim out to hear the whales sing	泳いでいってクジラの歌を聴く
ride the whale's wake together	一緒にクジラの航跡に乗る
whale watcher	クジラの見張り番
song keeper	歌の守り手
a floe the whales passed	クジラが通り過ぎた浮氷
{name} kept the whale watch at {place} with {other}	{name}は{place}で{other}とクジラの見張りをした
{other} and I counted four whales. One waved. I swear.	{other}とクジラを四頭数えた。一頭が手を振ったんだ。本当だよ。
Whale watch with {other}. The sea steamed when they breathed.	{other}とクジラの見張り。クジラが息をすると海から湯気が立ったよ。
{other} warned the fishers off the whales' path. Just in time.	{other}が漁師たちにクジラの通り道から離れるよう知らせた。間一髪だった。
Stood watch with {other} till the whales went under.	クジラが潜るまで{other}と見張ってた。
The whales stayed all day. {other} and I stayed too.	クジラが一日じゅういたの。{other}と私もずっといたよ。
{name} lay on the ice listening to the whales at {place}	{name}は{place}で氷に寝そべってクジラの声を聴いた
Lay flat on the ice. The whales sang right through it.	氷の上にぺたっと寝そべった。クジラの歌が氷ごしに響いてきたよ。
The whale song hummed in my belly all afternoon.	午後じゅう、おなかの中でクジラの歌がハミングしてた。
{friend} says the whales sing about us. I hope nicely.	クジラは私たちのことを歌ってるって{friend}が言うの。いい歌だといいな。
Fell asleep to the whales. Best sleep in months.	クジラの歌を聴きながら寝ちゃった。ここ何か月かでいちばんよく眠れたよ。
Listened to the whales till I couldn't tell their song from the wind.	クジラの歌と風の音の区別がつかなくなるまで聴いてた。
{name} swam near the whales with {other}	{name}は{other}とクジラの近くを泳いだ
Swam alongside a whale with {other}. It was so big. So gentle.	{other}とクジラと並んで泳いだの。すごく大きくて、すごくやさしかった。
{other} touched a whale. A whale! On the flipper!	{other}がクジラに触ったの。クジラにだよ！ひれで！
The whale looked at {other} and me. We looked back.	クジラが{other}と私を見たの。私たちも見返したよ。
{other} and I rode a whale's wave all the way to the floe.	{other}とクジラの波に乗って、浮氷までずっと。
Swam with {other} in the whales' shadow. Cool and blue.	{other}とクジラの影の中を泳いだ。ひんやりして青かった。
{name} made a song about the whales with {other}	{name}は{other}とクジラの歌を作った
{other} and I made up a whale song. The chicks sing it now.	{other}とクジラの歌を作ったの。今じゃひなたちが歌ってるよ。
Taught the whale song to the colony with {other}. Very deep.	{other}とコロニーにクジラの歌を教えた。すごく低い歌なの。
{other} added a verse about the big splash.	{other}が大しぶきの歌詞を足したよ。
The whale song has nine verses now. {other} wants ten.	クジラの歌は今九番まであるの。{other}は十番にしたいって。
Sang the whale song with {other} at the edge. A whale sang back.	{other}と端っこでクジラの歌を歌ったら、クジラが歌い返してきたの。
the whale bench on the edge	端のクジラのベンチ
Best seat for whales. Bring a fish, it's a long wait.	クジラを見るならいちばんの席。魚を持ってきてね、長く待つから。
the old whale rib	古いクジラのあばら骨
It's been here longer than the colony. We lean on it.	コロニーより前からここにあるの。みんなで寄りかかってるよ。
the council's whale stone	評議会のクジラの石
Scratch a mark every time the whales come. Look how many.	クジラが来るたびに印を刻むの。ほら、こんなにたくさん。
They're so big the sea rises when they come up.	すごく大きいから、浮かんでくると海が盛り上がるの。
A whale looked me in the eye once. I've never forgotten.	一度クジラと目が合ったの。ずっと忘れられないよ。
Everyone in the colony sings. Some of us well.	コロニーのみんなが歌うの。上手な子もいるよ。
The best songs are the ones we made up ourselves.	いちばんいい歌は、自分たちで作った歌なんだ。
the deep	深み
Down in the deep it's dark and quiet and full of fish.	深みの底は暗くて静かで、魚でいっぱいなの。
I dove deeper than anyone once. Nobody saw. It counts.	一度、誰よりも深く潜ったことがあるの。誰も見てなかったけど。それでも数に入るよ。
the huddle rota	ハドルの当番表
who gets the middle of the huddle	誰がハドルの真ん中に入るか
a lantern left to go out	消えかけたままにされたランタン
the long night stories	長い夜の物語
a cold foot	冷えた足
the oil ration	油の配給
watch the stars in the long night	長い夜に星を眺める
tell stories by the last lantern	最後のランタンのそばで物語をする
huddle on the ridge to watch the aurora	尾根で身を寄せ合ってオーロラを眺める
lamp oil keeper	灯油の番人
night singer	夜の歌い手
the dark side of the berg	氷山の暗い側
a colony that lost its lights	明かりを失ったコロニー
{name} kept the lamps lit at {place} with {other}	{name}は{place}で{other}とランプを灯し続けた
{other} and I refilled every lantern on the bridge. Twice.	{other}と橋のランタンを全部補充したよ。二回ね。
Lamp rounds with {other}. The bridge glows like a necklace.	{other}とランプの見回り。橋がネックレスみたいに光ってる。
{other} trimmed the wicks. I carried the oil. Teamwork.	{other}が芯を切りそろえて、私が油を運んだ。チームワークだね。
A lamp blew out. {other} relit it in the wind.	ランプが消えちゃった。{other}が風の中でまた灯したよ。
Kept the lamps going with {other} through the whole dark.	闇の間じゅう、{other}とランプを灯し続けた。
{name} slept through the long dark	{name}は長い闇を眠って過ごした
It's dark all day. I'm sleeping all day. Fair.	一日じゅう暗いの。だから一日じゅう寝てる。当然でしょ。
Tucked my beak under my wing and slept till the stars moved.	くちばしを翼にうずめて、星が動くまで寝てた。
{friend} woke me for a fish, then let me sleep again.	{friend}が魚のために起こしてくれて、また寝かせてくれた。
Dreamed of the sun. It's coming back. Slowly.	太陽の夢を見たの。戻ってくるよ。ゆっくりとね。
Slept warm in the middle of the huddle. Lucky me.	ハドルの真ん中で暖かく寝られた。ついてる。
{name} kept warm in the huddle with {other}	{name}は{other}とハドルで暖を取った
{other} and I shuffled round the huddle all night. Warm and slow.	{other}と一晩じゅうハドルの中をぐるぐる回った。暖かくて、ゆっくり。
Huddled next to {other}, who hums in their sleep.	寝ながら鼻歌を歌う{other}の隣で身を寄せ合ってた。
{other} told the whole huddle a story. Nobody slept.	{other}がハドルのみんなにお話をしたの。誰も寝なかったよ。
Took my turn on the cold edge with {other}. Then back to the middle.	{other}と冷たい外側の番をして、それから真ん中に戻った。
{other} kept my feet warm. I kept their beak warm. Fair trade.	{other}が私の足を温めて、私が{other}のくちばしを温めた。公平な取引。
{name} sang the long night songs with {other}	{name}は{other}と長い夜の歌を歌った
{other} and I sang the old songs to keep the dark away.	{other}と闇を遠ざけるために昔の歌を歌ったの。
Every verse of the long night song, with {other}. Forty-two.	長い夜の歌を{other}と全部歌った。四十二番まで。
{other} taught the chicks the night song. They sang it wrong. Sweetly.	{other}がひなたちに夜の歌を教えたの。間違えて歌ってた。かわいかったよ。
Sang with {other} till the dark felt smaller.	闇が小さく感じられるまで{other}と歌った。
The whole colony joined in. {other} conducted with a fish.	コロニーのみんなが加わったの。{other}は魚で指揮してた。
the last lantern	最後のランタン
It never goes out. We take turns. Always.	絶対に消えないの。交代で守ってるんだ。いつだって。
the oil cask	油の樽
Seal oil for the lamps. It smells. It glows. Worth it.	ランプ用のアザラシ油。くさいけど、光るの。それだけの価値はあるよ。
the council's night chair	評議会の夜の椅子
Whoever keeps watch sits here. It's the coldest seat.	見張り番がここに座るの。いちばん冷たい席だよ。
Weeks without the sun. You learn who your friends are.	何週間も太陽がないの。誰が本当の友だちかわかるよ。
The stars are so bright in the long night they hum.	長い夜の星は明るすぎて、ハミングしてるみたい。
the huddle	ハドル
In the huddle nobody's alone. That's the whole point.	ハドルの中では誰もひとりじゃないの。それがいちばん大事なこと。
I've been in the middle and on the edge. The middle's better.	真ん中にも外側にもいたことがあるけど、真ん中のほうがいいね。
lanterns	ランタン
A lantern in the dark means someone's thinking of you.	暗闇のランタンは、誰かがあなたのことを思ってるってしるしなの。
My mother kept the bridge lanterns. Now I do.	母さんが橋のランタンを守ってたの。今は私が守ってる。
the seal sightings	アザラシの目撃情報
who dives first	誰が最初に潜るか
the seal watch	アザラシの見張り
a close call at the fishing hole	漁場での危機一髪
swimming in pairs	ふたり一組で泳ぐこと
the seal's name	アザラシの名前
dive together, keeping watch for each other	お互いに見張りながら一緒に潜る
climb the lookout to watch for the seal	見張り台に登ってアザラシを見張る
sit on the high ice where no seal can reach	アザラシの届かない高い氷の上に座る
lookout	見張り番
swim teacher	泳ぎの先生
a floe the seal chased them from	アザラシに追われて離れた浮氷
the far shelf	遠くの棚氷
{name} kept the seal watch at {place} with {other}	{name}は{place}で{other}とアザラシの見張りをした
{other} and I watched the water all day. No seal. Good.	{other}と一日じゅう水を見張ってた。アザラシはなし。よかった。
Seal watch with {other}. Every ripple made us jump.	{other}とアザラシの見張り。さざ波のたびにびくっとしたよ。
{other} spotted the seal's head. We squawked the alarm.	{other}がアザラシの頭を見つけたの。ギャーッて警報を鳴らしたよ。
Watched the fishers dive with {other}. All came back.	{other}と漁師たちが潜るのを見守った。みんな戻ってきたよ。
The seal gave up and left. {other} and I cheered.	アザラシがあきらめて去っていったの。{other}と歓声をあげたよ。
{name} rested on the high ice at {place}	{name}は{place}の高い氷の上で休んだ
Rested up high where nothing can reach me. Lovely.	何も届かない高いところで休んだ。いい気分。
Sat on the high ice and watched the water. Calm today.	高い氷の上に座って水を眺めてた。今日は穏やか。
{friend} says I'm too careful. I'm alive, aren't I?	{friend}は私が慎重すぎるって言うの。でも生きてるでしょ？
Napped on the highest ledge. Woke up braver.	いちばん高い岩棚で昼寝した。起きたら勇気が出てた。
Up here the wind's cold but the worry's gone.	ここは風が冷たいけど、心配ごとはどこかへ行っちゃう。
{name} swam in a pair with {other}	{name}は{other}とふたり一組で泳いだ
{other} and I dove together. Eyes open, flippers ready.	{other}と一緒に潜ったの。目を開けて、ひれを構えて。
Swam in a pair with {other}. We came back with fish and nerves.	{other}とふたり一組で泳いだ。魚と、どきどきを持って帰ってきたよ。
{other} watched my back. I watched their tail.	{other}が私の背中を見張って、私が{other}のしっぽを見張った。
Buddy swim with {other}. We're getting good at this.	{other}とバディで泳いだ。だんだん上手になってるよ。
{other} and I agreed on a signal. Two flaps means swim.	{other}と合図を決めたの。二回ぱたぱたしたら泳げって意味。
{name} taught safe swimming with {other}	{name}は{other}と安全な泳ぎ方を教えた
{other} and I taught the young ones to swim in pairs.	{other}と若い子たちにふたり一組で泳ぐことを教えた。
Swim lesson with {other}. Every chick knows the alarm now.	{other}と泳ぎの授業。どのひなも警報がわかるようになったよ。
{other} played the seal. The chicks swam away beautifully.	{other}がアザラシ役をやったの。ひなたちは見事に逃げたよ。
Taught escape turns with {other}. Quick left, quick right.	{other}と逃げるときの回り方を教えた。すばやく左、すばやく右。
{other} says the young ones are faster than us now. True.	若い子たちはもう私たちより速いって{other}が言うの。本当だね。
the alarm shell	警報の貝
Blow it and everyone's out of the water in a flash.	吹けば、みんなあっという間に水から上がるよ。
the safe fishing hole	安全な漁場
The seal can't reach this one. We checked. Carefully.	ここならアザラシは届かないの。確かめたよ。慎重にね。
the seal chart	アザラシの記録表
Every sighting, scratched on the council stone.	目撃されるたびに評議会の石に刻んであるの。
the leopard seal	ヒョウアザラシ
It has a smile like a crack in the ice. Not a nice smile.	氷の割れ目みたいな笑い方をするの。いやな笑い方。
It's just hungry. Everyone's just hungry.	おなかがすいてるだけなんだよ。みんなおなかがすいてるだけ。
courage	勇気
Brave isn't not being scared. It's diving anyway.	勇敢っていうのは怖くないことじゃないの。それでも潜ることなの。
The bravest penguin I know is also the most careful.	私が知ってるいちばん勇敢なペンギンは、いちばん慎重なペンギンでもあるの。
swimming	泳ぐこと
In the water I'm fast and graceful. On land, less so.	水の中では速くて優雅なの。陸の上では、そうでもないけど。
I learned to swim by falling in. Most of us did.	落っこちて泳ぎを覚えたの。みんなそうだったよ。
the early thaw	早い雪どけ
who moves nests first	誰が先に巣を移すか
a cracked span	ひびの入った橋桁
the new edge of the floe	浮氷の新しい端
slush	シャーベット状の氷
the council's ice survey	評議会の氷の調査
drift on a loose floe for an afternoon	午後いっぱい、ばらばらの浮氷に乗って漂う
watch the ice crack from the ridge	尾根から氷が割れるのを眺める
swim through the new channels	新しい水路を泳いで抜ける
ice surveyor	氷の測量士
nest builder	巣作り職人
a floe that broke away	割れて離れていった浮氷
the melting shelf	とけていく棚氷
{name} tested the ice at {place} with {other}	{name}は{place}で{other}と氷の強さを確かめた
{other} and I tapped every span. Three sound hollow.	{other}と橋桁を全部たたいてみた。三つが空洞の音がした。
Tested the ice with {other}. It's thinner than last year.	{other}と氷を確かめた。去年より薄くなってる。
{other} marked the thin ice with pebbles. Don't step there.	{other}が薄い氷に小石で印をつけたの。そこは踏まないでね。
Surveyed the floe with {other}. It's smaller. Still ours.	{other}と浮氷を調べた。小さくなってる。それでも私たちの場所だよ。
{other} fell through a thin patch. Just to the knees. We laughed after.	{other}が薄いところを踏み抜いたの。ひざまでだけ。あとで笑ったよ。
{name} drifted on a loose floe at {place}	{name}は{place}でばらばらの浮氷に乗って漂った
Drifted on a floe all afternoon. It brought me back. Mostly.	午後じゅう浮氷に乗って漂ってた。ちゃんと戻ってこられたよ。だいたいはね。
The early thaw means warm sun. I'm not complaining.	雪どけが早いってことは、日差しが暖かいってこと。文句はないよ。
{friend} waved from the shore. I waved from the floe.	{friend}が岸から手を振ってくれた。私は浮氷から振り返した。
Lay on the slushy ice and let the sun do its work.	シャーベット状の氷に寝そべって、お日さまに任せてた。
Drifting's the best kind of lazy.	漂うのはいちばんすてきな怠けかた。
{name} moved nests to firmer ice with {other}	{name}は{other}と巣をしっかりした氷に移した
{other} and I moved forty pebbles to the new nest spot.	{other}と新しい巣の場所に小石を四十個運んだ。
Moving day with {other}. Every pebble counted, every egg safe.	{other}と引っ越しの日。小石は全部数えて、卵はみんな無事。
{other} carried the eggs. I carried the pebbles. And the worry.	{other}が卵を運んで、私が小石を運んだ。心配ごともね。
The new nests are on solid ice. {other} checked with a stomp.	新しい巣はかたい氷の上。{other}が足踏みして確かめたよ。
Helped {other} build a nest. It's the best one. Don't tell the others.	{other}の巣作りを手伝ったの。いちばんいい巣だよ。ほかの子には内緒ね。
{name} mended the cracked spans with {other}	{name}は{other}とひびの入った橋桁を直した
{other} and I packed snow into the cracks. The bridge holds.	{other}と割れ目に雪を詰めた。橋は持ちこたえてるよ。
Mended two spans with {other}. The bridge creaks less.	{other}と橋桁をふたつ直した。橋のきしみが減ったよ。
{other} found driftwood for the worst span. Clever.	{other}がいちばんひどい橋桁用に流木を見つけてきたの。賢いね。
The bridge is patched with {other}'s wood and my stubbornness.	橋は{other}の木と私の頑固さで継ぎはぎされてるの。
{other} and I crossed the mended bridge first. Carefully.	直した橋を{other}と最初に渡った。慎重にね。
the crack in the middle span	真ん中の橋桁の割れ目
It opened in the thaw. We watch it like a hawk. A penguin hawk.	雪どけで開いたの。タカみたいに見張ってるよ。ペンギンのタカね。
the melt pool	とけ水の池
The thaw made a pool. The chicks think it's for them.	雪どけで池ができたの。ひなたちは自分たちのためのだと思ってる。
the council's ice map	評議会の氷の地図
Every thaw we redraw it. It gets smaller.	雪どけのたびに描き直すの。だんだん小さくなってる。
the thaw	雪どけ
The ice sings when it cracks. A sad song.	氷は割れるときに歌うの。悲しい歌をね。
Every thaw the floe's a little smaller. We manage.	雪どけのたびに浮氷は少しずつ小さくなる。なんとかやってるよ。
nests	巣
A good nest takes forty pebbles and a lot of love.	いい巣には小石が四十個と、たっぷりの愛が必要なの。
I've built eleven nests. This one's the best.	巣を十一個作ってきたの。これがいちばんいい。
change	変化
The ice changes. So do we. That's being a colony.	氷は変わる。私たちも変わる。それがコロニーってもの。
My grandmother's floe is sea now. She'd shrug.	おばあちゃんの浮氷は今じゃ海。おばあちゃんなら肩をすくめるだけだね。
who moves to the new floe	誰が新しい浮氷に移るか
the new floe's name	新しい浮氷の名前
the long swim between floes	浮氷の間の長い泳ぎ
the council's seat on the new floe	新しい浮氷での評議会の席
homesickness	ホームシック
the ferry berg	渡し舟代わりの氷山
explore the new floe together	一緒に新しい浮氷を探検する
swim the channel between the floes	浮氷の間の水路を泳ぐ
watch the sunset from the new floe's ridge	新しい浮氷の尾根から夕日を眺める
ferry pilot	渡しの案内役
floe scout	浮氷の偵察係
the new floe	新しい浮氷
a colony across the water	海の向こうのコロニー
{name} helped settle the new floe with {other}	{name}は{other}と新しい浮氷への移住を手伝った
{other} and I marked out the new floe's fishing holes.	{other}と新しい浮氷の漁場に印をつけた。
Carried pebbles across to the new floe with {other}. Many trips.	{other}と新しい浮氷まで小石を運んだ。何往復もね。
{other} dug the first shelter on the new floe. It's snug.	{other}が新しい浮氷に最初の避難所を掘ったの。ぬくぬくだよ。
The new floe has a name now. {other} chose it. It's silly. I love it.	新しい浮氷に名前がついたの。{other}がつけたんだ。変な名前。大好き。
Worked the new floe with {other} till the tide turned.	潮が変わるまで{other}と新しい浮氷で働いた。
{name} floated in the channel between floes at {place}	{name}は{place}の浮氷の間の水路に浮かんでいた
Floated between the floes. Home on both sides.	浮氷の間にぷかぷか。どっちを向いても家だよ。
The channel's calm. I lay on my back and watched the sky.	水路は穏やか。あおむけになって空を眺めてた。
{friend} swam past and splashed me. Then floated too.	{friend}が泳いできて水をかけてきた。それから一緒に浮かんでた。
Halfway between old and new. A good place to think.	古い場所と新しい場所のちょうど真ん中。考えごとにはいい場所だよ。
The water's warmer between the floes. Nobody knows why.	浮氷の間の水はちょっと温かいの。なぜかは誰も知らないけど。
{name} visited friends on the new floe with {other}	{name}は{other}と新しい浮氷の友だちを訪ねた
{other} and I swam over for supper on the new floe.	{other}と新しい浮氷まで夕食を食べに泳いでいった。
Visited the new floe with {other}. They've got a better slide.	{other}と新しい浮氷を訪ねた。向こうのほうがいいすべり台があるの。
{other} misses the old floe. I showed them the new sunset.	{other}は古い浮氷が恋しいって。新しい夕日を見せてあげたよ。
Supper across the water with {other}. We swam home full.	{other}と海の向こうで夕食。おなかいっぱいで泳いで帰ったよ。
{other} and I raced back from the new floe. Tie.	新しい浮氷から{other}と競泳で帰った。引き分け。
{name} held a council for both floes with {other}	{name}は{other}と両方の浮氷の評議会を開いた
{other} and I got both floes to agree on one fish count.	{other}と両方の浮氷に魚の数をひとつにまとめさせたよ。
Council across two floes with {other}. Lots of shouting across water.	{other}とふたつの浮氷にまたがる評議会。水ごしにたくさん叫び合ったよ。
{other} proposed a bridge between the floes. Everyone cheered.	{other}が浮氷の間に橋をかけようって提案したの。みんな歓声をあげたよ。
Voted with {other} at the double council. We're one colony.	{other}と合同評議会で投票した。私たちはひとつのコロニーだよ。
{other} gave a speech about home. Both floes went quiet.	{other}がふるさとについてスピーチしたの。両方の浮氷が静まりかえったよ。
the view of the new floe	新しい浮氷の眺め
From here you can see both homes at once.	ここからなら、ふたつの家がいっぺんに見えるの。
the ferry berg's mooring	渡し氷山の係留場
The berg drifts back and forth. We ride it for free.	氷山が行ったり来たりするの。タダで乗せてもらってるよ。
the double council ring	合同評議会の輪
Half the stones on each floe. We shout across.	石が半分ずつ両方の浮氷にあるの。水ごしに叫び合うんだ。
It's flatter than ours. Better for sliding.	うちのより平らなの。すべるにはそっちのほうがいいよ。
Half my family lives there now. I visit every day.	家族の半分は今あっちに住んでるの。毎日会いに行ってるよ。
You can miss a place that's right across the water.	海のすぐ向こうにある場所でも、恋しくなるものなんだね。
Home's where your pebbles are.	家っていうのは、自分の小石があるところなの。
the channel	水路
The channel's where the two floes shake hands.	水路はふたつの浮氷が握手する場所なの。
I swim it twice a day. My flippers are strong now.	一日に二回泳いで渡ってるの。ひれが強くなったよ。
the song contest	歌のコンテスト
who sings the high part	誰が高いパートを歌うか
a song about someone	誰かについての歌
the colony anthem	コロニーの歌
a verse that went too far	度を越した歌詞
the song circle's order	歌の輪の順番
sing at the song circle together	一緒に歌の輪で歌う
make up a song on the berg	氷山の上で歌を作る
listen to the old ones sing at dusk	夕暮れにお年寄りが歌うのを聴く
choir leader	合唱団の指揮者
drummer	太鼓たたき
a singing colony far south	はるか南の歌うコロニー
the song road	歌の道
{name} practised with the choir at {place} with {other}	{name}は{place}で{other}と合唱の練習をした
{other} and I practised the anthem nine times. Nearly there.	{other}とコロニーの歌を九回練習した。もう少し。
Choir practice with {other}. The low notes rattle the ice.	{other}と合唱の練習。低い音で氷がびりびりするの。
{other} kept time with a flipper. I kept losing it.	{other}がひれで拍子をとってくれた。私はすぐずれちゃう。
Sang the harmony with {other}. It worked! Once!	{other}とハーモニーを歌った。うまくいった！一回だけ！
{other} says we're ready. The choir says otherwise.	準備はできたって{other}は言うの。合唱団はそうは思ってないけど。
{name} hummed old songs alone at {place}	{name}は{place}でひとり昔の歌を口ずさんだ
Hummed every song I know at {place}. Took all afternoon.	{place}で知ってる歌を全部口ずさんだ。午後いっぱいかかったよ。
Made up a tune. Forgot it. Made up another.	メロディーを思いついた。忘れた。また別のを思いついた。
{friend} heard me humming and joined in. Softly.	{friend}が私の鼻歌を聞いて、そっと加わってくれた。
Sang to the sea. The sea didn't mind.	海に向かって歌った。海は気にしてなかったよ。
Humming's how I rest. Always has been.	鼻歌を歌うのが私の休み方なの。昔からずっとね。
{name} sang in the song circle with {other}	{name}は{other}と歌の輪で歌った
{other} sang a verse about me. It was nice. Mostly.	{other}が私の歌詞を歌ってくれたの。よかったよ。だいたいはね。
Song circle with {other}. Everyone took a verse.	{other}と歌の輪。みんなひと節ずつ歌ったの。
{other} and I sang a duet. The gulls left.	{other}とデュエットした。カモメが逃げていったよ。
The song went round the circle and came back new.	歌が輪を一周して、新しくなって戻ってきた。
{other} can hold a note longer than anyone. Showed off all night.	{other}は誰よりも長く音をのばせるの。一晩じゅう見せびらかしてたよ。
{name} wrote a new song for the colony with {other}	{name}は{other}とコロニーのための新しい歌を作った
{other} and I wrote a song about the bridge. Nine verses.	{other}と橋の歌を作ったの。九番まで。
{other} found the rhyme for 'herring'. I'm still amazed.	{other}が「ニシン」と韻を踏む言葉を見つけたの。今でもびっくりしてる。
New song with {other}. It's about all of us.	{other}と新しい歌。私たちみんなの歌だよ。
{other} wants the song sad. I want it funny. It's both.	{other}は悲しい歌にしたいって。私は楽しい歌にしたい。両方になったよ。
Taught our new song to the chicks with {other}. They sing it everywhere.	{other}とひなたちに新しい歌を教えたの。どこでも歌ってるよ。
the echo spot under the bridge	橋の下のこだまの場所
Sing here and the bridge sings back.	ここで歌うと、橋が歌い返してくれるの。
the song stones	歌う石
Tap them and each one sings a different note.	たたくと、ひとつひとつ違う音で歌うの。
the council's song book	評議会の歌の本
Scratched in ice. Every song the colony ever made.	氷に刻んであるの。コロニーが作った歌が全部。
songs	歌
A colony without songs is just a lot of birds.	歌のないコロニーなんて、ただの鳥の集まりだよ。
Every penguin has a call of their own. Mine's a bit squeaky.	ペンギンはみんな自分だけの鳴き声があるの。私のはちょっとキーキーしてる。
the choir	合唱団
We're not good. We're loud. That counts.	上手じゃないけど、声は大きいの。それも大事でしょ。
I sing the low part. Somebody has to.	私は低いパート。誰かが歌わなきゃね。
the old songs	昔の歌
The old songs are about the ice. The new ones are about us.	昔の歌は氷の歌。新しい歌は私たちの歌。
My grandmother knew a hundred songs. I know twelve.	おばあちゃんは歌を百曲知ってたの。私は十二曲。
the aurora storms	オーロラの嵐
who stays up to watch	誰が起きて見ているか
a lantern put out for the dark	闇のために消したランタン
the colours of the sky	空の色
a sleepless week	眠れない一週間
the aurora legends	オーロラの伝説
stay up all night for the aurora storm	オーロラの嵐のために一晩じゅう起きている
lie on the ice under the green sky	緑の空の下で氷の上に寝ころぶ
count the colours from the tallest berg	いちばん高い氷山から色を数える
sky watcher	空の見張り番
legend teller	伝説の語り部
the far north ice	はるか北の氷
a colony that follows the lights	光を追うコロニー
{name} logged the aurora storms at {place} with {other}	{name}は{place}で{other}とオーロラの嵐を記録した
{other} and I scratched down every colour. Eleven tonight.	{other}と色を全部刻んだ。今夜は十一色。
Logged the aurora with {other}. The sky went purple at midnight.	{other}とオーロラを記録した。真夜中に空が紫になったよ。
{other} says tonight was the brightest ever. I agree.	今夜がいちばん明るかったって{other}は言うの。私もそう思う。
Stayed up logging with {other}. Our eyes are full of green.	{other}と夜通し記録。目の中が緑でいっぱい。
{other} drew the aurora on the ice. It almost moved.	{other}が氷にオーロラを描いたの。動きだしそうだったよ。
{name} slept all day after the aurora storm	{name}はオーロラの嵐のあと、一日じゅう眠った
Up all night for the lights. Asleep all day. Worth it.	光のために一晩じゅう起きて、一日じゅう寝た。その価値はあったよ。
Dreamed in green and pink.	緑とピンクの夢を見た。
{friend} woke me for the second show. Glad they did.	{friend}が二回目のショーのために起こしてくれたの。起きてよかった。
Too tired to fish. Too happy to care.	疲れすぎて漁に行けない。幸せすぎて気にならない。
Slept with my beak pointed at the sky. Just in case.	くちばしを空に向けて寝たの。念のためね。
{name} watched the aurora storm with {other}	{name}は{other}とオーロラの嵐を眺めた
{other} and I lay on our backs and watched the sky dance.	{other}とあおむけになって、空が踊るのを眺めてた。
The whole sky went green. {other} gasped. So did I.	空一面が緑になったの。{other}が息をのんだ。私もだけど。
{other} says the lights are old penguins waving.	あの光は昔のペンギンたちが手を振ってるんだって{other}は言うの。
Watched the aurora storm with {other}. We forgot the cold.	{other}とオーロラの嵐を眺めた。寒さも忘れちゃった。
{other} and I named the colours. Fish-green is my favourite.	{other}と色に名前をつけたの。お魚グリーンがお気に入り。
{name} told aurora legends to the chicks with {other}	{name}は{other}とひなたちにオーロラの伝説を話した
{other} and I told the chicks the lights are a great fish swimming.	{other}とひなたちに、あの光は大きな魚が泳いでるんだって話したの。
Legend night with {other}. The chicks believed every word.	{other}と伝説の夜。ひなたちは一言残らず信じてたよ。
{other} made the legend scary. I made it end well.	{other}は怖い話にしたの。私は幸せな結末にした。
Told the old aurora tale with {other}. My grandmother's version.	{other}と昔のオーロラの話をした。おばあちゃんが話してくれたとおりにね。
{other} and I made up a new legend. The chicks want it every night.	{other}と新しい伝説を作ったの。ひなたちは毎晩聞きたがってるよ。
the aurora ledge	オーロラの岩棚
Lie here and the whole sky is yours.	ここに寝ころべば、空はまるごとあなたのもの。
the dark spot by the vault	貯蔵庫のそばの暗い場所
No lanterns here. Best place for the lights.	ここにはランタンがないの。光を見るにはいちばんの場所だよ。
the aurora record	オーロラの記録
Every storm, every colour. The council's proudest ice.	嵐も色も全部。評議会がいちばん誇りにしてる氷だよ。
The lights crackle if you listen. Nobody believes me.	耳をすますと、光がぱちぱちいうの。誰も信じてくれないけど。
I've seen a thousand auroras. Every one's new.	オーロラは千回も見たけど、毎回新しいの。
legends	伝説
Every legend has a bit of truth. Usually a fish.	どの伝説にも少しは本当のことがあるの。たいていは魚のことだけど。
I'll be a legend one day. A small one.	いつか私も伝説になるよ。小さい伝説にね。
the sky	空
The sky's bigger here than anywhere.	ここの空はどこよりも大きいの。
Look up long enough and you forget you're a bird who can't fly.	ずっと見上げてると、自分が飛べない鳥だってことを忘れちゃう。
the great migration	大移動
who leads the swim	誰が泳ぎの先頭に立つか
the route south	南への道
a chick too small to travel	旅には小さすぎるひな
the waypoint berg	目印の氷山
the return date	戻ってくる日
swim out to meet the migrating flocks	渡りの群れを迎えに泳ぎ出る
rest on the waypoint berg together	一緒に目印の氷山で休む
watch the last of the flocks go by	最後の群れが通り過ぎるのを見送る
route finder	道案内
flock guide	群れの案内役
a colony on the far side of the world	世界の反対側のコロニー
{name} scouted the migration route at {place} with {other}	{name}は{place}で{other}と渡りの道を偵察した
{other} and I found the currents the flocks use. Fast water!	{other}と群れが使う海流を見つけたの。流れが速い！
Scouted south with {other}. The sea goes on forever.	{other}と南を偵察した。海がどこまでも続いてるの。
{other} marked the waypoint berg with a pebble tower.	{other}が目印の氷山に小石の塔を立てたよ。
Counted the flocks passing with {other}. Thousands.	{other}と通り過ぎる群れを数えた。何千羽も。
{other} says the route is safe this year. The currents agree.	今年の道は安全だって{other}は言うの。海流もそう言ってる。
{name} rested on the waypoint berg at {place}	{name}は{place}の目印の氷山で休んだ
Rested on the waypoint berg. Half the world's penguins passed me.	目印の氷山で休んだ。世界の半分のペンギンが通り過ぎていったよ。
The berg drifts slowly. I drift with it.	氷山はゆっくり漂うの。私も一緒に漂ってる。
{friend} saved me the sunny side of the berg.	{friend}が氷山の日の当たる側を取っておいてくれた。
Slept on the berg under strange stars.	見慣れない星の下、氷山の上で寝たよ。
Just me and the sea and a thousand passing strangers.	私と海と、通り過ぎていく千羽の知らない子たちだけ。
{name} greeted the passing flocks with {other}	{name}は{other}と通り過ぎる群れを出迎えた
{other} and I sang the colony song to every flock that passed.	{other}と通り過ぎる群れひとつひとつにコロニーの歌を歌ったの。
A flock stopped to rest with us. {other} shared the fish.	ある群れがうちで休んでいったの。{other}が魚を分けてあげたよ。
{other} made friends with a penguin from the far side of the world.	{other}は世界の反対側から来たペンギンと友だちになったの。
Traded songs with the passing flocks. {other} learned four.	通り過ぎる群れと歌を交換したの。{other}は四曲覚えたよ。
{other} waved at every single flock. Every one.	{other}は群れひとつひとつに手を振ってたの。ひとつ残らず。
{name} drew the migration map with {other}	{name}は{other}と渡りの地図を描いた
{other} and I scratched the whole route into the ice.	{other}と道のりを全部氷に刻んだの。
The migration map has every current and every berg. {other} is proud.	渡りの地図には海流も氷山も全部あるの。{other}は誇らしげだよ。
{other} added where the whales sing. Important.	{other}がクジラの歌う場所を書き足したの。大事だからね。
Taught the chicks to read the map with {other}.	{other}とひなたちに地図の読み方を教えたよ。
{other} says the map will outlast us all. Good.	この地図は私たちみんなより長生きするって{other}は言うの。いいことだね。
the migration map	渡りの地図
Every current, every berg, every place a flock stopped.	海流も、氷山も、群れが立ち寄った場所も全部。
the travellers' vault shelf	旅人のための貯蔵庫の棚
Fish for passing flocks. Take one, leave a song.	通り過ぎる群れのための魚。一匹持っていったら、歌をひとつ置いていってね。
the council's welcome stone	評議会の歓迎の石
Every flock that rested here scratched a mark.	ここで休んだ群れはみんな印を刻んでいったの。
the migration	渡り
A thousand thousand penguins, all going the same way.	何百万羽ものペンギンが、みんな同じ方向へ。
One day I'll go with them. Just to see.	いつか私もついていくんだ。見てみるだけでもね。
the far side of the world	世界の反対側
They say the ice there is blue as the sky.	あっちの氷は空みたいに青いんだって。
A penguin from there told me they sing our songs backwards.	あっちから来たペンギンが、向こうでは私たちの歌を逆さまに歌うって教えてくれたの。
staying	残ること
Everyone passes through. We're the ones who stay.	みんな通り過ぎていく。残るのは私たちなの。
Staying is its own kind of journey.	残ることも、ひとつの旅なんだよ。
{produce} from your {what}	あなたの{what}からとれた{produce}
a handful of dwarf wheat	ひとつかみの矮性小麦
a bowl of cherry tomatoes	ボウル一杯のミニトマト
three perfect radishes	完璧なラディッシュ三本
a bunch of basil	バジルの束
a bag of green beans	いんげん豆ひと袋
a sprig of mint	ミントの小枝
a head of lettuce	レタス一玉
a jar of pickled peppers	ピーマンのピクルスひと瓶
a punnet of strawberries	いちごひとパック
a bundle of chives	チャイブの束
a sack of fresh flour	ひきたての小麦粉ひと袋
two small potatoes	小さなじゃがいもふたつ
a cucumber, a bit bent	ちょっと曲がったきゅうり一本
a posy of marigolds	マリーゴールドの小さな花束
a bag of snap peas	スナップえんどうひと袋
a jar of greenhouse honey	温室のはちみつひと瓶
a bag of tomatoes	トマトひと袋
a bunch of sunflowers	ひまわりの花束
a zucchini the size of a bat	バットくらい大きなズッキーニ
a jar of strawberry jam	いちごジャムひと瓶
a bowl of blueberries	ボウル一杯のブルーベリー
a basket of sweet corn	スイートコーンひとかご
a bunch of zinnias	百日草の花束
a pumpkin for the porch	ポーチに飾るかぼちゃ
a jar of dill pickles	ディルピクルスひと瓶
a handful of cherry tomatoes	ミニトマトひとつかみ
a bunch of radishes	ラディッシュの束
a rhubarb pie	ルバーブのパイ
a bouquet of daisies	デイジーの花束
a jar of salsa	サルサソースひと瓶
a strand of sweet kelp	甘い昆布ひと筋
a bundle of sea lettuce	アオサの束
a clump of moss for your nest	巣に敷くコケのひとかたまり
a shell full of krill	オキアミでいっぱいの貝殻
a sprig of snow flower	雪の花の小枝
a pebble with lichen on it	地衣類のついた小石
a coil of dried kelp	干し昆布のひと巻き
a handful of sea grapes	海ぶどうひとつかみ
a posy of tundra flowers	ツンドラの花の小さな花束
a sprat, still flapping	まだぴちぴちはねてるスプラット
a scoop of fresh snow for drinking	飲み水用のすくいたての雪
a string of sea beads	海のビーズのひと連なり
a bundle of dune grass	砂丘の草の束
a limpet shell of salt	カサガイの殻に入った塩
a sweet kelp bulb	甘い昆布の球根
a tuft of soft moss	やわらかいコケのひと房
{produce} from your {what} by {work}	{work}のそばのあなたの{what}からとれた{produce}
a tray of sprouted lentils	芽を出したレンズ豆ひとトレー
a bunch of spring onions	ねぎの束
a handful of peanuts	ピーナッツひとつかみ
a bag of red lettuce	赤いレタスひと袋
a jar of sun-dried tomatoes	ドライトマトひと瓶
a fistful of sweet peas	スイートピーひとつかみ
{a} graduated and left for college in {city}	{a}は卒業して、{city}の大学へ旅立った
Ann Arbor	アナーバー
Boston	ボストン
the state college	州立大学
Berkeley	バークレー
Don't let anyone touch my high score. I'll be back at Christmas.	私のハイスコアには誰も触らせないでね。クリスマスには帰ってくるから。
College! I packed three sweaters and no socks.	大学だ！セーターを三枚詰めて、靴下はゼロ。
Write to me. Tape the radio show for me.	手紙ちょうだい。ラジオ番組、録音しておいてね。
{a} started high school	{a}は高校に入った
High school! My locker's next to the gym. It smells.	高校だ！ロッカーが体育館の隣なの。くさいんだ。
{a} started senior year	{a}は最終学年になった
Senior year. Everyone keeps asking what I'll do next.	最終学年。みんな、次はどうするのって聞いてくるんだ。
{a} passed the surface exam and joined the crew	{a}は地表作業の試験に合格し、クルーに加わった
Signed off for surface work. My own suit, with my name on it!	地表作業の許可が出た。自分の名前入りの宇宙服だよ！
{a} trained up as the habitat's {trade}	{a}は居住区の{trade}として一人前になった
{a} It's my job now, properly.	{a}これで正式に私の仕事だよ。
Two tours of study and a test I nearly failed.	二期の勉強と、落ちかけた試験。
They gave me the manual and the keys.	マニュアルと鍵を渡されたよ。
Everyone else was busy, so I learned it myself.	みんな忙しかったから、自分で覚えたんだ。
{a} lost the last of the fluff and swam for the first time	{a}は最後のふわふわが抜けて、初めて泳いだ
The water was so cold! I want to go again!	水がすっごく冷たい！また行きたい！
{a} grew up to be the colony's new {trade}	{a}は成長して、コロニーの新しい{trade}になった
Grown up at last. The water's mine now.	ついに一人前。海はもう私のものだよ。
hydrologist	水文学者
rover pilot	ローバーのパイロット
dome engineer	ドーム技師
geologist	地質学者
ice carver	氷彫刻師
scout	偵察係
fisher	漁師
lantern tender	ランタン番
cadet	訓練生
crew hand	クルーの見習い
senior	最上級生
chick	ひな
fledgling	巣立ったばかりの子
college kid	大学生
paper-route kid	新聞配達の子
high-schooler	高校生
medic	衛生兵
botanist	植物学者
engineer	技術者
diner cook	ダイナーのコック
mechanic	整備士
substitute teacher	代用教員
storyteller	語り部
the night watch	夜の見張り
the rover schedule	ローバーの予定表
the radio log	無線の記録
the water rota	水の当番表
the K-88 night show	K-88の深夜番組
the arcade's spare keys	アーケードの合鍵
the street fund's tin	通りの基金の缶
the paper route	新聞配達
the Friday card game	金曜のトランプ会
the fish count	魚の数
the song verses	歌の歌詞
the bridge watch	橋の見張り
the egg roster	卵の当番表
the council shell	評議会の貝
I'll look after it. I won't let anyone down.	ちゃんと守るよ。誰もがっかりさせない。
Me? Really? All right. I'll do it properly.	私が？本当に？わかった。ちゃんとやるよ。
About time somebody trusted me with it.	やっと任せてもらえたね。
I've watched how it's done. I'm ready.	やり方はずっと見てきたから。準備はできてるよ。
{a} handed {duty} on to {b}	{a}は{duty}を{b}に引き継いだ
A chick hatched in the colony: {a}	コロニーでひながかえった：{a}
Two chicks hatched in the colony: {a} and {b}	コロニーでひなが二羽かえった：{a}と{b}
Tiny and grey and already hungry. Welcome!	ちっちゃくて灰色で、もうおなかぺこぺこ。ようこそ！
Listen to that peeping! The whole floe can hear it.	あのピヨピヨ聞いて！浮氷じゅうに聞こえるよ。
New fluff on the ice. I'm in love.	氷の上に新しいふわふわ。もうめろめろ。
{a} stepped off the supply shuttle to stay	{a}が補給シャトルから降り立ち、ここに住むことにした
{a} came down on the shuttle with one bag and a potted plant	{a}が鞄ひとつと鉢植えひとつを持ってシャトルで降りてきた
{a} climbed out of the shuttle and asked for a bunk	{a}がシャトルから降りてきて、寝台はあるかと聞いた
Mind the step. Welcome to Ares.	段差に気をつけて。アレスへようこそ。
{a} and {b} stepped off the supply shuttle to stay	{a}と{b}が補給シャトルから降り立ち、ここに住むことにした
{a} and {b} came down on the shuttle, arguing about the view	{a}と{b}が景色のことで言い合いながらシャトルで降りてきた
{a} and {b} climbed out of the shuttle and asked for bunks	{a}と{b}がシャトルから降りてきて、寝台はあるかと聞いた
Two new bunks made up. Welcome to Ares.	寝台をふたつ整えたよ。アレスへようこそ。
{a} moved into the empty house on Maple Street	{a}がメイプル通りの空き家に越してきた
{a} rented the flat over the diner	{a}がダイナーの上の部屋を借りた
{a} moved into the blue house with the broken gate	{a}が門の壊れた青い家に越してきた
A moving van at midnight. Only on Maple Street.	真夜中の引っ越しトラック。メイプル通りならではだね。
{a} came in over the new ice to join the colony	{a}が新しい氷を渡ってコロニーにやって来た
{a} slid in off the pack ice and asked to stay	{a}が流氷から滑りこんできて、ここにいたいと頼んだ
{a} followed the lanterns across the ice to the colony	{a}がランタンをたどって氷を渡り、コロニーにやって来た
A new face on the floe. Come and get warm.	浮氷に新しい顔。こっちに来て暖まって。
{a} and {b} came in over the new ice to join the colony	{a}と{b}が新しい氷を渡ってコロニーにやって来た
{a} and {b} slid in off the pack ice and asked to stay	{a}と{b}が流氷から滑りこんできて、ここにいたいと頼んだ
{a} and {b} followed the lanterns across the ice to the colony	{a}と{b}がランタンをたどって氷を渡り、コロニーにやって来た
Two new faces on the floe. Come and get warm.	浮氷に新しい顔がふたつ。こっちに来て暖まって。
{a} finished a good tour and went home on the shuttle	{a}は勤務期間を立派に終え、シャトルで帰っていった
Best two windows of my life. Look after the wheat for me.	人生でいちばんの打ち上げ時期二回分だったよ。小麦をよろしくね。
{a} got a job in the city and moved away, promising to visit	{a}は都会で仕事を見つけて引っ越していった。遊びに来ると約束して
It's a great job. I'll be back for the Block Party. Promise.	すごくいい仕事なんだ。ブロックパーティーには戻ってくるよ。約束する。
{a} swam off to see the far colonies, promising to come back	{a}は遠くのコロニーを見に泳いでいった。戻ってくると約束して
The sea's so big. I want to see it. Back by the thaw!	海ってすごく大きいんだもの。見てみたいの。雪どけまでには戻るよ！
{a} asked to go home early and left on the shuttle	{a}は早めの帰還を願い出て、シャトルで去った
It's not you. It's the dust. And the quiet. Mostly the quiet.	あなたたちのせいじゃないんだ。砂ぼこりと、静けさのせい。ほとんど静けさだね。
{a} sold up and moved to the suburbs	{a}は家を売って郊外に引っ越した
There's a mall and a parking space. What more could I want?	モールがあって駐車場もある。これ以上何を望むっていうの？
{a} drifted away on a berg and didn't come back	{a}は氷山に乗って漂っていき、戻らなかった
The berg's going somewhere. I'm going with it.	この氷山、どこかへ行くみたい。私も一緒に行くよ。
{a}'s tour was up, and {b} went home on the shuttle	{a}の勤務期間が終わり、{b}はシャトルで帰っていった
I'll tell them about you on Earth. The good bits.	地球でみんなのこと話しておくよ。いいところをね。
Two windows here. It felt like ten years. I mean that kindly.	ここでの打ち上げ時期二回分、十年くらいに感じたよ。いい意味でね。
Keep my bunk warm. No, don't.	私の寝台、温めておいて。いや、やっぱりいいや。
{a} packed up and moved away from Maple Street	{a}は荷物をまとめてメイプル通りから引っ越していった
Nothing was keeping me here. Take care of the street.	ここに引きとめるものは何もなかった。通りをよろしくね。
The van's loaded. Wave me off?	トラックに荷物を積んだよ。手を振って見送ってくれる？
I'll send a postcard. Maybe.	絵はがき送るよ。たぶんね。
{a} left with the flocks when the sea froze	{a}は海が凍ると群れと一緒に旅立った
The flocks are going south. So am I.	群れが南へ行くの。私も行く。
Nothing's keeping me on this floe.	この浮氷に引きとめるものは何もないの。
Don't wait up. The sea's calling.	待たなくていいよ。海が呼んでるの。
{a} tore up the return ticket and stayed on Ares	{a}は帰りの切符を破り捨て、アレスに残った
Earth can manage without me. Ares can't.	地球は私がいなくてもやっていける。アレスはそうはいかない。
{a} painted the front door and said they were staying	{a}は玄関のドアを塗り、ここに残ると言った
Yellow. So everyone knows it's mine now.	黄色。これで私の家だってみんなにわかるでしょ。
{a} carved a name into the council stone and stayed	{a}は評議会の石に名前を刻み、ここに残った
My name's on the stone. That means I'm staying.	石に私の名前がある。それは残るってことなの。
{a} signed on to stay on Ares for good	{a}はアレスにずっと残る契約に署名した
I sent the papers. This is home now.	書類を送ったよ。ここが家なんだ。
{a} bought the house on the corner and stayed	{a}は角の家を買ってここに残った
I signed the mortgage. I'm a Maple Street lifer now.	住宅ローンに署名したよ。これで一生メイプル通りの住人だ。
{a} built a nest of stones and stayed for good	{a}は石で巣を作り、ずっとここにいることにした
My stones, my nest, my colony.	私の石、私の巣、私のコロニー。
seed stock and a new drill	種の備蓄と新しいドリル
A drill that isn't held together with tape!	テープで留めてないドリルだ！
water filters and letters from Earth	浄水フィルターと地球からの手紙
Filters and mail. I don't know which I'm happier about.	フィルターと郵便。どっちがうれしいかわからないよ。
spare seals and a crate of coffee	予備のシールとコーヒーひと箱
Real coffee. Nobody touch it.	本物のコーヒー。誰も触らないで。
solar panels and a spare rover wheel	太陽光パネルとローバーの予備の車輪
A wheel! Kestrel can stop limping.	車輪だ！これでケストレルも足を引きずらなくて済む。
fresh yeast and a greenhouse lamp	新しいイーストと温室のランプ
Bread that rises. I could cry.	ふくらむパン。泣きそう。
a new antenna and cold-weather suits	新しいアンテナと寒冷地用の宇宙服
We'll hear Earth clearly for once.	今度こそ地球の声がはっきり聞こえるよ。
medicine, batteries and one guitar	薬とバッテリー、それにギターが一本
Who ordered a guitar? Not complaining.	ギターを頼んだの誰？文句はないけど。
a 3D printer and a box of chess sets	3Dプリンターとチェスセットひと箱
Now we can print the pieces we lose.	これでなくした駒を印刷できるね。
tomato seeds and a bag of Earth soil	トマトの種と地球の土ひと袋
Real soil. Smell it. Go on.	本物の土。においをかいでみて。ほら。
a telescope and forty tins of peaches	望遠鏡と桃の缶詰四十個
Peaches and the stars. Good window.	桃と星。いい打ち上げ時期だね。
a spare airlock door and a birthday cake	予備のエアロックの扉と誕生日ケーキ
Somebody on Earth remembered us.	地球の誰かが私たちのことを覚えててくれたんだ。
pipes, valves and a crate of socks	パイプとバルブ、それに靴下ひと箱
Socks. Dry, clean socks.	靴下。乾いた、きれいな靴下。
The supply shuttle came down with {cargo}	補給シャトルが{cargo}を積んで降りてきた
The supply shuttle came down light, with only {cargo}	補給シャトルは{cargo}だけを積んで、軽い荷で降りてきた
Maple Street saw in {year} with money in the street fund	メイプル通りは通りの基金にお金がある状態で{year}年を迎えた
Maple Street saw in {year} with the street fund running low	メイプル通りは通りの基金が心細い状態で{year}年を迎えた
Happy New Year, Maple Street! This is K-88, and the first song's for you.	あけましておめでとう、メイプル通り！こちらK-88、最初の曲はあなたに。
Midnight! Somebody kiss somebody! Not me, I'm on the air.	真夜中だ！誰か誰かにキスして！私はだめ、放送中だから。
Ten, nine, eight... I lost count. Happy New Year anyway!	十、九、八……数えそこねた。とにかくあけましておめでとう！
New year, same street, best street. Happy New Year!	新しい年、同じ通り、最高の通り。あけましておめでとう！
The ball dropped and so did my coffee. Happy New Year, everybody.	ボールが落ちて、私のコーヒーも落ちた。みんな、あけましておめでとう。
Another year on Maple Street. Wouldn't have it any other way.	メイプル通りでまた一年。ほかの暮らしなんて考えられないよ。
The sea froze over with the fish vault well stocked	魚の貯蔵庫が十分に満ちたまま、海が凍った
The sea froze over with the fish vault half empty	魚の貯蔵庫が半分空のまま、海が凍った
Ice as far as you can see. We're set for the dark.	見渡すかぎりの氷。闇の季節の備えは万全だよ。
The sea's asleep. Good thing we fished while it was awake.	海は眠りについたの。起きてるうちに漁をしておいてよかった。
Hear it creak? That's the ice settling in for winter.	きしむ音、聞こえる？氷が冬に向けて落ち着いていく音だよ。
No more open water till the thaw. Pass the herring.	雪どけまで開いた海はなし。ニシンを回して。
Maple Street · 1988	メイプル通り · 1988
Maple Street · 1989	メイプル通り · 1989
Maple Street · 1990	メイプル通り · 1990
Maple Street · 1991	メイプル通り · 1991
Maple Street · 1992	メイプル通り · 1992
Maple Street · 1993	メイプル通り · 1993
Maple Street · 1994	メイプル通り · 1994
Maple Street · 1995	メイプル通り · 1995
Maple Street · 1996	メイプル通り · 1996
Maple Street · 1997	メイプル通り · 1997
Maple Street · 1998	メイプル通り · 1998
Maple Street · 1999	メイプル通り · 1999
Maple Street · 2000	メイプル通り · 2000
Maple Street · 2001	メイプル通り · 2001
Maple Street · 2002	メイプル通り · 2002
Maple Street · {year}	メイプル通り · {year}
{a}, built again better	{a}、さらに良く建て直された
{a} and whoever was free made something of their own: {b}	{a}と手の空いていた人たちが、自分たちで{b}を作った
{second} was left to {keeper}	{second}は{keeper}に任された
Then I'll make a start on my own.	じゃあ、自分で始めてみるよ。
{beacon} was left to {explorer}	{beacon}は{explorer}に任された
Bit by bit, then. On my own.	じゃあ、少しずつね。ひとりで。
Stores	備蓄
Street fund	通りの基金
Fish vault	魚の貯蔵庫
{n} of 100	{n} / 100
Leave it to them	任せる
They'll get on with it their own way, slower.	自分たちのやり方で、ゆっくり進めていくでしょう。
{a} went on slowly, their own way	{a}は自分たちのやり方でゆっくり進んだ
{a} went on without you	{a}はあなた抜きで進んだ
Everyone lends a hand. {a} is a part nearer.	みんなで手を貸す。{a}の完成に一歩近づく。
Patched, sealed and good for years.	継ぎを当てて密閉した。何年ももつよ。
A bit more room already.	もう少し広くなった。
The spring of {a}	{a}の春
The summer of {a}	{a}の夏
The autumn of {a}	{a}の秋
The winter of {a}	{a}の冬
The spring they worked on {a}	{a}に取り組んだ春
The summer they worked on {a}	{a}に取り組んだ夏
The autumn they worked on {a}	{a}に取り組んだ秋
The winter they worked on {a}	{a}に取り組んだ冬
Fine. I'll do it on my off-shift.	いいよ。非番のときにやるよ。
Slow going, on my own. But going.	ひとりだとなかなか進まない。でも進んでる。
We'll get there. One bolt a sol.	そのうち着くさ。一ソルにボルト一本ずつ。
Nobody else was free, so I made a start.	ほかに手の空いてる人がいなかったから、始めちゃった。
Guess it's me and a toolbox, then.	じゃあ、私と工具箱だけだね。
We'll do it Saturdays. It'll get done.	土曜日にやろう。そのうち終わるよ。
Slow and steady. Like the night bus.	ゆっくり着実に。夜行バスみたいにね。
Nobody came, so I started anyway.	誰も来なかったから、とにかく始めたよ。
Then I'll do it a flipperful at a time.	じゃあ、ひれ一杯ずつやるよ。
Slow work, but the ice isn't going anywhere.	ゆっくりな作業だけど、氷はどこにも行かないからね。
A block a day. That's how bridges get built.	一日一ブロック。橋はそうやってできるの。
Nobody came, so I started on my own.	誰も来なかったから、ひとりで始めたよ。
We built this. On Mars. Take a good look.	私たちが造ったんだ。火星でね。よく見てよ。
Every bolt in it came off a shuttle. Every one.	ボルトは全部シャトルで届いたんだ。一本残らず。
It's not pretty, but it'll outlast us all.	きれいじゃないけど、私たちみんなより長もちするよ。
Come in, come in. Mind the dust.	どうぞ入って。砂ぼこりに気をつけて。
Took us three windows. Worth every sol.	打ち上げ時期三回分かかった。どのソルもその価値があったよ。
Stand here. Now tell me that isn't something.	ここに立って。これがすごくないなんて言わせないよ。
We built this. Can you believe it?	私たちが造ったんだ。信じられる？
Come look. Every nail in it is ours.	見に来て。釘の一本一本まで私たちのものだよ。
My name's scratched in the corner. Don't tell anyone.	隅に私の名前が彫ってあるんだ。誰にも言わないで。
Not bad for one little street, huh?	小さな通りにしては悪くないでしょ？
This used to be nothing. Now look.	ここ、前は何もなかったんだ。今を見てよ。
Sit down. Try it. Go on.	座ってみて。ほら、どうぞ。
We made this. With flippers! Look!	私たちが作ったの。ひれでね！見て！
Every block of it was carried here by someone.	ブロックはどれも誰かがここまで運んできたの。
Stand here. Feel how solid it is.	ここに立ってみて。すごくしっかりしてるでしょ。
It took all of us. Even the chicks helped.	みんなの力が必要だったの。ひなたちまで手伝ってくれたよ。
The whole colony built this. I did the corners.	コロニーのみんなで造ったの。私は角を担当したんだ。
Come see. It's even better up close.	見に来て。近くで見るともっとすごいよ。
the supplies	物資
supplies	物資
rations	配給食
spare parts	予備部品
battery charge	バッテリーの残量
clean water	きれいな水
air filters	空気フィルター
the next shuttle	次のシャトル
the Tharsis convoy	タルシスの輸送隊
the return flight	帰りの便
the trade rover	交易ローバー
the orbital hop	軌道間の短距離便
quarters	二十五セント玉
gas money	ガソリン代
rent money	家賃
lunch money	お昼代
bus fare	バス代
the night train	夜行列車
Night Bus 6 to the city	都会行きの夜行バス6番
the interstate	州間高速道路
a friend's van	友だちのバン
the morning train	朝の電車
krill	オキアミ
squid	イカ
good fishing	いい漁
the migrating flocks	渡りの群れ
a drifting berg	漂う氷山
the south current	南の海流
the thaw channel	雪どけの水路
Every storm buries the pad.	嵐のたびにパッドが埋まるんだ。
A wall would save us digging.	壁があれば掘り出さずに済む。
Ice in, water out.	氷を入れれば水が出る。
Simple, if we build it right.	ちゃんと造れば簡単だよ。
The mess hall has a roof now.	食堂に屋根がついたよ。
Half a roof.	半分だけだけど。
Kestrel's shed has walls.	ケストレルの車庫に壁ができた。
Kestrel is thrilled.	ケストレルも大喜び。
The hut's up.	小屋が建った。
It rattles, but it's up.	がたがたいうけど、建ったよ。
The vault door fits.	保管庫の扉がぴったり合った。
Tight as a drum.	太鼓みたいにきっちり。
The wheat's crowding the tomatoes.	小麦がトマトを押しのけてるの。
They need their own room.	トマトにも自分の部屋が必要だよ。
The annexe frame is up.	別棟の骨組みが立った。
The tomatoes are watching.	トマトたちが見守ってる。
In a dust storm you can't see the track.	砂嵐の中じゃ轍が見えない。
Beacons would guide us home.	ビーコンがあれば家まで導いてくれる。
We patch each other up on the mess table.	今は食堂のテーブルで手当てし合ってるんだ。
We can do better.	もっとちゃんとできるはず。
The clinic has a bed and a light.	診療室にベッドと明かりができた。
And plasters.	それに絆創膏も。
Every broken part waits two windows for a new one.	壊れた部品は、新しいのが届くまで打ち上げの時期を二回も待つんだ。
Let's make our own.	自分たちで作ろう。
The lathe is bolted down.	旋盤をボルトで固定した。
It hums.	うなってるよ。
The shuttle lands in the dirt.	シャトルは土の上に降りてるんだ。
One day it'll tip over.	いつか転んじゃうよ。
Earth's up there somewhere.	地球はあそこのどこかにある。
I want to see it properly.	ちゃんと見てみたいんだ。
The observatory dome turns now.	天文台のドームが回るようになった。
Squeaks, but turns.	きしむけど、回るよ。
The second tank holds.	二つ目のタンクは大丈夫。
I checked it three times.	三回確かめたよ。
The brushes spin.	ブラシが回ってる。
Mostly the dust goes.	砂ぼこりはだいたい落ちるよ。
The cadets learn on their bunks.	訓練生は寝台で勉強してるんだ。
They should have a room.	部屋があるべきだよ。
We work, we sleep.	働いて、寝て。
We should also play.	遊ぶ時間もあるべきだよ。
Tharsis is out there.	タルシスは向こうにある。
Let's say hello.	あいさつしようよ。
The words are carved.	文字を彫ったよ。
Half of them.	半分だけ。
The lift goes up.	リフトが上がる。
It comes down too.	ちゃんと下がりもする。
Tharsis has spare pipe.	タルシスには余ったパイプがある。
We have spare wheat.	こっちには余った小麦がある。
Somewhere nobody talks shop.	誰も仕事の話をしない場所。
Just quiet.	ただ静かに。
The quiet room has a rug.	静かな部屋にじゅうたんが敷かれた。
Shh.	しーっ。
Every window brings books.	打ち上げの時期のたびに本が届くんだ。
They're piled in the airlock.	エアロックに山積みだよ。
Not wheat.	小麦じゃなくて。
Flowers.	花。
Just to look at.	ただ眺めるためのね。
The arch's two legs are up.	アーチの二本の脚が立った。
The top's next.	次はてっぺん。
The shelter's got a roof.	屋根がついた。
And graffiti already.	もう落書きもされてる。
The snack bar's counter is in.	軽食コーナーのカウンターが入った。
The nacho machine's on order.	ナチョス機は注文中。
People want to talk on the radio.	みんなラジオで話したがってる。
Let them.	話させてあげようよ。
Parents stand for nine innings.	親たちは九回ずっと立ちっぱなし。
That's cruel.	ひどいよ。
Grey concrete.	灰色のコンクリート。
Let's give it colour.	色をつけてあげようよ。
The mural has a sky now.	壁画に空ができた。
Blue as anything.	真っ青だよ。
The pool's dug.	穴は掘った。
Needs water.	水が必要。
And tiles.	それにタイルも。
The Rialto's rink costs two bucks.	リアルト座のリンクは二ドルかかる。
Ours could be free.	うちのならタダにできる。
The club develops photos in a closet.	写真部は物置で現像してるんだ。
With the light on, sometimes.	電気をつけたままのときもある。
Grow your own tomatoes.	トマトは自分で育てよう。
Beat the diner's prices.	ダイナーより安くね。
Every band on the street plays in a garage.	通りのバンドはみんなガレージで演奏してる。
Let them play outside.	外で演奏させてあげよう。
Forty tapes on the shelf.	棚にビデオが四十本。
Rewound, mostly.	だいたい巻き戻してあるよ。
Bikes chained to the flagpole.	旗竿に自転車を鎖でつなぐなんて。
That's not right.	おかしいよ。
The gym smells like socks.	体育館は靴下のにおいがする。
Dances deserve better.	ダンスにはもっといい場所がふさわしいよ。
Our records are in boxes in a closet.	うちのレコードは物置の箱の中。
It's a crime.	犯罪だよ。
Every kid deserves a treehouse.	子どもにはみんなツリーハウスが必要だよ。
Every grown-up too.	大人にもね。
The treehouse has a floor.	ツリーハウスに床ができた。
The ladder's next.	次ははしご。
One hoop up.	ゴールがひとつ立った。
One to go.	あとひとつ。
The phone's in.	電話が入ったよ。
Dial tone and everything.	発信音もちゃんとする。
Half the letters glow.	文字の半分が光ってる。
The A is stubborn.	Aが頑固でね。
The fountain works.	水飲み場が動いた。
Cold as anything.	すごく冷たいよ。
Computers are the future.	コンピューターは未来だよ。
Everyone says so.	みんなそう言ってる。
Three computers plugged in.	コンピューターを三台つないだ。
One works.	動くのは一台。
The egg boxes are on the walls.	壁に卵の紙パックを貼った。
Soundproof, sort of.	防音、みたいなもの。
The hands move.	針が動いた。
Wrong time, but they move.	時刻は違うけど、動いてる。
The kids skate the bank steps.	子どもたちは銀行の階段で滑ってる。
The bank is not happy.	銀行はご機嫌ななめだよ。
She sat on her porch every evening.	毎晩ポーチに座ってた人だもの。
She'd like a bench.	ベンチがあれば喜ぶよ。
The sign's painted.	看板を塗ったよ。
The W is a bit wobbly.	「よ」がちょっとぐらぐら。
The wind finds every egg.	風はどの卵も見つけちゃうの。
Let's stop it.	止めてあげよう。
Fish go off when the thaw comes.	雪どけが来ると魚が傷むの。
An ice house would keep them.	氷室があれば長持ちするよ。
The ice house has walls.	氷室に壁ができた。
Cold ones.	冷たい壁がね。
The chicks wander.	ひなたちはすぐどこかへ行っちゃう。
A crèche would keep them warm and in one place.	保育所があれば、ひとところで暖かくしていられるよ。
Waddling down to the sea is slow.	海までよちよち歩くのは遅いの。
Sliding is fast.	すべれば速いよ。
The council meets in a muddle.	評議会はごちゃごちゃ集まってる。
It should meet in a ring.	輪になって集まるべきだよ。
Every thaw the ice goes a little further.	雪どけのたびに氷が少しずつ遠のくの。
I want to know how far.	どこまでか知りたいんだ。
The vault's full by midsummer.	夏至には貯蔵庫がいっぱいになるの。
Then what?	そしたらどうする？
The rope's across.	縄が渡った。
Knotted, anyway.	結び目だらけだけどね。
The song stone's hollowed.	歌の石をくり抜いた。
Every egg needs warm feet.	卵にはみんな暖かい足が必要なの。
Some feet are colder than others.	ほかより冷たい足もあるからね。
Twenty steps cut.	二十段刻んだ。
Fifty to go.	あと五十段。
The ledge is frozen solid.	棚はかちかちに凍った。
Good.	よし。
Everyone stands with their necks cricked.	みんな首をかしげて立ってるんだもの。
Let's sit.	座ろうよ。
The seat's carved.	席を彫ったよ。
It's cold, but it's a seat.	冷たいけど、席は席。
Dried kelp keeps.	干した昆布は長持ちする。
Wet kelp rots.	濡れた昆布は腐っちゃう。
The gate's up.	門が立った。
It creaks.	きしむけどね。
The fish come the same way every year.	魚は毎年同じ道を通るの。
Mark it!	印をつけよう！
The bones have lain there since before my grandmother.	おばあちゃんより前からあそこにある骨なの。
Let's make something of them.	何か作ろうよ。
The arch stands.	アーチが立った。
Mind your head.	頭に気をつけて。
When the thaw comes, the ice traps us.	雪どけが来ると氷に閉じこめられちゃう。
A channel would free us.	水路があれば抜けられるよ。
The beacon's oil is in.	ビーコンに油を入れた。
It just needs lighting.	あとは火をつけるだけ。
The horn blows.	角笛が鳴った。
Loud!	大きい音！
Built it from spare bags.	余った袋で作ったんだ。
Keeps the worst of the dust out.	ひどい砂ぼこりは防げるよ。
Every spare pot, planted.	空いてる鉢に全部植えたんだ。
The corridor smells green now.	廊下が緑のにおいになったよ。
Red rocks, arranged.	赤い石を並べたんだ。
It's art.	芸術だよ。
Don't argue.	文句は言わないで。
Pin up what you need.	必要なものを貼っておいて。
Someone always has it.	誰かが必ず持ってるから。
Two benches now.	これでベンチはふたつ。
No more fighting for the view.	もう眺めを取り合わなくていいよ。
Leave a book, take a book.	本を一冊置いて、一冊持っていく。
Or a sock.	靴下でもいいよ。
It's slow on Mars time.	火星時間だとゆっくりなんだ。
So are we.	私たちもね。
Blue sky, painted.	青空を描いたんだ。
The closest we'll get.	ここで見られるいちばん近い空だよ。
Every tool on a hook.	道具は全部フックに。
We'll see how long it lasts.	いつまでもつかな。
One pebble from everyone's home.	みんなの故郷の小石をひとつずつ。
Look at them all.	ほら、こんなに。
Chalk and a steady hand.	チョークと、ぶれない手。
The kids approve.	子どもたちのお墨付きだよ。
Ten cents a cup.	一杯十セント。
We're rich!	大金持ちだ！
Everyone painted a bit.	みんなで少しずつ描いたんだ。
Guess which bit's mine.	どこが私のか当ててみて。
Nothing but net.	ネットにすぽっ。
Well, mostly net.	まあ、だいたいはね。
Take a book, leave a book.	本を一冊持っていって、一冊置いていく。
There's a lot of Stephen King.	スティーヴン・キングがやたら多いよ。
Every porch lit.	どのポーチも明るい。
The street looks like a birthday cake.	通りが誕生日ケーキみたい。
Marigolds.	マリーゴールド。
The cook pretends not to water them.	コックさんは水やりしてないふりをしてる。
Blocks stacked tall.	ブロックを高く積んだの。
The wind goes round us now.	もう風がよけていくよ。
Belly-smooth.	おなかでつるつる。
Try it.	やってみて。
Go on.	ほら。
It's a very good likeness of Piko.	ピコにそっくりなの。
Don't tell him.	本人には内緒ね。
Fish oil and ice.	魚の油と氷。
They glow all night.	一晩じゅう光ってるよ。
Two holes, twice the fish.	穴がふたつなら魚も二倍。
That's the plan.	そういう計画。
The chicks stay in.	ひなたちは中にいるよ。
Kelp in the wind.	風に揺れる昆布。
It smells... strong.	においが……強烈。
It's a seal.	アザラシだよ。
It's always been a seal.	最初からアザラシだったの。
One pebble from everyone.	みんなからひとつずつ小石を。
It wobbles.	ぐらぐらするけど。
The Stores Count is {days} sols off.	備蓄の点検まであと{days}ソル。
Everyone's stacking crates.	みんな木箱を積んでるよ。
Stores Count soon.	もうすぐ備蓄の点検。
I've counted the ration packs twice already.	配給パックはもう二回数えたよ。
Shelves to the ceiling!	棚が天井まで！
We'll eat well this year.	今年はたっぷり食べられるよ。
Shuttle Day is {days} sols off.	シャトルの日まであと{days}ソル。
Everyone's writing letters to send up.	みんな送る手紙を書いてるよ。
Shuttle Day soon.	もうすぐシャトルの日。
I've got a letter for my mother in every pocket.	どのポケットにも母への手紙が入ってるんだ。
The Seed Swap is {days} sols away.	種の交換会まであと{days}ソル。
Everyone's labelling envelopes.	みんな封筒にラベルを書いてるよ。
Seed Swap soon.	もうすぐ種の交換会。
I've saved the best of the beans.	いちばんいい豆を取っておいたんだ。
The Quiet Sol is {days} sols away.	静かなソルまであと{days}ソル。
Nobody's allowed to fix anything.	何も直しちゃいけないんだよ。
Quiet Sol soon.	もうすぐ静かなソル。
I've hidden my wrench from myself.	自分からレンチを隠しておいたよ。
Nothing broke, nobody worked.	何も壊れず、誰も働かず。
The Record Swap is {days} nights off.	レコード交換会まであと{days}夜。
Everyone's digging through their crates.	みんな木箱をあさってるよ。
Record Swap soon.	もうすぐレコード交換会。
I'm not parting with my Prince records.	プリンスのレコードは手放さないよ。
Maybe one.	一枚くらいならいいかな。
The Car Wash is {days} nights off.	洗車イベントまであと{days}夜。
Sponges and buckets, everyone.	みんな、スポンジとバケツを。
Car Wash soon.	もうすぐ洗車イベント。
It's for the street fund.	通りの基金のためだよ。
Bring a sponge.	スポンジを持ってきて。
Forty cars!	車四十台！
The fund's never been so full.	基金がこんなに潤ったのは初めてだよ。
We washed my car.	私の車を洗ったよ。
The Talent Show is {days} nights off.	タレントショーまであと{days}夜。
Someone's been practising the trumpet.	誰かがトランペットの練習をしてるよ。
Talent Show soon.	もうすぐタレントショー。
I'm doing card tricks.	私はカード手品をやるんだ。
Don't tell.	内緒ね。
The Snowball Fight is {days} nights off.	雪合戦まであと{days}夜。
Everyone's building forts.	みんな砦を作ってるよ。
Snowball Fight soon.	もうすぐ雪合戦。
My fort has a moat.	私の砦には堀があるんだ。
The Egg Watch is {days} auroras off.	卵の見守りまであと{days}オーロラ。
Every nest is being counted.	巣をひとつずつ数えてるよ。
Egg Watch soon.	もうすぐ卵の見守り。
I've warmed my feet specially.	足を特別に温めておいたんだ。
So many eggs!	卵がこんなに！
Welcome, little ones.	ようこそ、ちびっ子たち。
The Fish Feast is {days} auroras away.	魚の宴まであと{days}オーロラ。
The vault is being opened.	貯蔵庫を開けてるよ。
Fish Feast soon.	もうすぐ魚の宴。
I've been saving the fattest herring.	いちばん太ったニシンを取っておいたんだ。
Pebble Day is {days} auroras off.	小石の日まであと{days}オーロラ。
Everyone's looking for the smoothest stone.	みんないちばんすべすべの石を探してるよ。
Pebble Day soon.	もうすぐ小石の日。
I've found the perfect one.	完璧なのを見つけたんだ。
Don't ask who it's for.	誰にあげるかは聞かないで。
The Ice Carving is {days} auroras off.	氷の彫刻祭まであと{days}オーロラ。
Beaks are being sharpened.	くちばしを研いでるよ。
Ice Carving soon.	もうすぐ氷の彫刻祭。
I'm making a whale.	クジラを作るんだ。
A small whale.	小さいクジラ。
It's a whale.	クジラだよ。
Probably.	たぶん。
The next shuttle can bring more crew.	次のシャトルでクルーを増やせるよ。
Shall I ask for them?	頼んでみようか？
Just us, then.	じゃあ、私たちだけ。
More stew each.	シチューがひとり分多くなるね。
Good call.	いい判断だね。
Half a hold.	半分だけか。
Oh well.	まあいいや。
A few want to go home at the next window.	次の打ち上げ時期に帰りたがってる人が何人かいるんだ。
Should we ask them to stay?	残ってって頼もうか？
They said they'd think about it.	考えてみるって。
That's a yes.	つまり、残るってことだよ。
Fair enough.	それもそうだね。
Ares isn't for everyone.	アレスは誰にでも向いてるわけじゃないし。
Sensible.	賢明だね。
Boring, but sensible.	退屈だけど、賢明。
The board wants our report.	委員会が報告を求めてる。
Do we ask for people, or supplies?	人を頼む？それとも物資？
People it is.	人に決まり。
I'll warn the bunk room.	寝台部屋に知らせておくよ。
Supplies it is.	物資に決まり。
The shelves will thank us.	棚が喜ぶよ。
The board wants to swap half the crew.	委員会がクルーの半分を入れ替えたいって。
Do we agree?	同意する？
We know each other now.	もうお互いのことをわかってる。
That counts.	それが大事なんだ。
Nobody asked us.	誰も私たちに聞かなかった。
Someone wants to buy the old Henderson place.	誰かがヘンダーソンさんの古い家を買いたがってる。
Put in a good word?	口添えしようか？
I told them the street's the best in town.	この通りは町でいちばんだって言っておいたよ。
It is.	本当だもん。
Still empty.	まだ空き家。
Kids think it's haunted.	子どもたちはお化け屋敷だと思ってるよ。
The street fund's got money in it.	通りの基金にお金がたまってる。
A welcome party, or save it?	歓迎パーティー？それとも貯めておく？
Balloons!	風船！
Cake!	ケーキ！
A banner!	横断幕！
The folks at the end of the street might move.	通りの端の一家が引っ越すかもしれないんだ。
They're thinking about it.	考えてくれるって。
I baked a pie.	パイを焼いたんだ。
Pies work.	パイは効くからね。
People move on.	人は移っていくもの。
That's life.	それが人生だよ。
A band wants to rehearse in the empty lot.	バンドが空き地で練習したいって。
Let them?	させてあげる？
Loud.	うるさい。
Terrible.	ひどい。
The city will pay the street to widen the road.	市が道路を広げる代わりに、通りにお金を払うって。
Take the money?	受け取る？
New road, full fund.	新しい道路に、いっぱいの基金。
Fewer trees.	木は少なくなったけど。
We signed a petition.	署名を集めたよ。
Forty names!	四十人分！
The school's short of kids.	学校の子どもが足りないんだ。
Should we put up a sign for new families?	新しい家族向けに看板を出そうか？
Families wanted.	家族募集。
Good school, great street.	いい学校、すてきな通り。
Hand-painted.	手描きだよ。
Only one spelling mistake.	つづりの間違いはひとつだけ。
It's cosy as it is.	今のままで居心地いいし。
I'll write back.	返事は書くよ。
Eventually.	そのうちね。
A few from the migrating flocks want to stay.	渡りの群れの何羽かがここに残りたいって。
Sorry.	ごめんね。
They didn't wait long.	長くは待たなかったね。
The vault could feed newcomers, or keep us fat through the dark.	貯蔵庫の魚で新しい仲間を養うか、闇の間ずっと私たちがおなかいっぱいでいるか。
Which?	どっち？
Come one, come all.	誰でもおいで。
Bring a fish if you can.	魚があれば一匹持ってきてね。
Fat and happy through the dark.	闇の間じゅう、おなかいっぱいでごきげん。
It'll sort itself out.	なんとかなるよ。
The young ones want to see the world.	若い子たちが世界を見たいって。
Ask them to stay?	残ってって頼む？
They sulked, then stayed.	ふてくされてたけど、残ったよ。
Go on, then.	じゃあ、行っておいで。
Come back fat.	太って帰ってきてね。
Names are free.	名前はタダ。
Fish aren't.	魚はそうじゃない。
A quiet naming, then.	じゃあ、静かな名づけで。
Still counts.	それでも名づけは名づけだよ。
Poor little ones.	かわいそうなちびっ子たち。
The colony across the water wants fish for kelp.	海の向こうのコロニーが、魚と昆布を交換したいって。
Trade?	取引する？
They're coming!	来るって！
Some might stay!	残る子もいるかも！
The flocks are going early.	群れが早く旅立つの。
Some of ours want to go with them.	うちの何羽かが一緒に行きたがってる。
Well?	どうする？
We stay.	残るよ。
All of us.	みんなで。
Some will go.	行く子もいれば。
Some will stay.	残る子もいる。
That's fair.	それでいいんだ。
Ten minutes on the {what}.	{what}で十分休憩。
My knees thank you.	ひざが感謝してるよ。
The {what} faces the ridge.	{what}は尾根のほうを向いてるんだ。
Best view on Ares.	アレスでいちばんの眺め。
Took my helmet off by the {what}.	{what}のそばでヘルメットを脱いだよ。
Inside, I mean.	中でね、もちろん。
Logged my rest on the {what}.	{what}での休憩を記録した。
Nia insists.	ニアがうるさいんだ。
The {what} is warm from the heat pipe.	{what}は熱パイプのおかげで暖かいんだ。
Nodded off on the {what}.	{what}でうとうとしちゃった。
Nobody woke me.	誰も起こさなかった。
Kind.	やさしいね。
{other} and I played chess by the {what}.	{what}のそばで{other}とチェスをした。
{other} brought tea to the {what}.	{other}が{what}にお茶を持ってきてくれた。
We drank it slowly.	ゆっくり飲んだよ。
Someone started singing by the {what}.	{what}のそばで誰かが歌いだした。
Then everyone.	そしたらみんなも。
First pick from your {what}.	あなたの{what}からの一番摘みだよ。
Grown on Mars!	火星育ち！
Your {what} did well under the lamps.	あなたの{what}、ランプの下でよく育ったよ。
This is yours.	これはあなたの分。
Picked this from your {what}.	あなたの{what}から摘んできたよ。
Don't tell the ration log.	配給記録には内緒ね。
From your {what}.	あなたの{what}から。
It tastes like home.	故郷の味がする。
Your {what} keeps giving.	あなたの{what}は実りが絶えないね。
The whole mess is jealous.	食堂のみんながうらやましがってるよ。
Ate my lunch on the {what}.	{what}でお昼を食べた。
Pigeons took the crusts.	パンの耳はハトにあげた。
Waited for the night bus on the {what}.	{what}で夜行バスを待った。
It was late.	遅れてたけど。
I didn't mind.	気にならなかった。
Took my shoes off on the {what}.	{what}で靴を脱いだ。
Don't judge.	とがめないでね。
Five minutes on the {what} between shifts.	シフトの合間に{what}で五分。
Heaven.	天国だよ。
The {what}'s warm from the sun.	{what}は日差しでぽかぽか。
Stayed too long.	長居しちゃった。
{other} brought a boombox to the {what}.	{other}が{what}にラジカセを持ってきた。
Instant party.	たちまちパーティー。
Told ghost stories by the {what}.	{what}のそばで怪談をした。
{other} screamed first.	最初に叫んだのは{other}。
Somebody played guitar by the {what}.	{what}のそばで誰かがギターを弾いてた。
Lovely.	いい気分。
Fireflies all round the {what}.	{what}のまわりじゅうにホタル。
Like the whole street was glowing.	通りじゅうが光ってるみたいだった。
Mom made a pie with it.	ママがパイにしてくれた。
Your {what} came up great.	あなたの{what}、よく育ったね。
Here, take some.	ほら、少し持っていって。
The diner wants to buy some.	ダイナーが買いたいって。
The {what} is out of the wind.	{what}は風が当たらないの。
The chicks climb the {what}.	ひなたちが{what}によじ登るの。
I sat on it anyway.	それでも私は座ったけど。
Five minutes on the {what}.	{what}で五分。
Then back to the ice.	そしたらまた氷の上へ。
The {what} is the best spot on the floe.	{what}は浮氷でいちばんの場所。
Preened my feathers on the {what}.	{what}で羽づくろい。
Very smart now.	すっかりおしゃれになったよ。
{other} told a fish story by the {what}.	{what}のそばで{other}が魚の話をしたの。
It grew.	話がどんどん大きくなった。
The chicks fell asleep round the {what}.	{what}のまわりでひなたちが寝ちゃった。
So did I.	私もだけど。
The {what} glows on the ice.	{what}が氷の上で光ってる。
You can see it from the far floe.	遠くの浮氷からも見えるよ。
Fresh as the sea.	海みたいに新鮮。
Your {what} did well in the cold.	あなたの{what}、寒さの中でよく育ったね。
The chicks wanted it.	ひなたちが欲しがったの。
The vault's jealous.	貯蔵庫がやきもち焼いてるよ。
Sat on the {what} and counted the dust devils.	{what}に座って、つむじ風を数えた。
Six.	六つ。
The {what} creaks in the cold.	寒いと{what}がきしむんだ。
So do I.	私もだけど。
Had my ration bar on the {what}.	{what}で配給のバーを食べた。
Five-star dining.	五つ星のディナーだよ。
Sat on the {what} with my eyes shut.	目を閉じて{what}に座ってた。
Pretended it was a beach.	浜辺にいるつもりでね。
{other} and I argued about Earth music by the {what}.	{what}のそばで{other}と地球の音楽のことで言い合った。
Nobody won.	勝負はつかなかった。
Someone brought cards to the {what}.	誰かが{what}にトランプを持ってきた。
We played till the lights dimmed.	明かりが落ちるまで遊んだよ。
{other} fell asleep by the {what}.	{other}が{what}のそばで寝ちゃった。
We left them a blanket.	毛布をかけておいたよ。
We had a quiz by the {what}.	{what}のそばでクイズ大会をした。
Nia won.	ニアの勝ち。
Nia always wins.	ニアはいつも勝つんだ。
Did my homework on the {what}.	{what}で宿題をした。
Some of it.	一部だけね。
Fell asleep on the {what} in the sun.	日なたの{what}で寝ちゃった。
Woke up pink.	起きたら日焼けしてた。
The {what} is my thinking spot now.	{what}は今じゃ私の考えごとの場所。
Read the Sunday paper on the {what}.	{what}で日曜の新聞を読んだ。
All of it.	全部ね。
{other} and I sat by the {what} and talked about leaving.	{what}のそばに{other}と座って、ここを出る話をした。
Then didn't.	結局出なかったけど。
We roasted marshmallows by the {what}.	{what}のそばでマシュマロを焼いた。
Mostly burned them.	ほとんど焦がしたけどね。
Stood on one foot by the {what}.	{what}のそばで片足で立ってた。
Very restful.	すごく落ち着くの。
Watched the seals from the {what}.	{what}からアザラシを眺めた。
They watched back.	向こうも見てた。
Had a long think on the {what}.	{what}でじっくり考えごと。
About fish, mostly.	だいたい魚のこと。
Sat on the {what} and let the snow cover me.	{what}に座って、雪に埋もれてた。
{other} and I told jokes by the {what}.	{what}のそばで{other}と冗談を言い合った。
Mine were better.	私のほうがおもしろかった。
Everyone brought a fish to the {what}.	みんなが{what}に魚を一匹ずつ持ってきたの。
We had a feast.	宴になったよ。
{other} danced by the {what}.	{what}のそばで{other}が踊ったの。
The chicks copied.	ひなたちがまねしてた。
Filter duty with {other}.	{other}とフィルター当番。
We both sneezed for an hour.	ふたりで一時間くしゃみしてた。
Clean filters, clean air.	きれいなフィルターに、きれいな空気。
{other} took the credit.	手柄は{other}が持っていった。
Changed every filter at {place} with {other}.	{place}のフィルターを{other}と全部替えた。
Breathing's easier.	息がしやすくなったよ。
Read my mother's letter four times.	母の手紙を四回読んだ。
She sent a pressed leaf.	押し葉が入ってたよ。
A letter from Earth.	地球からの手紙。
It smells like paper.	紙のにおいがする。
Real paper.	本物の紙の。
My sister had a baby.	姉さんに赤ちゃんが生まれてた。
I found out from a letter two months late.	二か月遅れの手紙で知ったよ。
Wrote back six pages.	六枚の返事を書いたよ。
The shuttle's gone.	シャトルはもう出ちゃったけど。
It'll wait.	次まで待つさ。
{other} cheats at cards.	{other}はトランプでずるをする。
Openly.	堂々と。
Proudly.	誇らしげに。
Poker for ration bars with {other}.	{other}と配給バーを賭けてポーカー。
I'm rich in oat bars.	オートバーでお金持ちだよ。
The new dome echoes.	新しいドームは声が響くんだ。
{other} sang between hands.	{other}が手の合間に歌ってた。
Taught {other} a card game from home.	{other}に故郷のトランプ遊びを教えた。
They beat me at it.	そしたら負けちゃった。
{other} drove the rover into a ditch.	{other}がローバーを溝に落としちゃった。
Gently.	そっとね。
Taught {other} to read the dust.	{other}に砂ぼこりの読み方を教えた。
Left means trouble.	左は要注意。
Rover training with {other}.	{other}とローバーの訓練。
We only got lost twice.	迷ったのは二回だけ。
Showed {other} the old tracks to the crater.	{other}にクレーターへの古い轍を見せた。
They're still there.	まだ残ってるんだ。
Every new crop starts here.	新しい作物はみんなここから始まるんだ。
I talk to them.	話しかけてるよ。
It helps.	効くんだから。
Every trip since the first.	最初の旅からの全部の記録。
Some of the entries are poems.	詩になってる記入もあるよ。
Every window I think about going home.	打ち上げの時期のたびに帰ろうかって考える。
Then I don't.	でも帰らないんだ。
I miss rain most.	いちばん恋しいのは雨なんだ。
Not the sea.	海じゃなくて。
Rain.	雨。
From here Earth's just a bright star.	ここから見る地球は明るい星のひとつ。
Hard to believe.	信じられないよね。
It's bigger than it needs to be.	必要より大きいんだ。
We argued for weeks about the colour.	色で何週間ももめたんだ。
It's grey.	結局灰色。
{other} and I taped every seam at {place}.	{other}と{place}の継ぎ目を全部テープでふさいだ。
Sandbags on the windward side with {other}.	{other}と風上側に土のうを積んだ。
My back says no.	腰がもう無理って言ってる。
Storm shutters down.	嵐よけの雨戸を下ろした。
{other} says we're ready.	{other}は準備万端だって。
We're not.	そんなことないけど。
The storm howled all night.	一晩じゅう嵐がうなってた。
I slept like a stone.	私は石みたいに眠ってたけど。
Woke up and the window was brown.	起きたら窓が茶色だった。
Went back to sleep.	また寝た。
The walls hummed with the wind.	壁が風でうなってた。
Better than music.	音楽よりいいね。
{friend} made me tea at three in the morning.	{friend}が朝の三時にお茶をいれてくれた。
The storm was loud.	嵐がうるさくてね。
Dreamed of calm skies.	穏やかな空の夢を見た。
Woke to dust.	起きたら砂ぼこり。
Still nice.	それでもいいけど。
{other} told a ghost story.	{other}が怪談をしたの。
The storm did the sound effects.	効果音は嵐がやってくれた。
Stuck inside with {other} for six sols.	{other}と六ソル閉じこめられた。
We're still friends.	まだ友だちだよ。
{other} and I played every board game we own.	{other}と持ってるボードゲームを全部やった。
Candles in the mess while the power saved.	節電の間、食堂にろうそく。
{other} sang.	{other}が歌ってた。
{other} and I counted the gusts.	{other}と突風を数えた。
Lost count at nine hundred.	九百を過ぎてわからなくなった。
Storm watch with {other}.	{other}と嵐の見張り。
We read the wind gauge every hour.	一時間ごとに風速計を読んだ。
Kept the log through the night with {other}.	{other}と一晩じゅう記録をつけた。
All green.	全部正常。
{other} and I watched the storm light up with static.	{other}と、嵐が静電気で光るのを眺めた。
Beautiful.	きれいだった。
The storm's passing.	嵐が過ぎていく。
{other} and I shook hands on it.	{other}と握手したよ。
Six bunks, a lamp and a crate of biscuits.	寝台が六つ、ランプがひとつ、ビスケットが一箱。
Enough.	それで十分。
Patched eleven times.	十一回も継ぎ当てしたんだ。
Each patch has a name.	継ぎ当てひとつひとつに名前があるよ。
Forty sols of brown sky.	四十ソル、茶色い空。
I thought I'd forget the sun.	太陽を忘れちゃうかと思った。
We lost the old antenna.	古いアンテナをなくしたんだ。
Found it a kilometre away.	一キロ先で見つかったよ。
In a dust storm your hair stands up.	砂嵐の中だと髪が逆立つんだ。
Everyone's hair.	みんなの髪がね。
When it came back after the storm, we all went outside.	嵐のあとで太陽が戻ってきたとき、みんなで外に出たんだ。
In suits.	宇宙服を着てね。
The sun's smaller here.	ここの太陽は小さいんだ。
You love it more.	だからこそ愛おしい。
Loaded forty sacks of wheat with {other}.	{other}と小麦を四十袋積んだ。
Tharsis sends pipes back.	タルシスからはパイプが返ってくる。
{other} and I packed the trade crates.	{other}と交易用の木箱を詰めた。
Labelled in two languages.	ラベルは二か国語で。
{other} haggled with Tharsis over the radio.	{other}が無線でタルシスと値段交渉したんだ。
We won.	こっちの勝ち。
I think.	たぶんね。
The trade rover's heavy.	交易ローバーが重い。
{other} sat on the crates to close them.	{other}が木箱の上に座ってふたを閉めた。
Counted the Tharsis goods with {other}.	{other}とタルシスの品を数えた。
Someone sent us cheese.	誰かがチーズを送ってくれたよ。
Tharsis radio plays old songs.	タルシスのラジオは懐メロをかけるんだ。
I know all the words.	歌詞は全部知ってるよ。
Fell asleep to the Tharsis weather report.	タルシスの天気予報を聞きながら寝ちゃった。
Soothing.	落ち着くんだ。
The Tharsis DJ said hello to Ares.	タルシスのDJがアレスにあいさつしてくれた。
I cheered alone.	ひとりで歓声をあげたよ。
Static, then music.	雑音、それから音楽。
Someone else is out here.	ここにも誰かいるんだ。
Nice.	いいね。
The Tharsis traders brought a song.	タルシスの商人たちが歌を持ってきた。
{other} learned it by supper.	{other}は夕食までに覚えちゃった。
{other} gave the traders a tour.	{other}が商人たちを案内した。
They loved the greenhouse.	温室が大好評だったよ。
Supper for fourteen with {other}.	{other}と十四人分の夕食。
We ran out of chairs.	椅子が足りなかった。
{other} traded jokes with the Tharsis crew.	{other}がタルシスのクルーと冗談を言い合った。
Theirs are worse.	向こうのはもっとひどいんだ。
The traders stayed an extra sol.	商人たちがもう一ソル泊まっていった。
{other} didn't mind at all.	{other}は全然気にしてなかったよ。
Mapped the canyon shortcut with {other}.	{other}と峡谷の近道を測量した。
Saves a whole sol.	まる一ソル短縮だよ。
{other} named a crater after me.	{other}がクレーターに私の名前をつけてくれた。
It's a small crater.	小さいクレーターだけど。
The trade map's done.	交易路の地図ができた。
{other} framed it.	{other}が額に入れたよ。
{other} says the route's safe.	{other}がその道は安全だって言うんだ。
I believe it.	信じてるよ。
We talk to Tharsis every evening at seven.	毎晩七時にタルシスと話すんだ。
Sometimes they talk back.	返事が来ることもあるよ。
They've got forty people and a piano.	向こうには四十人とピアノがあるんだって。
A piano!	ピアノだよ！
Their mayor calls us the neighbours.	向こうの町長は私たちを「お隣さん」って呼ぶんだ。
I like that.	気に入ってる。
Wheat for pipes, songs for cheese.	小麦とパイプ、歌とチーズ。
Fair's fair.	公平にいかなきゃ。
I've never bargained before.	値段交渉なんてしたことなかった。
I'm very bad at it.	すごく下手なんだ。
A voice from over the horizon.	地平線の向こうからの声。
It still gives me chills.	今でもぞくっとするよ。
Airlock drills with {other} and the cadets.	{other}と訓練生とエアロックの訓練。
Nine seconds!	九秒！
{other} timed the suit-up drill.	{other}が宇宙服の着用訓練の時間を計った。
Nobody's fast enough.	まだ誰も間に合わない。
Yet.	今はね。
A cadet put their helmet on backwards.	訓練生がヘルメットを後ろ前にかぶったんだ。
{other} didn't laugh.	{other}は笑わなかった。
Much.	あんまりね。
Drilled the cadets with {other} till dinner.	夕食まで{other}と訓練生を鍛えた。
They'll be good.	いい隊員になるよ。
{other} taught the cadets knots.	{other}が訓練生に結び方を教えた。
I taught them patience.	私は辛抱を教えた。
Read the old manual cover to cover.	古いマニュアルを最初から最後まで読んだ。
Found a doodle on page ninety.	九十ページに落書きがあった。
Studying at {place}.	{place}で勉強中。
It's quiet till the cadets find me.	訓練生に見つかるまでは静かなんだ。
Relearned everything I forgot.	忘れてたことを全部覚え直した。
There was a lot.	たくさんあったよ。
{friend} quizzed me on the manual.	{friend}がマニュアルの問題を出してくれた。
I passed.	合格。
Fell asleep on the manual.	マニュアルの上で寝ちゃった。
Woke with a diagram on my cheek.	起きたら頬に図が写ってた。
{other} told the cadets about the first landing.	{other}が訓練生に最初の着陸の話をしたんだ。
They were silent.	みんな静まりかえってた。
Supper with the cadets and {other}.	訓練生と{other}と夕食。
So loud.	すごくにぎやか。
So good.	すごく楽しい。
A cadet cooked.	訓練生が料理したんだ。
{other} was brave.	{other}は勇敢だった。
I was braver.	私はもっと勇敢だった。
{other} and I got the cadets singing.	{other}と訓練生たちを歌わせたよ。
Off key.	音程はずれてたけど。
My cadet fixed a seal alone today.	私の訓練生が今日ひとりでシールを直したんだ。
{other} saw.	{other}も見てた。
I'm proud.	誇らしいよ。
{other} and I wrote the cadets' reports.	{other}と訓練生の評価を書いた。
All good ones.	どれもいい評価だよ。
Taught a cadet to read the sky.	訓練生に空の読み方を教えた。
{other} taught them to read me.	{other}は私の読み方を教えてた。
{other} says I'm a natural teacher.	{other}が私は教えるのに向いてるって。
I'm a natural worrier.	心配するのに向いてるだけだよ。
A cadet thanked me.	訓練生にお礼を言われた。
{other} pretended not to notice me tear up.	私が涙ぐんだのを{other}は見ないふりしてくれた。
Posters on every wall.	どの壁もポスターだらけ。
It looks like a student dorm.	学生寮みたい。
The cadets grow radishes here.	訓練生がここでラディッシュを育ててるんだ。
Mostly they grow mistakes.	育つのはだいたい失敗だけど。
They're so young.	みんなすごく若いね。
Were we that young?	私たちもあんなに若かった？
One of them wants my job.	ひとりは私の仕事を狙ってるんだ。
I failed my first suit exam.	最初の宇宙服の試験には落ちたんだ。
Nobody knows that.	誰も知らないけどね。
The exam's harder than Mars.	試験は火星より厳しいよ。
Mars is fair.	火星は公平だもの。
{other} and I cut two tonnes of ice.	{other}と氷を二トン切り出した。
My arms are jelly.	腕がふにゃふにゃだよ。
Mine shift with {other}.	{other}と鉱山のシフト。
The ice glows blue down there.	下では氷が青く光ってるんだ。
{other} found a bubble of old air in the ice.	{other}が氷の中に古い空気の泡を見つけた。
Very old air.	すごく古い空気。
The drill jammed.	ドリルが詰まったんだ。
{other} unjammed it with a song.	{other}が歌で直した。
Somehow.	なぜかね。
A real bath.	本物のお風呂。
First in three years.	三年ぶり。
I cried a bit.	ちょっと泣いちゃった。
Five minutes of hot water.	五分間のお湯。
The best five minutes on Mars.	火星でいちばんの五分間。
Bath night.	お風呂の夜。
{friend} got the water after me.	{friend}のお湯は私のあとだった。
Soaked till I wrinkled.	しわしわになるまでつかってた。
Worth every drop.	一滴残らず価値があったよ。
Hot water, clean hair.	熱いお湯、きれいな髪。
I feel like a new person.	生まれ変わった気分。
Our lamps made the whole cave sparkle.	ランプの光で洞窟じゅうがきらめいたんだ。
{other} went quiet.	{other}は黙りこんでた。
Crawled through a tunnel with {other}.	{other}とトンネルを這って抜けた。
Came out laughing.	笑いながら出てきたよ。
{other} carved our initials in the ice.	{other}が氷にふたりの頭文字を彫った。
Very small.	すごく小さくね。
{other} and I drew the pipes on the wall.	{other}と壁に水道管の図を描いた。
Then on paper.	それから紙にも。
Water to every room by next window.	次の打ち上げ時期までに全部の部屋に水を。
{other} promised.	{other}が約束したんだ。
{other} worked out the pressure.	{other}が水圧を計算した。
I nodded wisely.	私はわかったふりをしてうなずいた。
Laid the first pipe with {other}.	{other}と最初の管を敷いた。
It leaked.	漏れた。
Then it didn't.	それから漏れなくなった。
Hot water, two taps, one queue.	お湯、蛇口ふたつ、順番待ちの列ひとつ。
Always a queue.	いつだって列ができてる。
On Earth I left the tap running.	地球では蛇口を出しっぱなしにしてた。
I think of that a lot.	よくそのことを考えるよ。
We found something in the ice.	氷の中で何かを見つけたんだ。
Might be nothing.	なんでもないかも。
Might be everything.	すべてかも。
{other} and I fixed the heater at two in the morning.	{other}と朝の二時にヒーターを直した。
Heroes.	ヒーローだね。
Heater rounds with {other}.	{other}とヒーターの見回り。
Every room, every hour.	全部の部屋を一時間ごとに。
{other} wrapped the pipes in old blankets.	{other}が古い毛布で水道管をくるんだ。
It worked.	うまくいったよ。
Frost on the inside of the window.	窓の内側に霜。
{other} and I sealed it.	{other}とふさいだよ。
Fixed the heat exchanger with {other}.	{other}と熱交換器を直した。
Warm again.	また暖かくなった。
Three blankets and a book.	毛布を三枚と本を一冊。
Winter can do its worst.	冬よ、かかってこい。
Stayed in bed with cocoa.	ココアを持ってベッドにこもった。
The dome's cold, I'm not.	ドームは寒いけど、私は寒くない。
{friend} knitted me socks.	{friend}が靴下を編んでくれた。
They're lumpy.	でこぼこだけど。
I love them.	大好き。
{other} and I made stew from everything left.	{other}と残り物を全部入れてシチューを作った。
It was good!	おいしかった！
Baked bread with {other}.	{other}とパンを焼いた。
The whole habitat came to smell it.	居住区じゅうの人がにおいをかぎに来たよ。
{other} invented a soup.	{other}がスープを発明した。
We'll never make it again.	二度と作れないけど。
Delicious.	おいしかった。
Cooking with {other} keeps us warm.	{other}と料理してると暖かいんだ。
And fed.	おなかもふくれるし。
{other} burned the rolls.	{other}がロールパンを焦がした。
We ate them anyway.	それでも食べたよ。
Crunchy.	かりかりだった。
{other} and I knocked on every door.	{other}と全部の扉をノックして回った。
Everyone's warm.	みんな暖かくしてたよ。
Brought tea round with {other}.	{other}とお茶を配って回った。
Nobody said no.	誰も断らなかったよ。
{other} noticed someone was low.	{other}が落ちこんでる人に気づいた。
We sat with them.	一緒にそばに座ったんだ。
Night rounds with {other}.	{other}と夜の見回り。
The habitat's asleep and safe.	居住区は眠っていて、無事だよ。
{other} and I left a note on every bunk.	{other}と寝台ひとつひとつにメモを置いた。
Just: hang on.	ただ「がんばって」って。
Right above the heat pipe.	熱パイプの真上。
First come, first warm.	早い者勝ちで暖まれるよ。
Best heater on Ares.	アレスでいちばんのヒーター。
Everyone sits in the rover to warm up.	みんなローバーに座って暖まるんだ。
A Martian winter lasts half a year.	火星の冬は半年続くんだ。
You learn to like soup.	スープが好きになるよ。
It's the not-knowing that's hard.	つらいのは、わからないことなんだ。
When it'll end.	いつ終わるのかがね。
We all got a bit closer this winter.	この冬、みんな少し仲良くなったよ。
Had to.	そうするしかなかったからね。
My grandmother's recipe works on Mars.	おばあちゃんのレシピは火星でも通用するんだ。
She'd be amazed.	きっとびっくりするよ。
{other} and I planted six trees.	{other}と木を六本植えた。
Real trees, on Mars.	火星に本物の木を。
Dug holes with {other} all morning.	午前中ずっと{other}と穴を掘った。
The trees went in by lunch.	お昼には木が植わってたよ。
{other} named every tree.	{other}が木に全部名前をつけたんだ。
I'm not allowed to forget them.	私は忘れちゃいけないことになってる。
A tree's taller than me now.	木が私より高くなった。
{other} measured.	{other}が測ったんだ。
Watered the saplings with {other}.	{other}と苗木に水をやった。
One has a leaf!	一本に葉っぱが出てる！
The moss is growing outside.	コケが外で育ってるんだ。
Outside!	外だよ！
In the open air!	むき出しの空気の中で！
Sat by the moss plot.	コケの区画のそばに座ってた。
It's green against the red.	赤の中の緑。
Unbelievable.	信じられないよ。
Counted the moss patches.	コケの群生を数えた。
Nine.	九つ。
Yesterday it was eight.	昨日は八つだった。
Just me and a bit of green.	私と、ほんの少しの緑だけ。
Mars is changing.	火星が変わりつつあるんだ。
{other} and I walked under actual leaves.	{other}と本物の葉っぱの下を歩いた。
We didn't talk.	何も話さなかった。
Didn't need to.	話す必要がなかったんだ。
The garden smells of Earth.	庭は地球のにおいがする。
{other} closed their eyes.	{other}は目を閉じてた。
{other} found a ladybird.	{other}がテントウムシを見つけた。
Someone brought ladybirds!	誰かがテントウムシを連れてきたんだ！
Sat on the grass with {other}.	{other}と芝生に座った。
Grass!	芝生だよ！
{other} picked me a flower.	{other}が花を摘んでくれた。
I pressed it in the log.	日誌にはさんで押し花にしたよ。
Sent seeds to Tharsis with {other}.	{other}とタルシスに種を送った。
They'll grow there too.	向こうでも育つよ。
{other} found a seed packet from the first landing.	{other}が最初の着陸のときの種の袋を見つけた。
Still good.	まだ使えるんだ。
Labelled every drawer with {other}.	{other}と引き出しに全部ラベルを貼った。
In pencil, in case.	念のため鉛筆でね。
The seed library's the colony's future.	種の図書館はコロニーの未来なんだ。
{other} says so.	{other}もそう言ってる。
Planted by everyone, one shovel each.	みんなでひとすくいずつ土をかけて植えたんだ。
It leans a bit.	ちょっと傾いてるけど。
From here you can watch the moss grow outside.	ここから外でコケが育つのが見えるんだ。
Slowly.	ゆっくりとね。
We plant as we drive.	走りながら種をまくんだ。
Mars will be green by the tracks.	轍沿いに火星が緑になるよ。
I'll be old when they're tall.	木が高くなるころには、私はおばあさんだね。
That's all right.	それでいいんだ。
Trees on Mars.	火星に木が。
My grandmother wouldn't believe it.	おばあちゃんは信じないだろうな。
After years of red, green hurts your eyes.	何年も赤ばかり見てたから、緑が目にしみるんだ。
In a good way.	いい意味でね。
Somebody will be born here one day.	いつかここで誰かが生まれるよ。
Under those trees.	あの木々の下でね。
We won't see Mars green.	私たちは緑の火星を見られない。
Our grandchildren might.	でも孫たちは見られるかもしれない。
{other} and I put up walls for the new families.	{other}と新しい家族のために壁を立てた。
Pink, they asked.	ピンクがいいって言われたよ。
Built bunk beds with {other}.	{other}と二段ベッドを作った。
Small ones.	小さいの。
For children.	子ども用にね。
{other} installed a real front door.	{other}が本物の玄関ドアを取りつけた。
With a doorbell.	呼び鈴つきで。
The quarters are done.	居住棟ができた。
{other} and I tested every bed.	{other}とベッドを全部試したよ。
A family moved in today.	今日、ある家族が引っ越してきた。
{other} and I carried their boxes.	{other}と荷物を運んだよ。
Sat by the landing stone.	着陸記念石のそばに座った。
Thought of the first sol.	最初のソルのことを思い出したよ。
Read the names on the plaque.	銘板の名前を読んだ。
Every one of us.	私たちみんなの名前。
It's been years.	もう何年もたった。
It feels like weeks.	数週間しかたってない気がするのに。
{friend} brought me tea at the stone.	{friend}が記念石までお茶を持ってきてくれた。
Quiet sol.	静かなソル。
Just me, the stone and all those memories.	私と記念石と、たくさんの思い出だけ。
Anniversary dance with {other}.	{other}と記念日のダンス。
Low gravity is good for spins.	低重力はスピンにもってこいだよ。
{other} gave a speech.	{other}がスピーチをしたんだ。
Nobody expected it to be funny.	誰もおもしろいなんて思ってなかった。
It was.	おもしろかったよ。
{other} wore their old flight suit.	{other}は昔の飛行服を着てきた。
Still fits.	まだ入るんだ。
{other} and I taught the children where water comes from.	{other}と子どもたちに水はどこから来るのか教えた。
The mine!	鉱山から！
A child asked {other} what rain is.	子どもが{other}に雨って何って聞いたんだ。
We tried to explain.	説明してみたよ。
{other} taught fractions with ration bars.	{other}は配給バーで分数を教えた。
Very popular.	大人気だったよ。
The children call me teacher.	子どもたちに先生って呼ばれるんだ。
{other} says I blushed.	{other}には赤くなってたって言われた。
Toys on the floor, drawings on the walls.	床にはおもちゃ、壁には絵。
It's a home now.	もうすっかり家だよ。
They planted it in rows.	列にして植えたんだ。
Crooked rows.	曲がった列。
Perfect rows.	完璧な列。
We voted on the design.	デザインは投票で決めたんだ。
Red and green.	赤と緑。
Obviously.	当然だよね。
They brought a piano.	ピアノを持ってきたんだ。
We have a piano now.	うちにもピアノがあるんだよ。
Families on Mars.	火星に家族が。
Children's laughter in the corridors.	廊下に子どもたちの笑い声。
I was so scared.	すごく怖かったんだ。
Nobody knew.	誰も知らなかったけど。
Now you do.	今はあなたが知ってる。
Earth's where I was born.	生まれたのは地球。
Ares is where I live.	暮らしてるのはアレス。
I stopped counting the sols.	ソルを数えるのをやめたんだ。
That's when I knew.	そのとき、わかったよ。
Rewound forty tapes with {other}.	{other}とビデオを四十本巻き戻した。
My thumbs hurt.	親指が痛い。
Worked the till at {place}.	{place}でレジを担当した。
{other} did the voices.	{other}は声まねをしてた。
Stacked the new releases with {other}.	{other}と新作を並べた。
Die Hard's already gone.	『ダイ・ハード』はもう貸し出し中。
{other} taught me the late-fee speech.	{other}に延滞料の説明の仕方を教わった。
I'm terrible at it.	私、すごく下手なんだ。
Walked the whole loop with my Walkman.	ウォークマンを聴きながらぐるっと一周歩いた。
Side A twice.	A面を二回。
Batteries died halfway round {place}.	{place}を半周したところで電池が切れた。
Hummed the rest.	残りは鼻歌で。
New mixtape from {friend}.	{friend}から新しいミックステープ。
Every song's a good one.	どの曲もいいんだ。
{other} and I got to world 8.	{other}とワールド8まで行った。
Then the power went.	そしたら停電。
Two controllers, one pizza, {other}.	コントローラーふたつ、ピザひとつ、{other}。
Perfect night.	完璧な夜。
{other} blew on the cartridge and it worked.	{other}がカセットに息を吹きかけたら動いた。
Science.	科学だね。
{other} knows every secret warp.	{other}は隠しワープを全部知ってるんだ。
Every single one.	ひとつ残らず。
Wrote to my pen pal in France.	フランスのペンフレンドに手紙を書いた。
{other} drew the stamps.	切手の絵は{other}が描いた。
{other} is writing to someone in Japan.	{other}は日本の誰かと文通してるんだ。
I'm jealous.	うらやましい。
Four pages to my pen pal.	ペンフレンドに四枚書いた。
{other} says that's too many.	{other}は長すぎるって。
Got a letter back from Brazil!	ブラジルから返事が来た！
{other} read it twice.	{other}が二回読んだよ。
The horror tapes are up high.	ホラーのビデオは高い棚にあるんだ。
Kids can't reach.	子どもの手は届かない。
In theory.	理屈ではね。
It rings all night on Fridays.	金曜は一晩じゅう鳴りっぱなし。
Mostly the same three songs.	だいたい同じ三曲だけど。
The Ferris wheel stops at the top.	観覧車はてっぺんで止まるんだ。
On purpose, I swear.	わざとだよ、絶対。
I won a goldfish once.	一度金魚をすくったんだ。
He lived nine years.	九年生きたよ。
It's held together with tape.	テープで留めてあるんだ。
The sticky kind and the music kind.	粘着テープと、音楽のテープでね。
The balcony seats squeak.	二階席はきしむんだ。
Everyone knows who's up there.	誰が上にいるかみんなにばれちゃう。
Swept up at {place}.	{place}を掃除した。
{other} sang the whole time.	{other}はずっと歌ってた。
Double shift with {other}.	{other}と通しのシフト。
My feet have opinions.	足が文句を言ってるよ。
Counted tips with {other}.	{other}とチップを数えた。
Enough for a movie.	映画一本分。
Almost.	ほぼね。
Got the long block right when I needed it.	必要なときに長い棒がちゃんと来た。
Once.	一回だけね。
{friend} beat my score.	{friend}に記録を抜かれた。
I'm taking it personally.	本気で悔しい。
Rented shoes with {other}.	{other}と靴を借りた。
They were still warm.	まだ温かかった。
Dollar night with {other}.	{other}と一ドルの夜。
Cheapest fun in town.	町でいちばん安い遊びだよ。
{other} keeps score in pen.	{other}はスコアをペンでつけるんだ。
No mercy.	容赦なし。
{other} and I watched them climb the Wall on TV.	テレビで人々が壁に登るのを{other}と見た。
We cried.	ふたりとも泣いたよ。
History's happening.	歴史が動いてる。
{other} made popcorn.	{other}はポップコーンを作った。
Taped the news for my grandkids.	孫のためにニュースを録画した。
{other} says I'm dramatic.	{other}には大げさだって言われた。
{other} says the whole world's changing.	世界じゅうが変わっていくって{other}が言うんだ。
Feels like it.	そんな気がする。
It's rigged.	仕組まれてるんだ。
The long block never comes.	長い棒は絶対来ない。
Never.	絶対にね。
Every show we ever did, on the shelf.	今までの番組が全部棚にあるんだ。
Some of them are awful.	ひどいのもあるけどね。
Four pictures for a dollar.	四枚で一ドル。
Everybody's been in here with somebody.	みんな誰かと一緒にここに入ったことがあるんだ。
My grandpa was born there.	おじいちゃんはあそこで生まれたんだ。
He called me, crying.	泣きながら電話してきたよ。
My date stepped on my feet all night.	相手に一晩じゅう足を踏まれた。
Still the best night.	それでも最高の夜だった。
The shoes smell.	靴がくさい。
Everyone agrees.	みんな認めてる。
Nobody minds.	誰も気にしてない。
Lane six is warped.	六番レーンは曲がってるんだ。
Locals know.	地元の人は知ってる。
{other} and I served two hundred pretzels.	{other}とプレッツェルを二百個売った。
I dream in pretzels.	夢にまでプレッツェルが出てくる。
Mall shift with {other}.	{other}とモールのシフト。
Same song on the speakers eleven times.	スピーカーから同じ曲が十一回。
The escalator broke.	エスカレーターが壊れた。
{other} and I pretended it was stairs.	{other}と階段だと思うことにした。
Tried on sunglasses with {other}.	{other}とサングラスを試着した。
Bought none.	一本も買わなかった。
Walked the whole mall with {other} twice.	{other}とモールを二周した。
Didn't buy a thing.	何も買わなかった。
The mall smells like cinnamon.	モールはシナモンのにおいがするんだ。
{other} says that's on purpose.	わざとだって{other}は言う。
{other} and I counted the reindeer on every lawn.	{other}と芝生のトナカイを数えた。
Forty-one.	四十一頭。
The Hendersons' house blinks in time to music.	ヘンダーソンさんの家は音楽に合わせて点滅するんだ。
{other} loved it.	{other}は大喜び。
Walked Elm Street with {other}.	{other}とエルム通りを歩いた。
Cocoa in paper cups.	紙コップのココアを持ってね。
{other} says our street needs more lights.	うちの通りにももっと明かりが必要だって{other}が言う。
Fair point.	もっともだね。
Lights, snow and {other}.	明かりと雪と{other}。
Best walk of the year.	一年でいちばんの散歩だった。
Shelved two carts of books.	ワゴン二台分の本を棚に戻した。
Found a letter from 1962 in one.	一冊に一九六二年の手紙がはさまってた。
Read to the little kids at story time.	お話の時間に小さい子たちに読み聞かせをした。
They wanted the scary one.	怖い話がいいって。
Fixed the card catalogue.	カード目録を直した。
Nobody will notice.	誰も気づかないだろうけど。
I will.	私は気づくよ。
Stamped due dates all afternoon.	午後じゅう返却日のスタンプを押してた。
Thunk, thunk, thunk.	とん、とん、とん。
Found the lost book behind the radiator.	なくした本はヒーターの裏にあった。
Case closed.	一件落着。
Kick it low on the left and it gives an extra quarter.	左下を蹴ると、二十五セント玉がもう一枚出てくるんだ。
It's four minutes fast.	四分進んでるんだ。
Every show starts early.	どの番組も早く始まっちゃう。
It's got a fountain inside.	中に噴水があるんだよ。
Inside!	中にだよ！
I still leave cookies out.	今でもクッキーを置いておくんだ。
For the tradition.	伝統だからね。
I've read every book in the teen section.	ティーン向けの棚の本は全部読んだよ。
The librarian knows everyone's secrets.	司書さんはみんなの秘密を知ってるんだ。
From their late books.	延滞してる本からね。
{other} and I wired up six houses.	{other}と六軒の配線をした。
Everyone wants MTV.	みんなMTVが見たいんだ。
Crawled under a porch with {other}.	{other}とポーチの下にもぐった。
Found a cat.	猫を見つけた。
Kept the cat.	飼うことにした。
{other} climbed the pole.	{other}が電柱に登った。
I held the ladder and prayed.	私ははしごを押さえて祈ってた。
Long day with {other}.	{other}と長い一日。
Every house had a dog.	どの家にも犬がいた。
Flannel, records, the whole afternoon.	ネルシャツにレコード、午後まるごと。
Grunge is comfortable.	グランジは楽ちんだよ。
Listened to the new album three times.	新しいアルバムを三回聴いた。
Still don't get it.	まだよくわからない。
Love it.	大好き。
{friend} lent me a record.	{friend}がレコードを貸してくれた。
I'm never giving it back.	絶対返さないよ。
It rained.	雨が降った。
I let it.	好きにさせておいた。
Records and a blanket.	レコードと毛布。
{other} and I wrote a song.	{other}と曲を作った。
It's loud.	うるさいやつ。
It's about the bus.	バスの歌だよ。
Three chords and {other} on drums.	コード三つと、ドラムの{other}。
We're a band now.	これでバンドだ。
The neighbours banged on the door.	お隣さんが扉をどんどんたたいた。
{other} took it as applause.	{other}は拍手だと思ってた。
{other} and I sorted cans behind {place}.	{other}と{place}の裏で空き缶を分別した。
Four hundred!	四百個！
Recycling bins on every corner now.	今じゃどの角にもリサイクル箱がある。
{other} painted them.	{other}が塗ったんだ。
Collected newspapers with {other}.	{other}と古新聞を集めた。
A mountain of them.	山のようにね。
Took the cans in with {other}.	{other}と空き缶を持っていった。
Twelve dollars for the fund.	基金に十二ドル。
It only plays the B-sides now.	今はB面しかかからないんだ。
Somebody rewired it.	誰かが配線をいじったの。
Me.	私がね。
Every name on here went on to do something.	ここに名前がある人はみんな、その後ひとかどの人になったんだ。
Nobody irons anything any more.	もう誰もアイロンなんてかけない。
I love it.	最高だよ。
We used to have four channels.	昔はチャンネルが四つだった。
Now I can't choose.	今は選べないよ。
The sea's bigger than it looks on TV.	海はテレビで見るより大きいよ。
Much bigger.	ずっと大きい。
My pager went off four times.	ポケベルが四回鳴った。
{other} ate my fries each time.	そのたびに{other}に私のポテトを食べられた。
On call all night with {other}.	{other}と一晩じゅう待機。
Nobody called.	誰からも呼ばれなかった。
Classic.	お約束だね。
Worked till two with {other}.	{other}と二時まで働いた。
The coffee gave up before we did.	コーヒーのほうが先に音を上げた。
Gymnastics at {place}.	{place}で体操を見た。
{other} tried a cartwheel.	{other}が側転をやってみた。
Ow.	いたた。
{other} knows every swimmer's name.	{other}は水泳選手の名前を全部知ってるんだ。
Every one.	ひとり残らず。
The whole diner stood up for the relay.	リレーでダイナーじゅうが立ち上がった。
{other} spilled a shake.	{other}はシェイクをこぼした。
Gold medal!	金メダル！
{other} and I hugged strangers.	{other}と知らない人とまで抱き合っちゃった。
{other} and I learned the whole dance.	{other}とダンスを全部覚えた。
Then forgot it.	それから全部忘れた。
{other} has boots now.	{other}がブーツを買ったんだ。
Real ones.	本物のやつ。
With spurs.	拍車つきで。
{other} yee-hawed.	{other}が「イーハー！」って叫んだ。
Taught CPR with {other}.	{other}と心肺蘇生法を教えた。
The dummy's called Stan.	人形の名前はスタン。
{other} bandaged my whole arm for practice.	練習で{other}に腕じゅう包帯を巻かれた。
It's still on.	まだ巻いたまま。
Six people learned the Heimlich.	六人がハイムリック法を覚えた。
{other} was the choking one.	のどを詰まらせる役は{other}。
First-aid class full.	応急手当の講習は満員。
{other} brought cookies.	{other}がクッキーを持ってきた。
For morale.	士気のためにね。
Three letters, top of the board, two years running.	ボードのいちばん上に三文字、二年連続。
Guess whose.	誰のか当ててみて。
It hums like a fridge.	冷蔵庫みたいにうなってるんだ。
Don't touch the big red switch.	大きな赤いスイッチには触らないで。
It's never been washed.	一度も洗ったことがないんだ。
The drivers say that's the secret.	運転手たちはそれが秘訣だって。
I wanted to be a gymnast.	体操選手になりたかったんだ。
I was a very bendy kid.	すごく体のやわらかい子だったんだよ。
I cried at the opening ceremony.	開会式で泣いちゃった。
All those flags.	あれだけの旗を見てね。
Mine beeps and my heart stops.	鳴るたびに心臓が止まりそうになるんだ。
Everyone's got one now.	今じゃみんな持ってる。
Even the dentist.	歯医者さんまで。
We used to swing off the rope into it.	昔はロープにぶら下がって飛びこんだんだ。
Still could.	今でもできるよ。
There's a catfish down there as big as a canoe.	あそこにはカヌーくらい大きなナマズがいるんだ。
Swear it.	本当だよ。
{other} and I got the printer working.	{other}とプリンターを動かした。
It screams.	悲鳴みたいな音がするんだ。
Installed a game on every computer.	全部のパソコンにゲームを入れた。
{other} says it's educational.	教育用だって{other}は言ってる。
{other} typed eighty words a minute.	{other}は一分間に八十語打てるんだ。
I did eight.	私は八語。
Carried monitors all day with {other}.	{other}と一日じゅうモニターを運んだ。
They weigh a ton.	すごく重いんだ。
{other} knows what all the beeps mean.	{other}はあのピーピー音の意味が全部わかるんだ。
I just nod.	私はうなずくだけ。
{other}'s kite went so high we lost it.	{other}の凧が高く上がりすぎて見失った。
Kite stuck in a tree.	凧が木に引っかかった。
{other} climbed.	{other}が登った。
I supervised.	私は監督。
{other} made a kite out of a trash bag.	{other}がごみ袋で凧を作った。
Flew better than mine.	私のよりよく飛んだよ。
{other} screamed at the water glass scene.	{other}はコップの水が揺れる場面で叫んだんだ。
The water glass!	コップの水だよ！
Saw it twice with {other}.	{other}と二回見た。
The T. rex was better the second time.	T・レックスは二回目のほうがよかった。
{other} wants to be a palaeontologist now.	{other}は今じゃ古生物学者になりたいんだって。
Line round the block.	ブロックをぐるっと囲む行列。
{other} brought chairs.	{other}が椅子を持ってきた。
Nine volcanoes at the science fair.	科学フェアに火山が九つ。
{other} judged by explosion.	{other}は爆発の大きさで審査した。
A kid built a robot.	ある子がロボットを作った。
It fell over.	倒れちゃったけど。
{other} clapped anyway.	{other}はそれでも拍手した。
Judged the science fair with {other}.	{other}と科学フェアの審査。
Everybody got a ribbon.	みんなにリボンをあげたよ。
{other} asked every kid a question.	{other}は全員の子に質問したんだ。
Every single kid.	ひとり残らず。
It does the books now.	今は帳簿をつけてくれるんだ。
I still check them by hand.	私はまだ手で確かめてるけど。
Every request since '88, pinned up.	八八年からのリクエストが全部貼ってあるんだ。
It's a history of the street.	この通りの歴史だよ。
Umbrellas, mittens, one trumpet.	傘、手袋、トランペットがひとつ。
Nobody's claimed the trumpet.	トランペットは誰も取りに来ない。
I had a dinosaur phase.	恐竜にはまった時期があったんだ。
It never really ended.	今も終わってないけど。
They found a bone in the quarry once.	一度、採石場で骨が見つかったんだ。
A cow's, but still.	牛のだったけど、それでもね。
My nephew says we'll all have one.	甥っ子は、そのうちみんな一台持つようになるって言うんだ。
I don't believe him.	信じられないよ。
I played a game where you die of dysentery.	赤痢で死ぬゲームをやったよ。
Educational.	教育的なやつ。
My dad made me one from newspaper.	パパが新聞紙で作ってくれたんだ。
It flew.	ちゃんと飛んだよ。
There's a kite in the big oak from 1979.	大きなオークの木に一九七九年の凧が引っかかってるんだ。
{other} and I made a hundred lattes.	{other}とラテを百杯作った。
I don't know what a latte is.	ラテが何なのか知らないけど。
{other} drew a heart in the foam.	{other}が泡にハートを描いた。
Customer cried.	お客さんが泣いちゃった。
Coffee house shift with {other}.	{other}とコーヒーハウスのシフト。
The poetry night ran long.	詩の朗読会が長引いたよ。
Burned my hand on the steamer.	スチーマーで手をやけどした。
{other} laughed, then helped.	{other}は笑って、それから助けてくれた。
{other} knows everyone's order.	{other}はみんなの注文を覚えてるんだ。
Everyone's.	みんなのだよ。
The modem screeched for a whole minute.	モデムが一分間ずっと金切り声をあげた。
Then I was online.	それからやっとオンラインに。
Downloaded a picture.	画像を一枚ダウンロードした。
It took all evening.	一晩かかった。
It's a cat.	猫の写真だった。
Someone picked up the phone and cut me off.	誰かが受話器を取って、切れちゃった。
Chatted with a stranger in Norway.	ノルウェーの知らない人とチャットした。
{friend} says be careful.	{friend}は気をつけなって。
I have an email address now.	メールアドレスができたんだ。
Nobody writes to it.	誰も送ってこないけど。
{other} read a poem about the night bus.	{other}が夜行バスの詩を朗読した。
Standing ovation.	スタンディングオベーションだったよ。
Open mic with {other}.	{other}とオープンマイク。
Someone played the spoons.	誰かがスプーンを演奏してた。
Bravely.	勇敢だった。
Snapped instead of clapping.	拍手の代わりに指を鳴らした。
{other} says that's the rule.	それが決まりだって{other}が。
{other} and I put Maple Street on the internet.	{other}とメイプル通りをインターネットに載せた。
It's blue and it blinks.	青くてちかちかするんだ。
Our page has a visitor counter.	うちのページには訪問者カウンターがあるんだ。
Eleven!	十一人！
Nine were {other}.	九人は{other}だけど。
{other} scanned a photo of the arcade.	{other}がアーケードの写真をスキャンした。
It took an hour.	一時間かかったよ。
Someone in Australia signed our guestbook.	オーストラリアの誰かがゲストブックに書きこんでくれた。
{other} screamed.	{other}が叫んだよ。
It runs the prize counter now.	今は景品カウンターを動かしてるんだ。
It thinks it's 1980.	自分は一九八〇年にいると思ってるけど。
Everything's CDs now.	今は何でもCD。
This one still spins on Sundays.	でも、これは日曜日になると今でも回るんだ。
Night Bus 6 goes out to the new houses now.	夜行バス6番は今じゃ新しい住宅地まで行くんだ。
All the way.	ずっと先までね。
My mother emailed me.	ママからメールが来た。
From the next room.	隣の部屋から。
There are nine sizes of coffee now.	今はコーヒーのサイズが九つもあるんだ。
I miss diner coffee.	ダイナーのコーヒーが恋しいよ。
The bad kind.	まずいやつ。
The good bad kind.	いい意味でまずいやつ。
The ferryman's been doing it forty years.	船頭さんは四十年やってるんだ。
He whistles.	口笛を吹いてるよ。
{other} and I got the old racing game running.	{other}と古いレースゲームを動くようにした。
Smells like 1987.	一九八七年のにおいがする。
New joystick, old cabinet.	新しいジョイスティックに古い筐体。
{other} did the wiring.	配線は{other}がやった。
The kids think the old machines are retro now.	子どもたちは古い機械をレトロだと思ってるんだ。
{other} feels ancient.	{other}は自分が化石になった気分だって。
Fixed three machines with {other}.	{other}と三台直した。
Played them all.	全部遊んでみた。
Quality control.	品質管理だよ。
{other} and I found the photo from the first Bike Race.	{other}と最初の自転車レースの写真を見つけた。
Look at our hair!	ふたりの髪型を見て！
Old photos with {other}.	{other}と古い写真。
We were so young.	若かったなあ。
And so permed.	それにパーマだらけ。
{other} cried at the prom pictures.	{other}はプロムの写真で泣いちゃった。
Found a picture of the street in 1987.	一九八七年の通りの写真を見つけた。
Everything's different.	何もかも違う。
Nothing is.	何ひとつ変わってない。
{other} labelled every photo.	{other}が写真に全部ラベルを貼った。
Names, dates, bad jokes.	名前、日付、くだらない冗談。
Reunion planning with {other}.	{other}と同窓会の計画。
The theme is 'We Survived'.	テーマは「生き延びました」。
{other} wants a DJ.	{other}はDJがいいって。
I want K-88.	私はK-88がいい。
K-88 it is.	K-88に決まり。
Made name tags with {other}.	{other}と名札を作った。
With our old yearbook photos.	昔の卒業アルバムの写真つきで。
Wrote down everything since '87.	八七年からのことを全部書き留めた。
Filled a whole notebook.	ノートが一冊いっぱいになったよ。
Asked the old-timers about the street.	古株の人たちに通りのことを聞いた。
They talked for hours.	何時間も話してくれた。
Found the arcade's first receipt.	アーケードの最初のレシートを見つけた。
Forty cents.	四十セント。
For everything.	全部で。
Every house has a story.	どの家にも物語があるんだ。
I'm getting them all down.	全部書き留めてるところ。
The history's done.	歴史が書き上がった。
It's mostly about parties.	ほとんどパーティーの話だけど。
They put up a new one.	新しいのに付け替えられたんだ。
I kept this one.	これは私が取っておいた。
Everything happened that year.	あの年は何でも起きたんだ。
Everything.	何もかもね。
A phone in your pocket.	ポケットに電話。
Who'd you even call?	いったい誰にかけるの？
The arcade's the only place with no phones ringing.	電話が鳴らないのはアーケードだけ。
Keep it that way.	そのままにしておこう。
{other} and I wore the name tags.	{other}と名札をつけた。
Mine's spelled wrong.	私の名前はつづりが間違ってる。
Worked the registers with {other}.	{other}とレジ打ち。
Beep, beep, beep, all day.	一日じゅう、ピッ、ピッ、ピッ。
Lay in the field and watched the comet.	野原に寝ころんで彗星を見た。
It has a tail.	尾があるんだ。
A real tail.	本物の尾が。
The comet was there again tonight.	今夜も彗星がいた。
Like an old friend.	古い友だちみたいに。
{friend} brought binoculars.	{friend}が双眼鏡を持ってきてくれた。
The comet got closer.	彗星が近くなった。
Fell asleep under the comet.	彗星の下で寝ちゃった。
Dreamed of space.	宇宙の夢を見たよ。
The whole street was out looking up.	通りじゅうの人が外に出て空を見上げてた。
I was the last to go in.	最後まで残ってたのは私。
{other} and I watched the last movie at the drive-in.	{other}とドライブインシアターの最後の映画を見た。
We cried at the credits.	エンドロールで泣いちゃった。
The drive-in's closing.	ドライブインシアターが閉まる。
{other} brought the same blanket as in '87.	{other}は八七年と同じ毛布を持ってきた。
{other} honked the horn at the end.	最後に{other}がクラクションを鳴らした。
Everyone did.	みんなも鳴らしたよ。
{other} took a piece of the old screen home.	{other}は古いスクリーンのかけらを持ち帰った。
For luck.	縁起物にね。
{other} and I made a plan to keep the arcade open.	{other}とアーケードを続ける計画を立てた。
It involves pizza.	ピザがからんでる。
Wrote a list with {other} of every reason the arcade matters.	アーケードが大事な理由を{other}と全部書き出した。
It's long.	長いリストだよ。
{other} wants a retro night.	{other}はレトロナイトをやりたいって。
Old machines, old prices.	古い機械、昔の値段。
{other} and I agreed.	{other}と意見が一致した。
The arcade stays.	アーケードは残す。
Whatever it takes.	何があっても。
All the old machines, together.	古い機械が全部そろってる。
The kids call it the museum.	子どもたちは博物館って呼んでるよ。
You can see the whole street from here.	ここから通りが全部見えるんだ。
I've watched it grow up.	通りが大人になるのを見てきたよ。
Night Bus 6 still runs.	夜行バス6番は今でも走ってる。
Every night since 1987.	一九八七年から毎晩ね。
It comes once in a lifetime.	一生に一度しか来ないんだ。
Maybe twice, if you're lucky.	運がよければ二度。
Everyone looked up at the same time.	みんなが同時に空を見上げた。
That was the best part.	それがいちばんよかったんだ。
It's got everything.	何でもそろってる。
It hasn't got anything, if you know what I mean.	でも何もない、って言えばわかるかな。
I miss the corner store.	角の店が恋しいよ。
It knew my name.	私の名前を知ってたもの。
Ten years of quarters.	十年分の二十五セント玉。
Must be a million by now.	もう百万枚くらいになってるはず。
Fishing with {other}.	{other}と漁。
The herring practically jumped in.	ニシンが自分から飛びこんできそうだった。
{other} caught a fish as long as a flipper.	{other}がひれくらい長い魚を捕ったの。
Longer.	もっと長かったかも。
Stacked the catch at {place} with {other}.	{place}で{other}と獲物を積み上げた。
A mountain of silver.	銀色の山だよ。
Ate six herring.	ニシンを六匹食べた。
Slept like a seal.	アザラシみたいに眠ったよ。
Too full to waddle.	おなかいっぱいでよちよち歩けない。
Napped where I sat.	座ったところで昼寝した。
{friend} saved me the fattest fish.	{friend}がいちばん太った魚を取っておいてくれた。
Then I slept.	それから寝たよ。
Full belly, warm feathers, quiet ice.	いっぱいのおなか、暖かい羽、静かな氷。
Dreamed of more fish.	もっと魚の夢を見た。
Woke up hungry.	起きたらおなかぺこぺこ。
Swapped fish stories with {other}.	{other}と魚の話を交換した。
Mine are true.	私のは本当だよ。
{other} says a fish winked at them.	魚にウインクされたって{other}は言うんだ。
{other} acted out the whole catch.	{other}が漁の一部始終を演じてみせた。
Flipper by flipper.	ひれの動きまでね。
{other} and I counted every fish.	{other}と魚を全部数えた。
Different answers.	答えが違った。
The vault's fuller than it's ever been.	貯蔵庫がこれまででいちばんいっぱいなの。
{other} danced.	{other}が踊ってた。
{other} says we'll eat well all winter.	冬じゅうおなかいっぱい食べられるって{other}が言う。
I say so too.	私もそう思う。
Sorted the fish by size with {other}.	{other}と魚を大きさ順に並べた。
Very satisfying.	すごくすっきり。
The oldest fish are at the back.	いちばん古い魚は奥にあるの。
Nobody wants those.	誰も欲しがらないけど。
Every fish on the line is someone's catch.	縄の魚はどれも誰かの獲物なの。
Mine's the big one.	私のは大きいやつ。
Scratched in ice.	氷に刻んであるの。
Every catch since the first thaw.	最初の雪どけからの獲物が全部。
A good herring is better than a pebble.	いいニシンは小石よりいいんだよ。
They swim in circles when they're scared.	魚はこわいとぐるぐる泳ぐの。
Like me.	私みたいに。
{other} and I counted four whales.	{other}とクジラを四頭数えた。
One waved.	一頭が手を振ったんだ。
I swear.	本当だよ。
Whale watch with {other}.	{other}とクジラの見張り。
The sea steamed when they breathed.	クジラが息をすると海から湯気が立ったよ。
{other} warned the fishers off the whales' path.	{other}が漁師たちにクジラの通り道から離れるよう知らせた。
Just in time.	間一髪だった。
The whales stayed all day.	クジラが一日じゅういたの。
{other} and I stayed too.	{other}と私もずっといたよ。
Lay flat on the ice.	氷の上にぺたっと寝そべった。
The whales sang right through it.	クジラの歌が氷ごしに響いてきたよ。
{friend} says the whales sing about us.	クジラは私たちのことを歌ってるって{friend}が言うの。
I hope nicely.	いい歌だといいな。
Fell asleep to the whales.	クジラの歌を聴きながら寝ちゃった。
Best sleep in months.	ここ何か月かでいちばんよく眠れたよ。
Swam alongside a whale with {other}.	{other}とクジラと並んで泳いだの。
It was so big.	すごく大きくて。
So gentle.	すごくやさしかった。
{other} touched a whale.	{other}がクジラに触ったの。
A whale!	クジラにだよ！
On the flipper!	ひれで！
The whale looked at {other} and me.	クジラが{other}と私を見たの。
We looked back.	私たちも見返したよ。
Swam with {other} in the whales' shadow.	{other}とクジラの影の中を泳いだ。
Cool and blue.	ひんやりして青かった。
{other} and I made up a whale song.	{other}とクジラの歌を作ったの。
The chicks sing it now.	今じゃひなたちが歌ってるよ。
Taught the whale song to the colony with {other}.	{other}とコロニーにクジラの歌を教えた。
Very deep.	すごく低い歌なの。
The whale song has nine verses now.	クジラの歌は今九番まであるの。
{other} wants ten.	{other}は十番にしたいって。
Sang the whale song with {other} at the edge.	{other}と端っこでクジラの歌を歌ったの。
A whale sang back.	クジラが歌い返してきたよ。
Best seat for whales.	クジラを見るならいちばんの席。
Bring a fish, it's a long wait.	魚を持ってきてね、長く待つから。
It's been here longer than the colony.	コロニーより前からここにあるの。
We lean on it.	みんなで寄りかかってるよ。
Scratch a mark every time the whales come.	クジラが来るたびに印を刻むの。
Look how many.	ほら、こんなにたくさん。
A whale looked me in the eye once.	一度クジラと目が合ったの。
I've never forgotten.	ずっと忘れられないよ。
Everyone in the colony sings.	コロニーのみんなが歌うの。
Some of us well.	上手な子もいるよ。
I dove deeper than anyone once.	一度、誰よりも深く潜ったことがあるの。
Nobody saw.	誰も見てなかったけど。
It counts.	それでも数に入るよ。
{other} and I refilled every lantern on the bridge.	{other}と橋のランタンを全部補充したよ。
Lamp rounds with {other}.	{other}とランプの見回り。
The bridge glows like a necklace.	橋がネックレスみたいに光ってる。
{other} trimmed the wicks.	{other}が芯を切りそろえた。
I carried the oil.	私が油を運んだ。
A lamp blew out.	ランプが消えちゃった。
{other} relit it in the wind.	{other}が風の中でまた灯したよ。
It's dark all day.	一日じゅう暗いの。
I'm sleeping all day.	だから一日じゅう寝てる。
Fair.	当然でしょ。
Dreamed of the sun.	太陽の夢を見たの。
It's coming back.	戻ってくるよ。
Slept warm in the middle of the huddle.	ハドルの真ん中で暖かく寝られた。
Lucky me.	ついてる。
{other} and I shuffled round the huddle all night.	{other}と一晩じゅうハドルの中をぐるぐる回った。
Warm and slow.	暖かくて、ゆっくり。
{other} told the whole huddle a story.	{other}がハドルのみんなにお話をしたの。
Nobody slept.	誰も寝なかったよ。
Took my turn on the cold edge with {other}.	{other}と冷たい外側の番をした。
Then back to the middle.	それから真ん中に戻った。
{other} kept my feet warm.	{other}が私の足を温めてくれた。
I kept their beak warm.	私はその子のくちばしを温めた。
Fair trade.	公平な取引だね。
Every verse of the long night song, with {other}.	長い夜の歌を{other}と全部歌った。
Forty-two.	四十二番まで。
{other} taught the chicks the night song.	{other}がひなたちに夜の歌を教えたの。
They sang it wrong.	間違えて歌ってた。
Sweetly.	かわいかったよ。
The whole colony joined in.	コロニーのみんなが加わったの。
{other} conducted with a fish.	{other}は魚で指揮してた。
It never goes out.	絶対に消えないの。
We take turns.	交代で守ってるんだ。
Always.	いつだって。
Seal oil for the lamps.	ランプ用のアザラシ油。
It smells.	くさいんだ。
It glows.	光るの。
Whoever keeps watch sits here.	見張り番がここに座るの。
It's the coldest seat.	いちばん冷たい席だよ。
Weeks without the sun.	何週間も太陽がないの。
You learn who your friends are.	誰が本当の友だちかわかるよ。
In the huddle nobody's alone.	ハドルの中では誰もひとりじゃないの。
That's the whole point.	それがいちばん大事なこと。
I've been in the middle and on the edge.	真ん中にも外側にもいたことがあるの。
The middle's better.	真ん中のほうがいいね。
My mother kept the bridge lanterns.	母さんが橋のランタンを守ってたの。
Now I do.	今は私が守ってる。
{other} and I watched the water all day.	{other}と一日じゅう水を見張ってた。
No seal.	アザラシはなし。
Seal watch with {other}.	{other}とアザラシの見張り。
Every ripple made us jump.	さざ波のたびにびくっとしたよ。
{other} spotted the seal's head.	{other}がアザラシの頭を見つけたの。
We squawked the alarm.	ギャーッて警報を鳴らしたよ。
Watched the fishers dive with {other}.	{other}と漁師たちが潜るのを見守った。
All came back.	みんな戻ってきたよ。
The seal gave up and left.	アザラシがあきらめて去っていったの。
{other} and I cheered.	{other}と歓声をあげたよ。
Rested up high where nothing can reach me.	何も届かない高いところで休んだ。
Sat on the high ice and watched the water.	高い氷の上に座って水を眺めてた。
Calm today.	今日は穏やか。
{friend} says I'm too careful.	{friend}は私が慎重すぎるって言うの。
I'm alive, aren't I?	でも生きてるでしょ？
Napped on the highest ledge.	いちばん高い岩棚で昼寝した。
Woke up braver.	起きたら勇気が出てた。
{other} and I dove together.	{other}と一緒に潜ったの。
Eyes open, flippers ready.	目を開けて、ひれを構えて。
Swam in a pair with {other}.	{other}とふたり一組で泳いだ。
We came back with fish and nerves.	魚と、どきどきを持って帰ってきたよ。
{other} watched my back.	{other}が私の背中を見張ってた。
I watched their tail.	私はその子のしっぽを見張ってた。
Buddy swim with {other}.	{other}とバディで泳いだ。
We're getting good at this.	だんだん上手になってるよ。
{other} and I agreed on a signal.	{other}と合図を決めたの。
Two flaps means swim.	二回ぱたぱたしたら泳げって意味。
Swim lesson with {other}.	{other}と泳ぎの授業。
Every chick knows the alarm now.	どのひなも警報がわかるようになったよ。
{other} played the seal.	{other}がアザラシ役をやったの。
The chicks swam away beautifully.	ひなたちは見事に逃げたよ。
Taught escape turns with {other}.	{other}と逃げるときの回り方を教えた。
Quick left, quick right.	すばやく左、すばやく右。
{other} says the young ones are faster than us now.	若い子たちはもう私たちより速いって{other}が言うの。
True.	本当だね。
The seal can't reach this one.	ここならアザラシは届かないの。
We checked.	確かめたよ。
Carefully.	慎重にね。
It has a smile like a crack in the ice.	氷の割れ目みたいな笑い方をするの。
Not a nice smile.	いやな笑い方。
It's just hungry.	おなかがすいてるだけなんだよ。
Everyone's just hungry.	みんなおなかがすいてるだけ。
Brave isn't not being scared.	勇敢っていうのは怖くないことじゃないの。
It's diving anyway.	それでも潜ることなの。
In the water I'm fast and graceful.	水の中では速くて優雅なの。
On land, less so.	陸の上では、そうでもないけど。
I learned to swim by falling in.	落っこちて泳ぎを覚えたの。
Most of us did.	みんなそうだったよ。
{other} and I tapped every span.	{other}と橋桁を全部たたいてみた。
Three sound hollow.	三つが空洞の音がした。
Tested the ice with {other}.	{other}と氷を確かめた。
It's thinner than last year.	去年より薄くなってる。
{other} marked the thin ice with pebbles.	{other}が薄い氷に小石で印をつけたの。
Don't step there.	そこは踏まないでね。
Surveyed the floe with {other}.	{other}と浮氷を調べた。
It's smaller.	小さくなってる。
Still ours.	それでも私たちの場所だよ。
{other} fell through a thin patch.	{other}が薄いところを踏み抜いたの。
Just to the knees.	ひざまでだけ。
We laughed after.	あとで笑ったよ。
Drifted on a floe all afternoon.	午後じゅう浮氷に乗って漂ってた。
It brought me back.	ちゃんと戻ってこられたよ。
The early thaw means warm sun.	雪どけが早いってことは、日差しが暖かいってこと。
I'm not complaining.	文句はないよ。
{friend} waved from the shore.	{friend}が岸から手を振ってくれた。
I waved from the floe.	私は浮氷から振り返した。
Moving day with {other}.	{other}と引っ越しの日。
Every pebble counted, every egg safe.	小石は全部数えて、卵はみんな無事。
{other} carried the eggs.	{other}が卵を運んだ。
I carried the pebbles.	私が小石を運んだ。
And the worry.	心配ごともね。
The new nests are on solid ice.	新しい巣はかたい氷の上。
{other} checked with a stomp.	{other}が足踏みして確かめたよ。
Helped {other} build a nest.	{other}の巣作りを手伝ったの。
It's the best one.	いちばんいい巣だよ。
Don't tell the others.	ほかの子には内緒ね。
{other} and I packed snow into the cracks.	{other}と割れ目に雪を詰めた。
The bridge holds.	橋は持ちこたえてるよ。
Mended two spans with {other}.	{other}と橋桁をふたつ直した。
The bridge creaks less.	橋のきしみが減ったよ。
{other} found driftwood for the worst span.	{other}がいちばんひどい橋桁用に流木を見つけてきたの。
Clever.	賢いね。
{other} and I crossed the mended bridge first.	直した橋を{other}と最初に渡った。
It opened in the thaw.	雪どけで開いたの。
We watch it like a hawk.	タカみたいに見張ってるよ。
A penguin hawk.	ペンギンのタカね。
The thaw made a pool.	雪どけで池ができたの。
The chicks think it's for them.	ひなたちは自分たちのためのだと思ってる。
Every thaw we redraw it.	雪どけのたびに描き直すの。
It gets smaller.	だんだん小さくなってる。
The ice sings when it cracks.	氷は割れるときに歌うの。
A sad song.	悲しい歌をね。
Every thaw the floe's a little smaller.	雪どけのたびに浮氷は少しずつ小さくなる。
We manage.	なんとかやってるよ。
I've built eleven nests.	巣を十一個作ってきたの。
This one's the best.	これがいちばんいい。
The ice changes.	氷は変わる。
So do we.	私たちも変わる。
That's being a colony.	それがコロニーってもの。
My grandmother's floe is sea now.	おばあちゃんの浮氷は今じゃ海。
She'd shrug.	おばあちゃんなら肩をすくめるだけだね。
Carried pebbles across to the new floe with {other}.	{other}と新しい浮氷まで小石を運んだ。
Many trips.	何往復もね。
{other} dug the first shelter on the new floe.	{other}が新しい浮氷に最初の避難所を掘ったの。
It's snug.	ぬくぬくだよ。
The new floe has a name now.	新しい浮氷に名前がついたの。
{other} chose it.	{other}がつけたんだ。
It's silly.	変な名前。
Floated between the floes.	浮氷の間にぷかぷか。
Home on both sides.	どっちを向いても家だよ。
The channel's calm.	水路は穏やか。
I lay on my back and watched the sky.	あおむけになって空を眺めてた。
{friend} swam past and splashed me.	{friend}が泳いできて水をかけてきた。
Then floated too.	それから一緒に浮かんでた。
Halfway between old and new.	古い場所と新しい場所のちょうど真ん中。
A good place to think.	考えごとにはいい場所だよ。
The water's warmer between the floes.	浮氷の間の水はちょっと温かいの。
Nobody knows why.	なぜかは誰も知らないけど。
Visited the new floe with {other}.	{other}と新しい浮氷を訪ねた。
They've got a better slide.	向こうのほうがいいすべり台があるの。
{other} misses the old floe.	{other}は古い浮氷が恋しいって。
I showed them the new sunset.	新しい夕日を見せてあげたよ。
Supper across the water with {other}.	{other}と海の向こうで夕食。
We swam home full.	おなかいっぱいで泳いで帰ったよ。
{other} and I raced back from the new floe.	新しい浮氷から{other}と競泳で帰った。
Tie.	引き分け。
Council across two floes with {other}.	{other}とふたつの浮氷にまたがる評議会。
Lots of shouting across water.	水ごしにたくさん叫び合ったよ。
{other} proposed a bridge between the floes.	{other}が浮氷の間に橋をかけようって提案したの。
Everyone cheered.	みんな歓声をあげたよ。
Voted with {other} at the double council.	{other}と合同評議会で投票した。
We're one colony.	私たちはひとつのコロニーだよ。
{other} gave a speech about home.	{other}がふるさとについてスピーチしたの。
Both floes went quiet.	両方の浮氷が静まりかえったよ。
The berg drifts back and forth.	氷山が行ったり来たりするの。
We ride it for free.	タダで乗せてもらってるよ。
Half the stones on each floe.	石が半分ずつ両方の浮氷にあるの。
We shout across.	水ごしに叫び合うんだ。
It's flatter than ours.	うちのより平らなの。
Better for sliding.	すべるにはそっちのほうがいいよ。
Half my family lives there now.	家族の半分は今あっちに住んでるの。
I visit every day.	毎日会いに行ってるよ。
I swim it twice a day.	一日に二回泳いで渡ってるの。
My flippers are strong now.	ひれが強くなったよ。
{other} and I practised the anthem nine times.	{other}とコロニーの歌を九回練習した。
Nearly there.	もう少し。
Choir practice with {other}.	{other}と合唱の練習。
The low notes rattle the ice.	低い音で氷がびりびりするの。
{other} kept time with a flipper.	{other}がひれで拍子をとってくれた。
I kept losing it.	私はすぐずれちゃう。
Sang the harmony with {other}.	{other}とハーモニーを歌った。
It worked!	うまくいった！
Once!	一回だけ！
The choir says otherwise.	合唱団はそうは思ってないけど。
Hummed every song I know at {place}.	{place}で知ってる歌を全部口ずさんだ。
Took all afternoon.	午後いっぱいかかったよ。
Made up a tune.	メロディーを思いついた。
Forgot it.	忘れた。
Made up another.	また別のを思いついた。
Sang to the sea.	海に向かって歌った。
The sea didn't mind.	海は気にしてなかったよ。
Humming's how I rest.	鼻歌を歌うのが私の休み方なの。
Always has been.	昔からずっとね。
{other} sang a verse about me.	{other}が私の歌詞を歌ってくれたの。
It was nice.	よかったよ。
Song circle with {other}.	{other}と歌の輪。
Everyone took a verse.	みんなひと節ずつ歌ったの。
{other} and I sang a duet.	{other}とデュエットした。
The gulls left.	カモメが逃げていったよ。
{other} can hold a note longer than anyone.	{other}は誰よりも長く音をのばせるの。
Showed off all night.	一晩じゅう見せびらかしてたよ。
{other} and I wrote a song about the bridge.	{other}と橋の歌を作ったの。
Nine verses.	九番まで。
{other} found the rhyme for 'herring'.	{other}が「ニシン」と韻を踏む言葉を見つけたの。
I'm still amazed.	今でもびっくりしてる。
New song with {other}.	{other}と新しい歌。
It's about all of us.	私たちみんなの歌だよ。
{other} wants the song sad.	{other}は悲しい歌にしたいって。
I want it funny.	私は楽しい歌にしたい。
It's both.	両方になったよ。
Taught our new song to the chicks with {other}.	{other}とひなたちに新しい歌を教えたの。
They sing it everywhere.	どこでも歌ってるよ。
Every song the colony ever made.	コロニーが作った歌が全部。
Every penguin has a call of their own.	ペンギンはみんな自分だけの鳴き声があるの。
Mine's a bit squeaky.	私のはちょっとキーキーしてる。
We're not good.	上手じゃないけど。
I sing the low part.	私は低いパート。
Somebody has to.	誰かが歌わなきゃね。
The old songs are about the ice.	昔の歌は氷の歌。
The new ones are about us.	新しい歌は私たちの歌。
My grandmother knew a hundred songs.	おばあちゃんは歌を百曲知ってたの。
I know twelve.	私は十二曲。
{other} and I scratched down every colour.	{other}と色を全部刻んだ。
Eleven tonight.	今夜は十一色。
Logged the aurora with {other}.	{other}とオーロラを記録した。
The sky went purple at midnight.	真夜中に空が紫になったよ。
{other} says tonight was the brightest ever.	今夜がいちばん明るかったって{other}は言うの。
I agree.	私もそう思う。
Stayed up logging with {other}.	{other}と夜通し記録。
Our eyes are full of green.	目の中が緑でいっぱい。
{other} drew the aurora on the ice.	{other}が氷にオーロラを描いたの。
It almost moved.	動きだしそうだったよ。
Up all night for the lights.	光のために一晩じゅう起きてた。
Asleep all day.	一日じゅう寝てた。
{friend} woke me for the second show.	{friend}が二回目のショーのために起こしてくれたの。
Glad they did.	起きてよかった。
Too tired to fish.	疲れすぎて漁に行けない。
Too happy to care.	幸せすぎて気にならない。
Slept with my beak pointed at the sky.	くちばしを空に向けて寝たの。
Just in case.	念のためね。
The whole sky went green.	空一面が緑になったの。
{other} gasped.	{other}が息をのんだ。
Watched the aurora storm with {other}.	{other}とオーロラの嵐を眺めた。
We forgot the cold.	寒さも忘れちゃった。
{other} and I named the colours.	{other}と色に名前をつけたの。
Fish-green is my favourite.	お魚グリーンがお気に入り。
Legend night with {other}.	{other}と伝説の夜。
The chicks believed every word.	ひなたちは一言残らず信じてたよ。
{other} made the legend scary.	{other}は怖い話にしたの。
I made it end well.	私は幸せな結末にした。
Told the old aurora tale with {other}.	{other}と昔のオーロラの話をした。
My grandmother's version.	おばあちゃんが話してくれたとおりにね。
{other} and I made up a new legend.	{other}と新しい伝説を作ったの。
The chicks want it every night.	ひなたちは毎晩聞きたがってるよ。
No lanterns here.	ここにはランタンがないの。
Best place for the lights.	光を見るにはいちばんの場所だよ。
Every storm, every colour.	嵐も色も全部。
The council's proudest ice.	評議会がいちばん誇りにしてる氷だよ。
The lights crackle if you listen.	耳をすますと、光がぱちぱちいうの。
Nobody believes me.	誰も信じてくれないけど。
I've seen a thousand auroras.	オーロラは千回も見たよ。
Every one's new.	毎回新しいの。
Every legend has a bit of truth.	どの伝説にも少しは本当のことがあるの。
Usually a fish.	たいていは魚のことだけど。
I'll be a legend one day.	いつか私も伝説になるよ。
A small one.	小さい伝説にね。
{other} and I found the currents the flocks use.	{other}と群れが使う海流を見つけたの。
Fast water!	流れが速い！
Scouted south with {other}.	{other}と南を偵察した。
The sea goes on forever.	海がどこまでも続いてるの。
Counted the flocks passing with {other}.	{other}と通り過ぎる群れを数えた。
Thousands.	何千羽も。
{other} says the route is safe this year.	今年の道は安全だって{other}は言うの。
The currents agree.	海流もそう言ってる。
Rested on the waypoint berg.	目印の氷山で休んだ。
Half the world's penguins passed me.	世界の半分のペンギンが通り過ぎていったよ。
The berg drifts slowly.	氷山はゆっくり漂うの。
I drift with it.	私も一緒に漂ってる。
A flock stopped to rest with us.	ある群れがうちで休んでいったの。
{other} shared the fish.	{other}が魚を分けてあげたよ。
Traded songs with the passing flocks.	通り過ぎる群れと歌を交換したの。
{other} learned four.	{other}は四曲覚えたよ。
{other} waved at every single flock.	{other}は群れひとつひとつに手を振ってたの。
The migration map has every current and every berg.	渡りの地図には海流も氷山も全部あるの。
{other} is proud.	{other}は誇らしげだよ。
{other} added where the whales sing.	{other}がクジラの歌う場所を書き足したの。
Important.	大事だからね。
{other} says the map will outlast us all.	この地図は私たちみんなより長生きするって{other}は言うの。
Fish for passing flocks.	通り過ぎる群れのための魚。
Take one, leave a song.	一匹持っていったら、歌をひとつ置いていってね。
One day I'll go with them.	いつか私もついていくんだ。
Just to see.	見てみるだけでもね。
Everyone passes through.	みんな通り過ぎていく。
We're the ones who stay.	残るのは私たちなの。
Don't let anyone touch my high score.	私のハイスコアには誰も触らせないでね。
I'll be back at Christmas.	クリスマスには帰ってくるから。
College!	大学だ！
I packed three sweaters and no socks.	セーターを三枚詰めて、靴下はゼロ。
Write to me.	手紙ちょうだい。
Tape the radio show for me.	ラジオ番組、録音しておいてね。
My locker's next to the gym.	ロッカーが体育館の隣なの。
Senior year.	最終学年。
Everyone keeps asking what I'll do next.	みんな、次はどうするのって聞いてくるんだ。
Signed off for surface work.	地表作業の許可が出た。
My own suit, with my name on it!	自分の名前入りの宇宙服だよ！
The water was so cold!	水がすっごく冷たい！
I want to go again!	また行きたい！
Grown up at last.	ついに一人前。
The water's mine now.	海はもう私のものだよ。
I'll look after it.	ちゃんと守るよ。
I won't let anyone down.	誰もがっかりさせない。
Me?	私が？
Really?	本当に？
All right.	わかった。
I'll do it properly.	ちゃんとやるよ。
I've watched how it's done.	やり方はずっと見てきたから。
I'm ready.	準備はできてるよ。
Tiny and grey and already hungry.	ちっちゃくて灰色で、もうおなかぺこぺこ。
Listen to that peeping!	あのピヨピヨ聞いて！
The whole floe can hear it.	浮氷じゅうに聞こえるよ。
New fluff on the ice.	氷の上に新しいふわふわ。
I'm in love.	もうめろめろ。
Welcome to Ares.	アレスへようこそ。
Two new bunks made up.	寝台をふたつ整えたよ。
A moving van at midnight.	真夜中の引っ越しトラック。
Only on Maple Street.	メイプル通りならではだね。
A new face on the floe.	浮氷に新しい顔。
Come and get warm.	こっちに来て暖まって。
Two new faces on the floe.	浮氷に新しい顔がふたつ。
Best two windows of my life.	人生でいちばんの打ち上げ時期二回分だったよ。
Look after the wheat for me.	小麦をよろしくね。
It's a great job.	すごくいい仕事なんだ。
I'll be back for the Block Party.	ブロックパーティーには戻ってくるよ。
The sea's so big.	海ってすごく大きいんだもの。
I want to see it.	見てみたいの。
Back by the thaw!	雪どけまでには戻るよ！
It's not you.	あなたたちのせいじゃないんだ。
It's the dust.	砂ぼこりのせい。
And the quiet.	それに静けさ。
Mostly the quiet.	ほとんど静けさだね。
There's a mall and a parking space.	モールがあって駐車場もある。
What more could I want?	これ以上何を望むっていうの？
The berg's going somewhere.	この氷山、どこかへ行くみたい。
I'm going with it.	私も一緒に行くよ。
I'll tell them about you on Earth.	地球でみんなのこと話しておくよ。
The good bits.	いいところをね。
Two windows here.	ここでの打ち上げ時期二回分。
It felt like ten years.	十年くらいに感じたよ。
I mean that kindly.	いい意味でね。
Keep my bunk warm.	私の寝台、温めておいて。
No, don't.	いや、やっぱりいいや。
Nothing was keeping me here.	ここに引きとめるものは何もなかった。
Take care of the street.	通りをよろしくね。
The van's loaded.	トラックに荷物を積んだよ。
Wave me off?	手を振って見送ってくれる？
I'll send a postcard.	絵はがき送るよ。
The flocks are going south.	群れが南へ行くの。
So am I.	私も行く。
Don't wait up.	待たなくていいよ。
The sea's calling.	海が呼んでるの。
Earth can manage without me.	地球は私がいなくてもやっていける。
Ares can't.	アレスはそうはいかない。
Yellow.	黄色。
So everyone knows it's mine now.	これで私の家だってみんなにわかるでしょ。
My name's on the stone.	石に私の名前がある。
That means I'm staying.	それは残るってことなの。
I sent the papers.	書類を送ったよ。
This is home now.	ここが家なんだ。
I signed the mortgage.	住宅ローンに署名したよ。
I'm a Maple Street lifer now.	これで一生メイプル通りの住人だ。
Filters and mail.	フィルターと郵便。
I don't know which I'm happier about.	どっちがうれしいかわからないよ。
Real coffee.	本物のコーヒー。
Nobody touch it.	誰も触らないで。
A wheel!	車輪だ！
Kestrel can stop limping.	これでケストレルも足を引きずらなくて済む。
Bread that rises.	ふくらむパン。
I could cry.	泣きそう。
Who ordered a guitar?	ギターを頼んだの誰？
Not complaining.	文句はないけど。
Real soil.	本物の土。
Peaches and the stars.	桃と星。
Good window.	いい打ち上げ時期だね。
Socks.	靴下。
Dry, clean socks.	乾いた、きれいな靴下。
Happy New Year, Maple Street!	あけましておめでとう、メイプル通り！
This is K-88, and the first song's for you.	こちらK-88、最初の曲はあなたに。
Midnight!	真夜中だ！
Somebody kiss somebody!	誰か誰かにキスして！
Not me, I'm on the air.	私はだめ、放送中だから。
New year, same street, best street.	新しい年、同じ通り、最高の通り。
Happy New Year!	あけましておめでとう！
The ball dropped and so did my coffee.	ボールが落ちて、私のコーヒーも落ちた。
Happy New Year, everybody.	みんな、あけましておめでとう。
Another year on Maple Street.	メイプル通りでまた一年。
Wouldn't have it any other way.	ほかの暮らしなんて考えられないよ。
Ice as far as you can see.	見渡すかぎりの氷。
We're set for the dark.	闇の季節の備えは万全だよ。
The sea's asleep.	海は眠りについたの。
Good thing we fished while it was awake.	起きてるうちに漁をしておいてよかった。
Hear it creak?	きしむ音、聞こえる？
That's the ice settling in for winter.	氷が冬に向けて落ち着いていく音だよ。
No more open water till the thaw.	雪どけまで開いた海はなし。
Pass the herring.	ニシンを回して。
Bit by bit, then.	じゃあ、少しずつね。
On my own.	ひとりで。
{a} is a part nearer.	{a}の完成に一歩近づく。
Fine.	いいよ。
I'll do it on my off-shift.	非番のときにやるよ。
Slow going, on my own.	ひとりだとなかなか進まない。
But going.	でも進んでる。
We'll get there.	そのうち着くさ。
One bolt a sol.	一ソルにボルト一本ずつ。
We'll do it Saturdays.	土曜日にやろう。
It'll get done.	そのうち終わるよ。
Slow and steady.	ゆっくり着実に。
Like the night bus.	夜行バスみたいにね。
A block a day.	一日一ブロック。
That's how bridges get built.	橋はそうやってできるの。
We built this.	私たちが造ったんだ。
On Mars.	火星でね。
Take a good look.	よく見てよ。
Every bolt in it came off a shuttle.	ボルトは全部シャトルで届いたんだ。
Come in, come in.	どうぞ入って。
Mind the dust.	砂ぼこりに気をつけて。
Took us three windows.	打ち上げ時期三回分かかった。
Worth every sol.	どのソルもその価値があったよ。
Stand here.	ここに立って。
Now tell me that isn't something.	これがすごくないなんて言わせないよ。
Can you believe it?	信じられる？
Come look.	見に来て。
Every nail in it is ours.	釘の一本一本まで私たちのものだよ。
My name's scratched in the corner.	隅に私の名前が彫ってあるんだ。
This used to be nothing.	ここ、前は何もなかったんだ。
Now look.	今を見てよ。
Sit down.	座って。
We made this.	私たちが作ったの。
With flippers!	ひれでね！
Look!	見て！
Feel how solid it is.	すごくしっかりしてるでしょ。
It took all of us.	みんなの力が必要だったの。
Even the chicks helped.	ひなたちまで手伝ってくれたよ。
The whole colony built this.	コロニーのみんなで造ったの。
I did the corners.	私は角を担当したんだ。
Come see.	見に来て。
It's even better up close.	近くで見るともっとすごいよ。
{other} parked the rover perfectly.	{other}が完璧に駐車した。
First try.	一回で。
The pilot waves every time.	パイロットが毎回手を振るんだ。
I wave back.	私も振り返す。
I got a shock off the door handle.	ドアノブでびりっときたんだ。
The whole storm long.	嵐の間じゅうね。
School day with {other}.	{other}と授業の日。
The children drew the habitat.	子どもたちが居住区の絵を描いた。
Perfectly.	完璧だった。
Lost to {other} eleven times.	{other}に十一回負けた。
Won once.	一回勝った。
I'm counting it.	それを数えることにする。
Played Tetris on the bus.	バスでテトリスをしてた。
Missed my stop.	降りそこねた。
We put the tree up the day after Thanksgiving.	感謝祭の翌日にツリーを飾るんだ。
Every year.	毎年ね。
There's a channel that's just the weather.	天気だけやってるチャンネルがあるんだ。
All day.	一日じゅうね。
Line dancing with {other}.	{other}とラインダンス。
I went left.	私は左に行った。
Everyone went right.	みんなは右に行った。
Framed behind the counter.	カウンターの奥に額に入れて飾ってあるんだ。
1987.	一九八七年。
It still owes me a game.	まだ一回分遊ばせてもらってない。
Rode the carts down aisle nine with {other}.	{other}と九番通路をカートで滑り降りた。
We were fired.	クビになるところだったよ。
{friend} heard me humming and joined in.	{friend}が私の鼻歌を聞いて、加わってくれた。
Softly.	そっとね。
Ten, nine, eight... I lost count.	十、九、八……数えそこねた。
Happy New Year anyway!	とにかくあけましておめでとう！
Good as new. Better, maybe.	新品同様。前よりいいかも。
A new hinge, a lick of paint, done.	ちょうつがいを新しくして、ペンキをひと塗り。完成。
Fixed the bit everyone kept tripping on.	みんながつまずいてたところを直したよ。
Tightened every bolt. Twice.	ボルトを全部締め直した。二回ね。
It'll see us out now.	これで私たちが死ぬまでもつよ。
Good as new.	新品同様。
Better, maybe.	前よりいいかも。
Tightened every bolt.	ボルトを全部締め直した。
Twice.	二回。
The domes	ドーム
The landing pad	着陸パッド
The ridge and the ice mine	尾根と氷鉱山
Quarters	居住棟
Main Street	メイン通り
The square and the park	広場と公園
The school and the lake	学校と湖
The rookery	営巣地
The bridge	橋
The far floe	遠くの浮氷
Nest	巣
Home	家

# v0.21: whole sentences. Each line a player can be shown is one sentence
# here, with the same named slots as the line it is made from. People keep
# their names in Latin letters; places are called by their Japanese names.
, no joke.	、マジで。
, scout's honour.	、誓って。
, you know?	、わかる？
, little one.	、おちびさん。
, fishy promise.	、おさかなに誓って。
Fixed {name}'s suit seal.	{name}の宇宙服のシールを直した。
Rewired {name}'s helmet lamp.	{name}のヘルメットのランプの配線を直した。
Washed {name}'s car.	{name}の車を洗った。
Saw {name}'s light on at five.	五時に{name}の家に明かりがついてた。
Painted {name}'s fence.	{name}の家の柵を塗った。
Mowed {name}'s lawn.	{name}の家の芝を刈った。
Got {name}'s old Chevy running.	{name}の古いシボレーを動くようにした。
Old Uko	ウコじいさん
, over and out.	、以上、交信終わり。
# The words each resident says in place of another ("nest" for "home"),
# written =said<tab>meant: a line nobody wrote in their own words is read
# again in the plain ones.
=nest	home
=brisk	cold
=offline	broken
=splendid	great
=nominal	great
=seriously	very
=real	very
=waddle	walk
=not a sprat	nothing
=pal	friend
=you bet	yes
=copy	okay
=radical	excellent
=wild	amazing
=neat	cool
=sweet	nice
=beat	tired
Nest to {name} now.	そろそろ{name}の待つ巣に帰るよ。
{name} sends their love!	{name}がよろしくって！
Seeing {name} later!	あとで{name}に会うんだ！
Landing Day	着陸記念日
the Dust Drill	砂塵訓練
Earthrise Night	地球の出の夜
the Dust Devil Watch	つむじ風の見張り
the Greenhouse Harvest	温室の収穫
the Block Party	ブロックパーティー
the Fireworks	花火
Halloween	ハロウィン
the Winter Formal	冬のダンスパーティー
the Fish Run	魚の群れ
Song Night	歌の夜
the Huddle Feast	ハドルの宴
the Aurora Festival	オーロラ祭り
a borrowed cassette	借りたカセット
the high score	ハイスコア
who called who	どっちが電話したか
a dent in the car	車のへこみ
the last slice of pizza	最後のピザ
gossip at the diner	ダイナーでの噂話
a mixtape	ミックステープ
the curfew	門限
the band's name	バンドの名前
a lost bet	負けた賭け
money for gas	ガソリン代
a party nobody mentioned	誰も教えてくれなかったパーティー
the radio playlist	ラジオの選曲
a broken Walkman	壊れたウォークマン
the roller rink	ローラースケート場
the lake on Saturday	土曜日の湖
the school dance	学校のダンスパーティー
the arcade after hours	閉店後のアーケード
a movie at the Rialto	リアルト座の映画
guitarist	ギタリスト
pilot	パイロット
Ohio	オハイオ
the next town over	隣町
a band on tour	巡業中のバンド
the army base	陸軍基地
the Greyhound	グレイハウンドのバス
the best fishing hole	いちばんの漁場
a stolen pebble	盗まれた小石
whose turn to keep watch	見張り当番
a squawk at the council	評議会でのギャーギャー
a snowball	雪玉
a nest too close	近すぎる巣
the slide rules	すべり台の決まり
a cold shoulder	冷たい態度
a broken bridge span	壊れた橋桁
the aurora vote	オーロラの投票
a lost feather	なくした羽根
watch the aurora	オーロラを見ること
slide down the big slope	大きな坂のすべり
fish at the far hole	遠くの穴での釣り
walk to the edge of the floe	浮氷の端までの散歩
swim under the ice	氷の下での泳ぎ
sit on the tallest berg	いちばん高い氷山に座ること
the next ice floe	次の浮氷
the water ration	水の配給
who left the airlock open	誰がエアロックを開けっぱなしにしたか
the last of the coffee	最後のコーヒー
a missed check-in	すっぽかした定時連絡
music in the common room	談話室の音楽
the greenhouse temperature	温室の温度
the message to Earth	地球へのメッセージ
dust in the quarters	居室の砂ぼこり
a borrowed tool	借りた工具
the chore rota	当番表
the last chocolate bar	最後のチョコバー
the rover's mileage	ローバーの走行距離
watch the sunset from the ridge	尾根から夕日を見ること
a walk to the crater rim	クレーターの縁への散歩
supper under the dome	ドームの下での夕食
stargaze from the rover roof	ローバーの屋根での星空観察
see the dust devils dance	つむじ風の踊りを見ること
a picnic in the greenhouse	温室でのピクニック
the orbital station	軌道ステーション
the Tharsis outpost	タルシス前哨基地
the last supply ship	前回の補給船
the fish vault	魚の貯蔵庫
the stores	備蓄
a dust front	砂嵐の前線
a thunderstorm	雷雨
a blizzard	吹雪
a spare seal	予備のシール
a spare fuse	予備のヒューズ
a spare lantern	予備のランタン
a failing seal	だめになりかけたシール
a sparking fuse box	火花を出すヒューズボックス
a crack in the ice	氷の割れ目
a signal from the old lander	古い着陸機からの信号
a late call-in from out of town	町の外からの遅い電話
a far-off song across the ice	氷の向こうの遠い歌
the supply drop	補給物資
the delivery truck	配達トラック
the herring run	ニシンの群れ
the launch window	打ち上げの時期
a second dome	二つ目のドーム
a back room at the arcade	アーケードの奥の部屋
a second bridge span	二つ目の橋桁
a relay mast	中継マスト
a new radio mast	新しいラジオ塔
a lantern tower	ランタンの塔
{keeper} needs {spare}	{keeper}は{spare}を必要としている
If I had {spare}, I'd sleep at night.	{spare}があれば、夜ぐっすり眠れるのに。
{explorer} brought {keeper} {spare}	{explorer}が{keeper}に{spare}を持ってきた
{keeper} was told to make do	{keeper}はあるもので済ませるよう言われた
{keeper} went without {spare}	{keeper}は{spare}なしで過ごした
{explorer} wants to go past the edge of the map	{explorer}が地図の端の向こうへ行きたがっている
{explorer} went past the edge of the map	{explorer}は地図の端の向こうへ行った
{explorer} was kept close to home	{explorer}は家の近くに引きとめられた
{explorer} gave up on the edge of the map	{explorer}は地図の端の向こうをあきらめた
{keeper} needs a day off	{keeper}は一日休みが必要だ
{explorer} covers {home} for a day.	{explorer}が一日{home}を受け持つ。
{keeper} took a day off while {explorer} covered	{explorer}が受け持つ間、{keeper}は一日休みを取った
{home} needs everyone.	{home}にはみんなの力が必要なんだ。
{keeper} kept going without a break	{keeper}は休まずに働き続けた
{keeper} wore out	{keeper}は疲れきってしまった
{explorer} wants to teach {keeper} something	{explorer}が{keeper}に何か教えたがっている
{explorer} taught {keeper} to find the way	{explorer}は{keeper}に道の見つけ方を教えた
{keeper} had no time for {explorer}'s lesson	{keeper}には{explorer}のレッスンを受ける時間がなかった
{explorer}'s lesson never happened	{explorer}のレッスンは実現しなかった
{keeper} wants to start {second}	{keeper}が{second}を始めたがっている
We could make room for {second}.	{second}を造る余地があるかも。
{keeper} and {explorer} worked on {second}	{keeper}と{explorer}は{second}に取りかかった
{weather} is coming	{weather}が近づいている
They sat out {weather} together	ふたりは一緒に{weather}をやり過ごした
{explorer} pushed on through {weather}	{explorer}は{weather}の中を押しきった
{weather} caught them apart	{weather}がふたりを引き離した
Trouble at {home}: {failing}	{home}で問題発生：{failing}
They mended {failing} together	ふたりで{failing}を直した
{keeper} patched {failing} alone	{keeper}はひとりで{failing}を継ぎはぎした
Nobody saw to {failing}, and it got worse	{failing}は誰にも手当てされず、悪化した
{signal} came in	{signal}が入ってきた
{explorer} followed {signal}	{explorer}は{signal}を追いかけた
{keeper} wrote down {signal}	{keeper}は{signal}を書き留めた
{signal} faded away	{signal}は消えていった
{keeper} and {explorer} are arguing	{keeper}と{explorer}が言い争っている
{keeper}'s right	{keeper}が正しい
{keeper} won the argument	{keeper}が言い争いに勝った
{explorer} won the argument	{explorer}が言い争いに勝った
{explorer} wants to make amends	{explorer}が仲直りしたがっている
{keeper} wasn't ready to make it up	{keeper}はまだ仲直りする気になれなかった
{explorer} is caught out in the cold	{explorer}が寒さの中で立ち往生している
{keeper} leaves {home} to find them.	{keeper}はふたりを探しに{home}を出る。
{keeper} brought {explorer} home	{keeper}は{explorer}を連れて帰った
{keeper} talked {explorer} home	{keeper}は話しかけて{explorer}を連れ帰った
{explorer} found the way home alone	{explorer}はひとりで帰り道を見つけた
{keeper} wants to cook for them both	{keeper}がふたり分の料理を作りたがっている
{keeper} and {explorer} shared a supper	{keeper}と{explorer}は夕食を共にした
{beacon} could go up	{beacon}を建てられそうだ
If we put up {beacon}, anyone could find us.	{beacon}を建てれば、誰でもここを見つけられるよ。
{beacon} was left for later	{beacon}は後回しになった
They shared out {supply}	ふたりは{supply}を分け合った
{supply} went into {second}	{supply}は{second}に回された
{supply} sat unopened	{supply}は開けられないままだった
{home} can mind itself for a day.	一日くらいなら、{home}は自分でなんとかなるよ。
They went to {window} together	ふたりは一緒に{window}に行った
I keep thinking about {window}.	{window}のことばかり考えちゃうんだ。
They watched {window} from {home}	ふたりは{home}から{window}を眺めた
{window} came and went	{window}が来て、過ぎていった
It's {keeper}'s birthday	今日は{keeper}の誕生日
{explorer} surprised {keeper} on their birthday	{explorer}は誕生日の{keeper}を驚かせた
{keeper} had a quiet birthday	{keeper}は静かな誕生日を過ごした
It's {explorer}'s birthday	今日は{explorer}の誕生日
{keeper} surprised {explorer} on their birthday	{keeper}は誕生日の{explorer}を驚かせた
{explorer} had a quiet birthday	{explorer}は静かな誕生日を過ごした
{keeper} and {explorer} walked out in the first frost	{keeper}と{explorer}は初霜の中を散歩した
{name} spent the sol on maintenance at {place} with {other}	{name}は{place}で{other}と整備をして一ソルを過ごした
Maintenance at {place}.	{place}の整備。
{name} ran a survey from {place}	{name}は{place}から測量をした
Mapped another ridge from {place}.	{place}からまた尾根をひとつ測量した。
{name} fixed {other}'s kit	{name}は{other}の道具を直した
{name} harvested wheat in {place} with {other}	{name}は{place}で{other}と小麦を収穫した
{name} slept a full shift	{name}はシフトひとつ分ぐっすり眠った
{name} watched the sunset from {place}	{name}は{place}から夕焼けを眺めた
Blue sunset from {place}.	{place}から見た青い夕焼け。
Sat among the plants in {place}.	{place}で植物に囲まれて座ってた。
{name} listened to old records with {other}	{name}は{other}と古いレコードを聴いた
{name} shared supper with {other} at {place}	{name}は{place}で{other}と夕食を共にした
{name} played chess with {other}	{name}は{other}とチェスをした
{name} sent a message home	{name}は故郷にメッセージを送った
{name} walked the crater rim with {other}	{name}は{other}とクレーターの縁を歩いた
{name} taught {other} something new	{name}は{other}に新しいことを教えた
{name} ran an experiment in {place}	{name}は{place}で実験をした
{name} wrote up the colony log	{name}はコロニーの日誌を書いた
{name} worked on a telescope with {other}	{name}は{other}と望遠鏡の製作に取り組んだ
Shift at {place}.	{place}でシフト。
{other} and I restocked everything at {place}.	{other}と{place}の在庫を全部補充した。
Busy night at {place}.	{place}は忙しい夜だった。
{name} did an early paper round	{name}は朝早く新聞配達をした
{name} mowed {other}'s lawn for cash	{name}はお小遣い稼ぎに{other}の家の芝を刈った
{name} ran a yard sale with {other}	{name}は{other}とガレージセールを開いた
{name} slept till noon	{name}はお昼まで寝ていた
{name} watched TV all evening	{name}は一晩じゅうテレビを見ていた
{name} drove around town with {other}	{name}は{other}と町をドライブした
{name} played Pac-Man with {other} at {place}	{name}は{place}で{other}とパックマンをした
{name} got fries with {other}	{name}は{other}とポテトを食べに行った
{name} was on the phone all night	{name}は一晩じゅう電話していた
{name} went roller skating with {other}	{name}は{other}とローラースケートに行った
{name} helped {other} run a show at {place}	{name}は{place}で{other}の番組を手伝った
Helped {other} run the late show at {place}.	{place}で{other}の深夜番組を手伝った。
{name} practised with {other}'s garage band	{name}は{other}のガレージバンドと練習した
{name} studied for exams	{name}は試験勉強をした
{name} fixed up an old car with {other}	{name}は{other}と古い車を直した
{name} went fishing with {other}	{name}は{other}と釣りに行った
{name} mended the bridge	{name}は橋を直した
{name} lit the lanterns with {other}	{name}は{other}とランタンに火をともした
{name} sorted fish at {place} with {other}	{name}は{place}で{other}と魚を仕分けた
{name} swapped stones with {other}	{name}は{other}と石を交換した
{name} napped in a snowdrift	{name}は雪の吹きだまりで昼寝した
{name} huddled with {other} out of the wind	{name}は風をよけて{other}と身を寄せ合った
{name} watched the aurora	{name}はオーロラを眺めた
{name} went belly-sliding with {other}	{name}は{other}とおなかすべりをした
{name} sang with {other}	{name}は{other}と歌った
{name} preened {other}'s feathers	{name}は{other}の羽づくろいをした
{name} gossiped with {other} by {place}	{name}は{place}のそばで{other}とうわさ話をした
{name} taught {other} to dive	{name}は{other}に潜り方を教えた
{name} built a stone nest	{name}は石の巣を作った
{name} told the old tales with {other}	{name}は{other}と昔話をした
{name} spoke up at the council with {other}	{name}は{other}と評議会で発言した
{anchor}'s holding together.	{anchor}はなんとか持ちこたえてるよ。
We're managing.	なんとかやってるよ。
It's where I spend my days.	毎日そこで過ごしてるんだ。
I know every corner of it.	すみずみまで知ってるよ。
{name}'s home.	{name}は家だよ。
It holds us all together.	みんなをつなぎとめてくれてるんだ。
{name}'s where you go to think.	考えごとをするなら{name}だよ。
Keeping {place} running.	{place}を回してる。
Out past {place} as often as I can.	できるだけ{place}の先まで出かけてる。
I help out at {place}.	{place}を手伝ってるんだ。
Invite {} to {gathering}	{}を{gathering}に誘う
{} began	{}が始まった
A few went up to watch Earthrise	何人かが地球の出を見に登った
Aurora Night was clouded over	オーロラの夜は雲に覆われた
Dust season rolled in over the ridge	尾根を越えて砂ぼこりの季節がやって来た
Earth rose, and hardly anyone looked up	地球が昇ったが、見上げる人はほとんどいなかった
Every car in town was at the drive-in's opening night	ドライブインシアターの開幕の夜、町じゅうの車が集まった
Everyone in the habitat gathered for Landing Day	着陸記念日に居住区じゅうの人が集まった
Everyone started to molt, feathers everywhere	みんなの換羽が始まり、そこらじゅう羽だらけになった
Everyone watched Earth rise from the ridge	みんなで尾根から地球の出を眺めた
Founders' Feast had everyone round one table	創設者の宴で、みんながひとつのテーブルを囲んだ
Founders' Feast was a ration bar and a toast	創設者の宴は配給バーひとつと乾杯だけだった
Halloween had every kid on Maple Street out trick-or-treating	ハロウィン、メイプル通りの子どもたちはみんなお菓子をもらいに回った
Halloween was a few kids and a lot of candy left over	ハロウィンは子どもが数人だけで、お菓子がたくさん余った
Landing Day passed with a quiet toast	着陸記念日は静かな乾杯で過ぎた
Maple Street counted in the New Year	メイプル通りで新年のカウントダウンをした
Maple Street had its Halloween	メイプル通りでハロウィンが行われた
Maple Street had its Spring Dance	メイプル通りで春のダンスパーティーが開かれた
Maple Street held its yard sale	メイプル通りでガレージセールが開かれた
Maple Street threw its Block Party	メイプル通りでブロックパーティーが開かれた
Maple Street went skating at the rink	メイプル通りのみんなでスケート場に行った
Phobos crossed the sun at noon	真昼にフォボスが太陽を横切った
Roller Rink Night was mostly falling over	ローラースケートの夜は、ほとんど転んでばかりだった
Signal Night sent a message from every one of us	信号の夜、みんなのメッセージが送られた
Signal Night went out almost empty	信号の夜、ほとんど空っぽのまま送信された
Song Night rang out across the whole ice	歌の夜、氷じゅうに歌声が響いた
Song Night was a lonely call or two	歌の夜は、さびしい鳴き声がひとつふたつだけだった
The Aurora Festival glowed over empty ice	オーロラ祭りは誰もいない氷の上で光っていた
The Aurora Festival had the whole colony looking up	オーロラ祭りでコロニーじゅうが空を見上げた
The Block Party had the whole street out till dawn	ブロックパーティーで、通りじゅうの人が夜明けまで外にいた
The Block Party was a grill and a few neighbours	ブロックパーティーは、グリルひとつと近所の数人だけだった
The Chick Parade had every chick marching	ひなのパレードで、ひなたちがみんな行進した
The Chick Parade was two chicks and a fall	ひなのパレードは、ひな二羽と転んだ一回だけだった
The Dust Devil Watch was mostly dust	つむじ風の見張りは、ほとんど砂ぼこりだけだった
The Dust Drill was a shambles	砂塵訓練はめちゃくちゃだった
The Dust Drill went like clockwork	砂塵訓練は時計のように正確に進んだ
The Fireworks fizzled in the rain	花火は雨でしけってしまった
The Fireworks lit up the whole sky over Maple Street	花火がメイプル通りの空一面を照らした
The Fish Run came up nearly empty	魚の群れはほとんど空っぽだった
The Fish Run filled every beak	魚の群れで、どのくちばしもいっぱいになった
The Greenhouse Harvest brought in enough	温室の収穫は十分にあった
The Greenhouse Harvest filled every crate	温室の収穫で、どの木箱もいっぱいになった
The Greenhouse Harvest was a few sad leaves	温室の収穫は、しおれた葉が数枚だけだった
The Homecoming Game packed the stands	ホームカミングの試合で観客席が満員になった
The Homecoming Game played to empty stands	ホームカミングの試合はがらがらの観客席の前で行われた
The Huddle Feast warmed the whole colony	ハドルの宴がコロニーじゅうを温めた
The Huddle Feast was a small, cold huddle	ハドルの宴は、小さくて寒いハドルだった
The Krill Harvest brought in enough	オキアミ収穫祭は十分な収穫があった
The Krill Harvest filled the Fish Vault	オキアミ収穫祭で魚の貯蔵庫がいっぱいになった
The Krill Harvest was a few pink scraps	オキアミ収穫祭はピンクのかけらが少しだけだった
The New Year came in quietly	新年は静かにやって来た
The Pie Contest had a fair few entries	パイコンテストにはそこそこの出品があった
The Pie Contest had barely any fruit to bake	パイコンテストは、焼く果物がほとんどなかった
The Pie Contest had more entries than ever	パイコンテストはこれまでで最多の出品があった
The Rover Rally raced out past the ridge with everyone cheering	ローバーラリーは、みんなの歓声の中、尾根の向こうまで走った
The Rover Rally was one rover and a lot of dust	ローバーラリーは、ローバー一台とたっぷりの砂ぼこりだけだった
The Slide Races had the whole colony sliding	すべりっこレースでコロニーじゅうがすべった
The Slide Races were one slide and a bump	すべりっこレースは、すべり一回とこぶひとつだけだった
The Spring Dance packed the arcade until midnight	春のダンスパーティーで、アーケードは真夜中まで満員だった
The Spring Dance was three people and a mixtape	春のダンスパーティーは、三人とミックステープだけだった
The Street Yard Sale ran the whole length of Maple Street	通りのガレージセールはメイプル通りの端から端まで続いた
The Water Feast was a cup each	水の宴はひとり一杯だけだった
The Water Feast was the best the habitat has had	水の宴は居住区始まって以来の豪勢さだった
The Winter Formal was a quiet night	冬のダンスパーティーは静かな夜だった
The Winter Formal was the talk of the town	冬のダンスパーティーは町じゅうの話題になった
The cherry trees on Maple Street burst into blossom	メイプル通りの桜が一斉に咲いた
The chicks had their parade	ひなたちがパレードをした
The colony dived for the Fish Run	コロニーは魚の群れを追って潜った
The colony held its Slide Races	コロニーですべりっこレースが開かれた
The colony sang on Song Night	歌の夜、コロニーが歌った
The colony saw the sun come back	コロニーは太陽が戻ってくるのを見た
The colony shared its Huddle Feast	コロニーはハドルの宴を分かち合った
The colony watched the Aurora Festival	コロニーはオーロラ祭りを眺めた
The colony watched the Aurora Night from the bridge	コロニーは橋の上からオーロラの夜を眺めた
The drive-in opened for the summer	ドライブインシアターが夏の営業を始めた
The drive-in opened to an empty lot	ドライブインシアターは空っぽの駐車場で開幕した
The fireflies came out over the ballfield	野球場の上にホタルが出てきた
The first eggs were laid on the warm stones	暖かい石の上に最初の卵が産まれた
The first snow fell on Maple Street	メイプル通りに初雪が降った
The first sprouts broke the soil in the greenhouse	温室で最初の芽が土から顔を出した
The habitat held its Founders' Feast	居住区で創設者の宴が開かれた
The habitat marked Landing Day	居住区で着陸記念日が祝われた
The habitat ran its Dust Drill	居住区で砂塵訓練が行われた
The habitat saw the year out	居住区は年の終わりを見送った
The habitat sent its messages home	居住区はメッセージを故郷に送った
The habitat shared its Water Feast	居住区は水の宴を分かち合った
The habitat watched the dust devils go by	居住区はつむじ風が過ぎていくのを眺めた
The longest sol of the year came and went	一年でいちばん長いソルが来て、過ぎていった
The rovers raced their rally	ローバーがラリーで競った
The sky burned green over the ice for Aurora Night	オーロラの夜、氷の上の空が緑に燃えた
The sun came back, and few were awake to see it	太陽が戻ってきたが、起きて見ていた者は少なかった
The sun stopped setting over the ice	氷の上で太陽が沈まなくなった
The town turned out for Homecoming	ホームカミングに町じゅうの人が集まった
The town watched the Fireworks	町の人たちは花火を眺めた
The whole colony greeted the Sun's Return	コロニーじゅうが太陽の帰還を迎えた
The whole habitat counted dust devils from the ridge	居住区じゅうの人が尾根からつむじ風を数えた
The whole habitat saw the year turn	居住区じゅうの人が年の変わり目を見届けた
The whole street counted down the New Year together	通りじゅうの人が一緒に新年のカウントダウンをした
The whole street skated till the rink lights went off	スケート場の明かりが消えるまで、通りじゅうの人が滑った
The yard sale was one table of old records	ガレージセールは古いレコードのテーブルひとつだけだった
The year turned, and most slept through it	年が変わったが、ほとんどの人は寝ていた
Thin new ice formed along the shore	岸沿いに薄い新しい氷が張った
A close {s}	身を寄せ合った{s}
A stormy {s}	嵐の多い{s}
A kind {s}	やさしい{s}
A little feast	ささやかなごちそう
A new World	新しいワールド
A place for everything!	何でも置き場所があるよ！
Bunting for a navigator.	航法士のための旗飾り。
Bunting for a navigator	航法士のための旗飾り
By the door	戸口のそば
Everything from the garden, on one plate.	庭でとれたものを全部、ひと皿に。
For a harder day.	もっと苦しい日のために。
Let a little more time pass, and see what they do with it.	もう少し時を過ごして、ふたりがどうするか見てみましょう。
Our breath is smoking!	息が白いよ！
Put it by	取っておく
Room to breathe at last.	やっと、ひと息つける広さ。
The garden's given us something to eat!	庭が食べるものをくれたよ！
They say hello to you too!	みんなもあなたによろしくって！
We grew this!	私たちが育てたんだ！
You remembered!	覚えててくれたんだ！
Higher every day!	日に日に高くなるよ！
Street lamp	街灯
Ice bench	氷のベンチ
ice bench	氷のベンチ
Another {thing}? The {settlement} won't know itself.	また{thing}？{settlement}も見違えるね。
Nest on both sides.	どっちを向いても巣だよ。
We swam nest full.	おなかいっぱいで泳いで巣に帰ったよ。
A lamp burning late	遅くまで灯るランプ
A lamp left burning all night	一晩じゅう灯されたままのランプ
A letter home, waiting to go	送られるのを待つ故郷への手紙
A light left on for {explorer}	{explorer}のために灯しておいた明かり
A marker past the edge	端の向こうの目印
A pennant from {window}	{window}の三角旗
{beacon}, going up	建設中の{beacon}
{second}, going up	建設中の{second}
{spare}, just arrived	届いたばかりの{spare}
{supply}, shared out	分け合った{supply}
A stone from the edge	端から持ち帰った石
Baskets from the garden	庭のかご
Bunting for the photograph	写真のための旗飾り
Flowers after the quarrel	けんかのあとの花
Flowers, by way of sorry	おわびのしるしの花
Lanterns for weekly supper	毎週の夕食のランタン
Lanterns from supper	夕食のランタン
New shelves, full already	もういっぱいの新しい棚
{keeper}'s day off	{keeper}の休日
{keeper}'s garden	{keeper}の庭
Our flag past the edge	端の向こうの私たちの旗
Storm lamps in every window	どの窓にも嵐よけのランプ
The letter from home, pinned up	貼り出された故郷からの手紙
The old seal, retired	役目を終えた古いシール
The picture, hung by the door	戸口のそばに飾った写真
The trader's tent	行商人のテント
The trader's tent, back again	また戻ってきた行商人のテント
{explorer}'s markers out in the weather	風雨の中の{explorer}の目印
{explorer}'s route markers	{explorer}の道しるべ
Tools and spare parts	道具と予備部品
Washing on the line	物干しロープの洗濯物
Washing out after the weather	天気がおさまって干された洗濯物
# v0.22: legends, moments and almanacs. Whole sentences with named slots.
because you said “{answer}”	あなたが「{answer}」と言ったから
because you answered {a}	あなたが{a}に答えたから
because nobody answered	誰も答えなかったから
at {festival}	{festival}で
after {what}	{what}のあと
after the storm	嵐のあと
after the great storm	大嵐のあと
Moments	瞬間
{a} and {b}'s wedding	{a}と{b}の結婚式
{a} and {b}'s party	{a}と{b}のパーティー
{a} and {b}	{a}と{b}
{a} is born	{a}の誕生
{a} comes of age	{a}、大人になる
{a} hands it on	{a}、引き継ぐ
{a}'s farewell	{a}のお別れ
In memory of {a}	{a}をしのんで
The storm	嵐
{a} comes to stay	{a}、住みつく
{a}'s new start	{a}の新しい出発
{work}, finished at last	{work}、ついに完成
{a} and {b} had been walking out a long while.	{a}と{b}は長いことつきあっていた。
{a} and {b} wanted everyone there.	{a}と{b}はみんなに来てほしかった。
Tables were carried out and lights were hung.	テーブルが運び出され、明かりが吊るされた。
Nobody went home early.	早く帰る人は誰もいなかった。
They talked about it for weeks.	何週間もその話でもちきりだった。
{a} kept finding reasons to be wherever {b} was.	{a}は何かと理由をつけては{b}のいるところに行った。
Everyone had noticed but the two of them.	気づいていないのは当のふたりだけだった。
They were seen everywhere together after that.	それからは、どこへ行くにもふたり一緒だった。
{b} smiled for a week.	{b}は一週間ずっとにこにこしていた。
{a} had been thinking about it for a while.	{a}はしばらくそのことを考えていた。
It had been coming for a long time.	ずっと前から、そうなる予感はあった。
It suited {a} well.	{a}にはよく似合っていた。
Nobody could remember it any other way.	誰も、ほかのありようを思い出せなかった。
{a} was a child here once.	{a}もかつてはここの子どもだった。
{a} had a trade of their own now.	{a}は自分の仕事を持つようになった。
{a} had worked every day for years.	{a}は何年も毎日働いてきた。
{a} took the long way home, for once.	{a}は珍しく遠回りして帰った。
{a} packed a bag and left the rest.	{a}は鞄ひとつに荷物を詰め、残りは置いていった。
Everyone knew {a}, and {a} knew everyone.	みんなが{a}を知り、{a}はみんなを知っていた。
A lamp stayed lit in one window until morning.	ある窓には、朝までランプが灯っていた。
Everyone came by with something small.	みんなが、ささやかなものを持って立ち寄った。
The wind got up in the afternoon.	午後になって風が強まった。
By morning the sea was calm again.	朝には海はまた穏やかになっていた。
Everyone came out to see what was left.	みんな、何が残ったか見に出てきた。
It was only a plan once.	かつてはただの計画だった。
Everyone put something in, a part at a time.	みんなが少しずつ、何かを出し合った。
Now it is there for everyone.	今では、みんなのためにそこにある。
Nobody wanted to go home.	誰も帰りたがらなかった。
They talked about it for days.	何日もその話でもちきりだった。
Someone new was asking about a room.	新しい人が部屋を探していた。
By the end of the week everyone knew {a}'s name.	週の終わりには、みんなが{a}の名前を知っていた。
# v0.22: the place's own words for its moments and almanac.
Everyone put on their best for the day.	みんなその日のために晴れ着を着た。
Everyone danced till late.	みんな遅くまで踊った。
Everyone said they had never seen a happier pair.	あんなに幸せそうなふたりは見たことがないと、みんなが言った。
Everyone waited all night for news.	みんな一晩じゅう知らせを待った。
There was someone new to meet.	新しく会う人がいた。
{a} grew up here.	{a}はここで育った。
Everyone watched {a} go to work like the rest.	みんなは、ほかの人と同じように仕事に出かける{a}を見送った。
{a} knew every job in the place by heart.	{a}はここの仕事をすべてそらで覚えていた。
{a} had time at last to sit and watch.	{a}はようやく座って眺める時間ができた。
{a} looked round the place one more time.	{a}は最後にもう一度、あたりを見回した。
Everyone kept a place for {a}.	みんなは{a}の居場所を残しておいた。
Someone still looks out for {a}, just in case.	今でも誰かが、念のため{a}の姿を探している。
{a} was one of the place's own.	{a}はここの一員だった。
Everyone remembered {a}.	みんなが{a}を忘れなかった。
Nobody worked that day.	その日は誰も働かなかった。
The sky went dark.	空が暗くなった。
Everyone walked round it twice.	みんなそのまわりを二周した。
Everyone came out together.	みんなそろって外に出てきた。
The lights were out early.	明かりが早くから灯された。
A stranger arrived with a bag.	見知らぬ人が鞄を持ってやって来た。
There was one more neighbour.	ご近所さんがひとり増えた。
The place's year {n}	この土地の{n}年目
{a} and {b} walk out	{a}と{b}、つきあう
after they had words	言い争いのあとで
after a day spent together	一緒に一日を過ごしたあとで
{keeper} and {explorer} planted a little garden	{keeper}と{explorer}は小さな庭を作った
{explorer} planted a flag past the edge	{explorer}は端の向こうに旗を立てた
{explorer} fixed the old relay	{explorer}は古い中継器を直した
Someone new came to live with {keeper} and {explorer}	新しい誰かが{keeper}と{explorer}と一緒に暮らすことになった
{keeper} and {explorer} moved into {second}	{keeper}と{explorer}は{second}に移り住んだ
after {name} died	{name}が亡くなったあと
after {name} came of age	{name}が大人になったあと
after {name} retired	{name}が引退したあと
after {name} left home	{name}が家を出たあと
# v0.22 lives: why two people's standing changed, and letters with no news.
It came to a head over {row}.	{row}のことで、ついに衝突した。
Too many cross words with {name}.	{name}とのとげとげしいやりとりが多すぎた。
They let {row} go at last.	ふたりはようやく{row}のことを水に流した。
Time mended it.	時が解決してくれた。
They stopped making time for each other.	ふたりはお互いのために時間を作らなくなった。
{a} and {b} kept finding each other's company.	{a}と{b}は、いつの間にか一緒にいることが増えた。
Not much news, only this: {told}.	たいした知らせはないよ。これくらい：{told}。
Life goes on here: {told}.	こっちはいつもどおり：{told}。
All quiet this week. Only that {told}.	今週は静かだったよ。あったのは、{told}ことくらい。
{told} again	また、{told}
{told} once more	もう一度、{told}
# v0.22 lives: births, growing up, growing old, and remembering, in each place. Whole sentences with named slots.
{name} was born under the dome to {a} and {b}	ドームの下で{a}と{b}のあいだに{name}が生まれた
A baby for {a} and {b}, born on Mars: {name}	{a}と{b}に、火星生まれの赤ちゃん：{name}
Born on Mars. Imagine that.	火星で生まれたんだよ。想像してみて。
First cries under the dome. {name} has lungs.	ドームの下で初めての産声。{name}は元気な肺をしてるよ。
{a} and {b} brought home a baby: {name}	{a}と{b}が赤ちゃんを連れて帰ってきた：{name}
A baby on Maple Street: {name}, to {a} and {b}	メイプル通りに赤ちゃん：{a}と{b}のもとに{name}
We're never sleeping again. Worth it.	もう二度と眠れないね。でも、その価値はあるよ。
Come and see {name}! Quietly.	{name}に会いに来て！静かにね。
A chick hatched to {a} and {b}: {name}	{a}と{b}のもとにひながかえった：{name}
{name} pecked out of the egg, to {a} and {b}	{name}が卵をつついて出てきた。{a}と{b}の子だよ
Tiny and grey and already hungry.	ちっちゃくて灰色で、もうおなかぺこぺこ。
Listen to {name} peep!	{name}のピヨピヨを聞いて！
{name} came of age and took up the trade of {trade}	{name}は大人になり、{trade}の道に進んだ
{name} is grown now, with a trade of their own: {trade}	{name}は大人になり、自分の仕事を持った：{trade}
Grown up, they tell me. I don't feel it.	大人になったって言われるけど、実感はないな。
My own wages at last!	ついに自分のお給料だ！
First day at work tomorrow. Don't laugh.	明日が初出勤なんだ。笑わないでね。
{name} moved into a home of their own	{name}は自分の家に移った
{name} left home for a place of their own	{name}は家を出て、自分の住まいに移った
My own front door! I keep opening it.	自分の家の玄関！つい何度も開けちゃう。
Everyone cried. So did I, a bit.	みんな泣いてたよ。私も、少しね。
{name} put down their tools and retired	{name}は道具を置いて引退した
{name} retired after a lifetime's work	{name}は生涯の仕事を終えて引退した
No more early starts. I'll miss them, oddly.	もう早起きはなし。変だけど、さびしくなりそう。
Time to sit and watch the others work.	これからは座って、みんなが働くのを眺める番だよ。
{name} died peacefully in their sleep, at {age}	{name}は眠るように安らかに亡くなった。{age}歳だった
{name} slipped away quietly in the night, at {age}	{name}は夜のうちに静かに旅立った。{age}歳だった
{name} had a good long life. It won't be the same here.	{name}は長くいい人生を送ったよ。ここはもう同じじゃない。
I keep thinking I'll see {name} about.	どこかで{name}に会えそうな気がしてならないんだ。
{name} went peacefully. That's all anyone could ask.	{name}は安らかに逝ったよ。それ以上望むことはないさ。
{name}'s {heirloom} passed to {heir}	{name}の{heirloom}は{heir}に受け継がれた
{name} wanted me to have the {heirloom}. I'll look after it.	{name}が{heirloom}を私にって。大事にするよ。
The {heirloom} was {name}'s. Now it's mine to keep.	この{heirloom}は{name}のものだったんだ。今は私が預かってる。
You put up {memorial} where you chose	選んだ場所に{memorial}を建てた
{memorial} stands where you put it	あなたが置いた場所に{memorial}が立っている
Everyone put up {memorial} together	みんなで{memorial}を建てた
Everyone chipped in for {memorial}	みんなでお金を出し合って{memorial}を建てた
{name} would have liked it there.	{name}ならきっと、あそこを気に入ったよ。
Now there's somewhere to say hello to {name}.	これで{name}にあいさつできる場所ができた。
{heir} remembered {name} on the day	{heir}はその日、{name}を思い出した
{heir} left something for {name}	{heir}は{name}のために何かを供えた
It's {name}'s day. I kept a place for them.	今日は{name}の日。あの人の席を取っておいたよ。
{name} would have laughed at us all, moping.	しょげてる私たちを見たら、{name}は笑うだろうな。
{name} would have loved today.	{name}なら今日みたいな日が大好きだったろうな。
I miss {name}. Silly things, mostly.	{name}に会いたいよ。たいていは、ささいなことでね。
Still save a spot for {name}, some mornings.	今でも朝、{name}の場所を取っておいちゃうことがあるんだ。
{name} always knew what to say.	{name}はいつも、何て言えばいいかわかってた。
Thought of {name} all day today.	今日は一日じゅう{name}のことを考えてた。
{name}'s bench	{name}のベンチ
{name}'s stone	{name}の石碑
{name}'s cairn	{name}の石塚
{name}'s ice seat	{name}の氷の席
A memorial for {name}	{name}の記念碑
Put it wherever they'd have liked to be	あの人がいたがりそうな場所に置く
rock hammer	ロックハンマー
star chart	星図
mission patch	ミッションワッペン
harmonica	ハーモニカ
transistor radio	トランジスタラジオ
letterman jacket	レターマンジャケット
mixtape	ミックステープ
wristwatch	腕時計
smooth pebble	すべすべの小石
fishing hook	釣り針
lantern	ランタン
blue feather	青い羽根
# v0.22: moments named with who and what.
A lamp stayed lit in {b}'s window until morning.	{b}の窓には朝までランプが灯っていた。
By morning {a} was out counting what the storm had left.	朝になると、{a}は外に出て嵐が残したものを数えていた。
By the end of {season}, all {count} of them had a door of their own.	{season}の終わりには、{count}人全員が自分の家を持っていた。
By the end of {season}, everyone knew {a}.	{season}の終わりには、誰もが{a}を知っていた。
By the end of {season}, {a} and {b} were seen everywhere together.	{season}の終わりには、{a}と{b}はどこへ行くにも一緒だった。
Everyone knew {a}, and {a} knew everyone, for {age} years.	{age}年のあいだ、みんなが{a}を知り、{a}はみんなを知っていた。
Nobody left {place} before {a} and {b} did.	{a}と{b}より先に{place}を出た人はいなかった。
Nobody worked the day after {a} died.	{a}が亡くなった翌日、誰も働かなかった。
The wind got up in the afternoon, and {a} ran to warn everyone.	午後になって風が強まり、{a}はみんなに知らせに走った。
The {season} sky went dark, and {a} watched it come.	{season}の空が暗くなり、{a}はそれが近づくのを見ていた。
{a} and {b} asked everyone to {place}.	{a}と{b}はみんなを{place}に招いた。
{a} and {b} came out arm in arm, and everyone cheered.	{a}と{b}が腕を組んで出てくると、みんなが歓声をあげた。
{a} and {b} carried tables into {place} all afternoon.	{a}と{b}は午後じゅう{place}にテーブルを運びこんだ。
{a} and {b} danced at {place} till the lights went out.	{a}と{b}は明かりが消えるまで{place}で踊った。
{a} and {b} had been walking out since {season}.	{a}と{b}は{season}からつきあっていた。
{a} arrived in {season}, with one bag.	{a}は{season}に、鞄ひとつでやって来た。
{a} asked {b} at {place}, and {b} said yes before the question was done.	{a}が{place}で申しこむと、{b}は言い終わらないうちにうなずいた。
{a} came home from the first day as a {trade} too tired to talk.	{trade}として初めて働いた日、{a}は口もきけないほど疲れて帰ってきた。
{a} grew up running round {place}.	{a}は{place}を駆け回って育った。
{a} had a key to a door of their own before the week was out.	一週間もしないうちに、{a}は自分の家の鍵を手にしていた。
{a} had been asking for {work} since {season}.	{a}は{season}から{work}を求めていた。
{a} had been sleeping on borrowed beds since {season}.	{a}は{season}から借りたベッドを転々としていた。
{a} had been sweet on {b} since {season}.	{a}は{season}から{b}に想いを寄せていた。
{a} had kept a bag packed by the door since {season}.	{a}は{season}から、戸口のそばに荷物をまとめた鞄を置いていた。
{a} had time at last to sit in the {season} sun.	{a}はようやく、{season}の日差しの中に座る時間ができた。
{a} had worked as a {trade} every day for years.	{a}は何年ものあいだ、毎日{trade}として働いてきた。
{a} hands it on	{a}、引き継ぐ
{a} helped clear {place} before breakfast.	{a}は朝ごはん前に{place}の片づけを手伝った。
{a} is born	{a}の誕生
{a} kept finding reasons to be wherever {b} was.	{a}は何かと理由をつけては{b}のいるところに行った。
{a} knew every job at {place} by heart.	{a}は{place}の仕事をすべてそらで覚えていた。
{a} lived to {age}, and never once lost heart.	{a}は{age}歳まで生き、一度もくじけなかった。
{a} looked round {place} one more time.	{a}は最後にもう一度、{place}を見回した。
{a} packed one bag in {season} and left the rest behind.	{a}は{season}に鞄ひとつに荷物を詰め、残りは置いていった。
{a} put in the first part of {work} with their own hands.	{a}は自分の手で{work}の最初の一段を造った。
{a} set off in the {season} light and did not look back.	{a}は{season}の光の中を旅立ち、振り返らなかった。
{a} settles for good	{a}、ここに根を下ろす
{a} slept through everyone's visit.	{a}はみんなが訪ねてくる間、ずっと眠っていた。
{a} spent all day getting {place} ready for {festival}.	{a}は一日じゅう、{festival}に向けて{place}の準備をした。
{a} talked about {festival} for days.	{a}は何日も{festival}の話をしていた。
{a} took the long way home, for once.	{a}は珍しく遠回りして帰った。
{a} unpacked the bag at last, and so did the others.	{a}はようやく鞄の荷ほどきをし、ほかの人たちもそうした。
{a} walked round {work} twice, just to look.	{a}はただ眺めるために、{work}のまわりを二周した。
{a} was a child at {place} once.	{a}もかつては{place}の子どもだった。
{a} was asking round for a room in {season}.	{season}、{a}は部屋を探して回っていた。
{a} was the first down to {place} for {festival}.	{festival}の日、{a}は真っ先に{place}へ下りていった。
{a} was the first to try out {work}.	{a}は真っ先に{work}を試した。
{a} was the last to leave {place} after {festival}.	{festival}のあと、{a}は最後まで{place}に残っていた。
{a} went to work as a {trade} the next morning.	{a}は翌朝、{trade}として働きに出た。
{a}'s window at {place} stayed dark that night.	その夜、{place}の{a}の窓は暗いままだった。
{b} carried {a} round {place} for everyone to see.	{b}は{a}を抱いて{place}を回り、みんなに見せた。
{b} kept a light in the window for {a}.	{b}は{a}のために窓辺に明かりを灯しておいた。
{b} smiled for a week, and {a} for longer.	{b}は一週間にこにこしていて、{a}はもっと長くそうだった。
{b} waited all night for news of {a}.	{b}は一晩じゅう{a}の知らせを待った。
spring	春
summer	夏
autumn	秋
winter	冬
{name} worked at {place} from day {day}	{name}は{day}日目から{place}で働いた
Finished at last: {work}.	ついに完成：{work}。
{a} went to work at {place} the next morning, grown at last.	{a}は翌朝、立派な大人として{place}に働きに出た。
By morning everyone was out counting what the storm had left.	朝になると、みんな外に出て嵐が残したものを数えていた。
The {season} sky went dark.	{season}の空が暗くなった。

# v0.23 the player's mark: works on plots, and who they draw
Hydroponics bay	水耕ベイ
hydroponics bay	水耕ベイ
Infirmary	医務室
infirmary	医務室
Mess hall	食堂
mess hall	食堂
Workshop dome	作業ドーム
workshop dome	作業ドーム
Music pod	音楽ポッド
music pod	音楽ポッド
Schoolroom	教室
schoolroom	教室
Colony flag	コロニーの旗
colony flag	コロニーの旗
Quilt line	キルトの物干し
quilt line	キルトの物干し
Airlock sign	エアロックの看板
airlock sign	エアロックの看板
Fern planter	シダのプランター
fern planter	シダのプランター
Control tower	管制塔
control tower	管制塔
Rover garage	ローバー車庫
rover garage	ローバー車庫
Radio dish	パラボラアンテナ
radio dish	パラボラアンテナ
Supply shop	補給品店
supply shop	補給品店
Cargo depot	貨物倉庫
cargo depot	貨物倉庫
Landing lights	着陸灯
landing lights	着陸灯
Windsock	吹き流し
windsock	吹き流し
Fuel tanks	燃料タンク
fuel tanks	燃料タンク
Dust shelter	防塵シェルター
dust shelter	防塵シェルター
Solar array	太陽光パネル群
solar array	太陽光パネル群
Survey station	測量ステーション
survey station	測量ステーション
Ice drill	氷のドリル
ice drill	氷のドリル
Observatory	天文台
observatory	天文台
Crater bench	クレーターのベンチ
crater bench	クレーターのベンチ
Marker cairn	目印の石塚
marker cairn	目印の石塚
Greenhouse tent	温室テント
greenhouse tent	温室テント
Weather mast	気象マスト
weather mast	気象マスト
Lichen garden	地衣類の庭
lichen garden	地衣類の庭
Low-gravity swing	低重力ぶらんこ
low-gravity swing	低重力ぶらんこ
Ridge beacon	尾根のビーコン
ridge beacon	尾根のビーコン
Record store	レコード店
record store	レコード店
Diner	ダイナー
diner	ダイナー
Garage	ガレージ
garage	ガレージ
Arcade	アーケード
arcade	アーケード
Barber shop	床屋
barber shop	床屋
Video store	レンタルビデオ店
video store	レンタルビデオ店
Painted shop sign	絵付きの店の看板
painted shop sign	絵付きの店の看板
Newsstand	新聞スタンド
newsstand	新聞スタンド
Bus shelter	バス停の屋根
bus shelter	バス停の屋根
Neon lamp	ネオンランプ
neon lamp	ネオンランプ
Bandstand	野外ステージ
bandstand	野外ステージ
Ice cream stand	アイスクリームの屋台
ice cream stand	アイスクリームの屋台
Town clock	町の時計
town clock	町の時計
Flower beds	花壇
flower beds	花壇
Quilt shop	キルトの店
quilt shop	キルトの店
Town flag	町の旗
town flag	町の旗
Wishing fountain	願いの泉
wishing fountain	願いの泉
Gazebo	あずまや
gazebo	あずまや
Chess tables	チェステーブル
chess tables	チェステーブル
Bike rack	自転車置き場
bike rack	自転車置き場
Library	図書館
library	図書館
Gym hall	体育館
gym hall	体育館
Boathouse	艇庫
boathouse	艇庫
Bee garden	ミツバチの庭
bee garden	ミツバチの庭
Science shed	理科小屋
science shed	理科小屋
Sailboat	ヨット
sailboat	ヨット
Treehouse	ツリーハウス
treehouse	ツリーハウス
Bleachers	観客席
bleachers	観客席
Fishing dock	釣り桟橋
fishing dock	釣り桟橋
Rope swing	ロープぶらんこ
rope swing	ロープぶらんこ
Chick nursery	ひなの保育所
chick nursery	ひなの保育所
Song circle	歌の輪
song circle	歌の輪
Fish larder	魚の食料庫
fish larder	魚の食料庫
Lantern ring	ランタンの輪
lantern ring	ランタンの輪
Storytelling berg	語りの氷山
storytelling berg	語りの氷山
Rookery flag	営巣地の旗
rookery flag	営巣地の旗
Feather quilt	羽根のキルト
feather quilt	羽根のキルト
Pebble garden	小石の庭
pebble garden	小石の庭
Snow house	雪の家
snow house	雪の家
Ice slide	氷のすべり台
ice slide	氷のすべり台
Ice market	氷の市場
ice market	氷の市場
Carving hall	彫刻の広間
carving hall	彫刻の広間
Lookout post	見張り所
lookout post	見張り所
Bridge sign	橋の看板
bridge sign	橋の看板
Skating rink	スケートリンク
skating rink	スケートリンク
Kelp racks	昆布の干し台
kelp racks	昆布の干し台
Ice bench	氷のベンチ
ice bench	氷のベンチ
Bell post	鐘の柱
bell post	鐘の柱
Snow arch	雪のアーチ
snow arch	雪のアーチ
Warming hut	暖をとる小屋
warming hut	暖をとる小屋
Kayak shelter	カヤック置き場
kayak shelter	カヤック置き場
Whale watch	クジラの見張り台
whale watch	クジラの見張り台
Ice sculpture garden	氷の彫刻の庭
ice sculpture garden	氷の彫刻の庭
Sail sled	帆つきそり
sail sled	帆つきそり
Aurora seat	オーロラの席
aurora seat	オーロラの席
Fishing hole	漁場の穴
fishing hole	漁場の穴
Moss patch	コケの群生
moss patch	コケの群生
Seal fence	アザラシよけの柵
seal fence	アザラシよけの柵
Far beacon	遠くのビーコン
far beacon	遠くのビーコン
Snow maze	雪の迷路
snow maze	雪の迷路
botanist	植物学者
medic	衛生兵
cook	料理人
engineer	技術者
musician	音楽家
teacher	先生
pilot	パイロット
mechanic	整備士
radio operator	無線技士
quartermaster	補給係
geologist	地質学者
driller	掘削作業員
astronomer	天文学者
record collector	レコード収集家
diner cook	ダイナーのコック
arcade owner	アーケードの店主
barber	床屋
video clerk	ビデオ店の店員
guitarist	ギタリスト
ice cream seller	アイスクリーム売り
clockmaker	時計職人
gardener	庭師
quilter	キルト職人
librarian	司書
coach	コーチ
boatwright	船大工
beekeeper	養蜂家
science teacher	理科の先生
nanny	ベビーシッター
singer	歌手
fisher	漁師
lantern tender	ランタン番
storyteller	語り部
trader	商人
ice carver	氷彫刻師
scout	偵察係
boatbuilder	船大工
whale watcher	クジラの見張り番
sculptor	彫刻家
Need a song played for someone? Tell me who, and I'll spin it on air.	誰かに曲をかけてほしい？誰にか教えてくれたら、放送でかけるよ。
Tell me who, and I'll spin it on air.	誰にか教えてくれたら、放送でかけるよ。
Last time round, clean-up day came and went.	前回は、大掃除の日が来て、過ぎていった。
Last time round, Lena's birthday was forgotten.	前回は、レナの誕生日は忘れられていた。
Last time round, Lena's wrench stayed lost.	前回は、レナのレンチは見つからないままだった。
Last time round, Nia's birthday was forgotten.	前回は、ニアの誕生日は忘れられていた。
Last time round, Nia's wrench stayed lost.	前回は、ニアのレンチは見つからないままだった。
Last time round, nobody saw to a crack in the ice, and it got worse.	前回は、氷の割れ目は誰にも手当てされず、悪化した。
Last time round, nobody saw to a failing seal, and it got worse.	前回は、だめになりかけたシールは誰にも手当てされず、悪化した。
Last time round, nobody saw to a sparking fuse box, and it got worse.	前回は、火花を出すヒューズボックスは誰にも手当てされず、悪化した。
Last time round, Piko's birthday was forgotten.	前回は、ピコの誕生日は忘れられていた。
Last time round, Piko's wrench stayed lost.	前回は、ピコのレンチは見つからないままだった。
Last time round, the argument simmered on.	前回は、言い争いはくすぶり続けた。
Last time round, the clouds came in.	前回は、雲が出てきた。
Last time round, the long dark passed.	前回は、長い闇が過ぎた。
Last time round, the supper went cold.	前回は、夕食は冷めてしまった。
Last time round, they mended a crack in the ice together.	前回は、ふたりで氷の割れ目を直した。
Last time round, they mended a failing seal together.	前回は、ふたりでだめになりかけたシールを直した。
Last time round, they mended a sparking fuse box together.	前回は、ふたりで火花を出すヒューズボックスを直した。
Last time round, they sat out a blizzard together.	前回は、ふたりで吹雪をやり過ごした。
Last time round, they sat out a dust front together.	前回は、ふたりで砂嵐の前線をやり過ごした。
Last time round, they sat out a thunderstorm together.	前回は、ふたりで雷雨をやり過ごした。
Last time round, they shared out the delivery truck.	前回は、配達トラックの荷をふたりで分け合った。
Last time round, they shared out the herring run.	前回は、ニシンの群れの獲物をふたりで分け合った。
Last time round, they shared out the supply drop.	前回は、補給物資をふたりで分け合った。
Last time round, time took the edge off.	前回は、時がとげをやわらげた。
Last time round, a blizzard caught them apart.	前回は、吹雪がふたりを引き離した。
Last time round, a dust front caught them apart.	前回は、砂嵐の前線がふたりを引き離した。
Last time round, a thunderstorm caught them apart.	前回は、雷雨がふたりを引き離した。
Last time round, the county fair came and went.	前回は、郡のお祭りが来て、過ぎていった。
Last time round, the delivery truck sat unopened.	前回は、配達トラックの荷は開けられないままだった。
Last time round, the great migration came and went.	前回は、大移動が来て、過ぎていった。
Last time round, the herring run sat unopened.	前回は、ニシンの群れの獲物は手つかずのままだった。
Last time round, the launch window came and went.	前回は、打ち上げの時期が来て、過ぎていった。
Last time round, the supply drop sat unopened.	前回は、補給物資は開けられないままだった。
Last time round, {name} and {other} cleaned up Ares Habitat together.	前回は、{name}と{other}は一緒にアレス居住区を掃除した。
Last time round, {name} and {other} cleaned up Icebridge together.	前回は、{name}と{other}は一緒にアイスブリッジを掃除した。
Last time round, {name} and {other} cleaned up Maple Arcade together.	前回は、{name}と{other}は一緒にメイプル・アーケードを掃除した。
Last time round, {name} and {other} made it up.	前回は、{name}と{other}は仲直りした。
Last time round, {name} and {other} shared a supper.	前回は、{name}と{other}は夕食を共にした。
Last time round, {name} and {other} talked it all through.	前回は、{name}と{other}はとことん話し合った。
Last time round, {name} and {other} traded with a passing trader.	前回は、{name}と{other}は通りがかりの行商人と取引した。
Last time round, {name} and {other} waited out the long dark together.	前回は、{name}と{other}は一緒に長い闇を乗りきった。
Last time round, {name} and {other} watched the stars.	前回は、{name}と{other}は星を眺めた。
Last time round, {name} and {other} worked on a back room at the arcade.	前回は、{name}と{other}はアーケードの奥の部屋に取りかかった。
Last time round, {name} and {other} worked on a second bridge span.	前回は、{name}と{other}は二つ目の橋桁に取りかかった。
Last time round, {name} and {other} worked on a second dome.	前回は、{name}と{other}は二つ目のドームに取りかかった。
Last time round, {name} brought {other} home.	前回は、{name}は{other}を連れて帰った。
Last time round, {name} followed a far-off song across the ice.	前回は、{name}は氷の向こうの遠い歌を追いかけた。
Last time round, {name} followed a late call-in from out of town.	前回は、{name}は町の外からの遅い電話を追いかけた。
Last time round, {name} followed a signal from the old lander.	前回は、{name}は古い着陸機からの信号を追いかけた。
Last time round, {name} found Lena's wrench.	前回は、{name}はレナのレンチを見つけた。
Last time round, {name} found Nia's wrench.	前回は、{name}はニアのレンチを見つけた。
Last time round, {name} found Piko's wrench.	前回は、{name}はピコのレンチを見つけた。
Last time round, {name} found the way home alone.	前回は、{name}はひとりで帰り道を見つけた。
Last time round, {name} went looking for the signal.	前回は、{name}は信号を探しに出かけた。
Last time round, {name} won the argument.	前回は、{name}は言い争いに勝った。
Last time round, {x}.	前回は、{x}。
# v0.24 C: a story for every player (wants taken up, plots cleared)
{helper} took it on, and {x}	{helper}が引き受けて、{x}
after you said “{answer}”	あなたが「{answer}」と言ったあと
after {name} was left waiting	{name}が待たされたまま
A new plot was cleared by {place}	{place}のそばに新しい区画が切り開かれた
# v0.24: a life told from the festivals it saw
{name}'s first {festival}	{name}の初めての{festival}
{name}'s first {festival} here	{name}がここで迎える初めての{festival}
# v0.24: an almanac named for its place
The colony's year {n}	コロニーの{n}年目
The street's year {n}	通りの{n}年目
# v0.24: a chapter told as it ends
{title} came to an end	{title}は終わりを迎えた
You lent a hand with {x}	{x}の作業を手伝った
# Whole lines where a word alone would read wrongly, in Japanese order.
{who} crossed the bridge singing.	{who}が歌いながら橋を渡っていった。
{customer} {bought}	{customer}が{bought}
# People's names, in katakana.
Nia Chen	ニア・チェン
Nia	ニア
Tomas Vale	トマス・ヴェイル
Tomas	トマス
Ines Duarte	イネス・ドゥアルテ
Ines	イネス
Lena Ortiz	レナ・オルティス
Lena	レナ
Max Park	マックス・パーク
Max	マックス
Ray Kowalski	レイ・コワルスキ
Ray	レイ
Piko	ピコ
Miri	ミリ
Tuk	トゥク
Uko	ウコ
Gus	ガス
Dunn	ダン
Henderson	ヘンダーソン
Kowalski	コワルスキ
Dana	ダナ
Sura	スーラ
Yusuf Adeyemi	ユスフ・アデイェミ
Sasha Petrov	サーシャ・ペトロフ
Lin Mei	リン・メイ
Oskar Holm	オスカル・ホルム
Priya Raman	プリヤ・ラマン
Dmitri Sokol	ドミトリ・ソコル
Amara Obi	アマラ・オビ
Freya Lund	フレイヤ・ルンド
Kofi Mensah	コフィ・メンサー
Elena Ruiz	エレナ・ルイス
Hiro Tanaka	ヒロ・タナカ
Nadia Haddad	ナディア・ハダッド
Ravi Kapoor	ラヴィ・カプール
Greta Nilsson	グレタ・ニルソン
Tariq Bashir	タリク・バシール
Chloe Martin	クロエ・マルタン
Mateo Silva	マテオ・シルバ
Ada Nwosu	エイダ・ヌウォス
Jonas Berg	ジョナス・ベリ
Leila Karimi	レイラ・カリミ
Pavel Novak	パヴェル・ノヴァーク
Sun Li	スン・リー
Marisol Vega	マリソル・ベガ
Ibrahim Diallo	イブラヒム・ディアロ
Hanna Virtanen	ハンナ・ヴィルタネン
Kai Keawe	カイ・ケアヴェ
Zofia Nowak	ゾフィア・ノヴァク
Arjun Mehta	アルジュン・メータ
Ingrid Dahl	イングリッド・ダール
Tomasz Kral	トマシュ・クラール
Wanjiru Kamau	ワンジル・カマウ
Felix Braun	フェリックス・ブラウン
Rosa Delgado	ローザ・デルガド
Emeka Okafor	エメカ・オカフォー
Mira Stein	ミラ・シュタイン
Diego Castro	ディエゴ・カストロ
Aiko Mori	アイコ・モリ
Omar Farouk	オマル・ファルーク
Donna	ドナ
Ricky	リッキー
Tanya	ターニャ
Walt	ウォルト
Keisha	キーシャ
Eddie	エディ
Joanie	ジョーニー
Mikey	マイキー
Carla	カーラ
Dwayne	ドウェイン
Stacy	ステイシー
Kevin	ケビン
Brenda	ブレンダ
Tony	トニー
Lisa	リサ
Marcus	マーカス
Wendy	ウェンディ
Rodney	ロドニー
Tina	ティナ
Duane	デュエイン
Sheila	シーラ
Jimmy	ジミー
Denise	デニス
Troy	トロイ
Angie	アンジー
Curtis	カーティス
Patty	パティ
Lamar	ラマー
Heather	ヘザー
Vince	ヴィンス
Rosa	ローザ
Gary	ゲイリー
Yolanda	ヨランダ
Scott	スコット
Debbie	デビー
Andre	アンドレ
Kim	キム
Terry	テリー
Shawn	ショーン
Nicole	ニコール
Pip	ピップ
Olo	オロ
Nessa	ネッサ
Brr	ブルル
Kiki	キキ
Umi	ウミ
Flo	フロー
Wob	ウォブ
Tiki	ティキ
Snow	スノウ
Nib	ニブ
Tolo	トロ
Suki	スキ
Frost	フロスト
Puff	パフ
Dot	ドット
Ploo	プルー
Yuki	ユキ
Bibi	ビビ
Momo	モモ
Taku	タク
Lumi	ルミ
Kip	キップ
Noa	ノア
Skip	スキップ
Fizz	フィズ
Oona	ウーナ
Bo	ボー
Tuft	タフト
Minnow	ミノー
Sleet	スリート
Ripple	リプル
Squall	スコール
Drift	ドリフト
Pebble	ペブル
Hush	ハッシュ
Wren	レン
Nuk	ヌク
Tay	テイ
Zuzu	ズズ
Luna	ルナ
Orion	オリオン
Vesta	ヴェスタ
Kian	キアン
Nova	ノヴァ
Remy	レミー
Soleil	ソレイユ
Ezra	エズラ
Talia	タリア
Juno	ジュノー
Kayla	ケイラ
Jason	ジェイソン
Bethany	ベサニー
Tyler	タイラー
Ashley	アシュリー
Justin	ジャスティン
Amber	アンバー
Kyle	カイル
Megan	メーガン
Cody	コーディ
Pippa	ピッパ
Nubbin	ナビン
Floe	フロウ
Tuffet	タフェット
Mookie	ムーキー
Sprat	スプラット
Wibble	ウィブル
Kelp	ケルプ
Dimple	ディンプル
Squeak	スクイーク
Yusuf	ユスフ
Sasha	サーシャ
Lin	リン
Oskar	オスカル
Priya	プリヤ
Dmitri	ドミトリ
Amara	アマラ
Freya	フレイヤ
Kofi	コフィ
Elena	エレナ
Hiro	ヒロ
Nadia	ナディア
Ravi	ラヴィ
Greta	グレタ
Tariq	タリク
Chloe	クロエ
Mateo	マテオ
Ada	エイダ
Leila	レイラ
Pavel	パヴェル
Sun	スン
Marisol	マリソル
Ibrahim	イブラヒム
Hanna	ハンナ
Kai	カイ
Zofia	ゾフィア
Arjun	アルジュン
Ingrid	イングリッド
Tomasz	トマシュ
Wanjiru	ワンジル
Felix	フェリックス
Emeka	エメカ
Mira	ミラ
Diego	ディエゴ
Aiko	アイコ
Omar	オマル
# Told of oneself in a letter.
{a} and me fell out	{a}と私はけんかしちゃった
{a} and me became firm friends	{a}と私は大の仲良しになった
{a} and me made it up	{a}と私は仲直りした
{a} and me drifted apart	{a}と私はなんとなく疎遠になった
{name} brought me an offline drill.	{name}が動かないドリルを持ってきた。
# Outcomes, roles, places and letters (v0.27).
{a} and {b} cleaned up {place} together	{a}と{b}はいっしょに{place}を片づけた
{a} and {b} cleaned up after the weather	{a}と{b}は荒れた天気のあと片づけをした
{a} and {b} talked it all through	{a}と{b}はとことん話しあった
{a} and {b} traded with a passing trader	{a}と{b}は通りがかりの商人と取り引きした
{a} and {b} waited out the long dark together	{a}と{b}はいっしょに長い闇をやりすごした
{a} and {b} watched the stars	{a}と{b}は星を眺めた
{a} watched the stars alone	{a}はひとりで星を眺めた
{a} found {b}'s wrench	{a}が{b}のレンチを見つけた
{a} went looking for the signal	{a}は信号を探しに出かけた
The argument simmered on	言い争いはくすぶり続けた
late-night DJ	深夜のDJ
night-shift student	夜勤の学生
radio volunteer	ラジオ局のボランティア
greenhouse keeper	温室係
rover scout	ローバーの偵察係
systems keeper	システム係
bridge keeper	橋の番人
fish-vault keeper	魚蔵の番人
lantern keeper	ランタン係
young fisher	若い漁師
open late	夜遅くまで営業
radio station	ラジオ局
pressurized	与圧済み
lanterns lit	ランタンがともっている
storehouse	倉庫
retired	引退
a baby for {} and me, born on Mars: {}	{}と私に赤ちゃんが生まれたの。火星生まれの{}だよ
the whole colony came to {}'s and my party at {}	{}と私が{}で開いたパーティーに、コロニーのみんなが来てくれたんだ
the whole street came to {}'s and my party at {}	{}と私が{}で開いたパーティーに、通りのみんなが来てくれたんだ

# What people say using what the player made, more of it (v0.27).
The dome hummed while we sat by the {what}. Nobody talked. Didn't need to.	{what}のそばに座ってると、ドームが低くうなってた。誰もしゃべらなかったけど、それでよかった。
Someone read old letters from Earth by the {what}. We all listened.	{what}のそばで誰かが地球からの古い手紙を読んで、みんなで聞き入ってたよ。
Watched Deimos cross the sky from the {what}.	{what}から、ダイモスが空を横切るのを見てた。
Rehydrated cocoa by the {what}. Tasted almost real.	{what}のそばで粉末ココアを溶かして飲んだよ。ほとんど本物の味がした。
The {what} by the airlock is where the crew unwinds now.	エアロックのそばの{what}は、今じゃみんなが一息つく場所なんだ。
Someone hummed a song from home by the {what}. We all knew it.	{what}のそばで誰かが故郷の歌を口ずさんだら、みんな知ってたよ。
We swapped stories of our first dust storm by the {what}.	{what}のそばで、はじめての砂嵐の話をみんなで披露しあったよ。
Fixed a glove by the light of the {what}. Good light for it.	{what}の明かりで手袋をつくろったよ。ちょうどいい明るさなんだ。
The {what} made the long night cycle feel short.	{what}のおかげで、長い夜のサイクルもあっという間だった。
We drew the Earth from memory by the {what}. Everyone's was different.	{what}のそばで、記憶だけで地球を描いてみたよ。みんな違う地球になった。
Ration bars and good company by the {what}. Better than it sounds.	{what}のそばで、配給バーと気のいい仲間。聞こえるよりずっといい夜だった。
Played twenty questions by the {what}. The answer was always "dust".	{what}のそばで二十の質問をしたよ。答えはいつも「ほこり」だった。
Somebody brought the good coffee to the {what}. The last tin.	誰かがとっておきのコーヒーを{what}に持ってきてくれた。最後のひと缶だよ。
The heaters ticked and the {what} glowed. Felt like a home.	ヒーターがかちかち鳴って、{what}が光ってた。まるで家みたいだったよ。
We planned a garden for when the dome's bigger. By the {what}, naturally.	ドームが広くなったら作る庭の計画を立てたよ。もちろん{what}のそばでね。
Stargazing by the {what}. Earth was the bright blue one. We all waved.	{what}のそばで星を見たよ。明るい青いのが地球。みんなで手を振った。
Sat by the {what} after the shift and let my ears stop ringing.	仕事のあと{what}のそばに座って、耳鳴りがおさまるのを待ってた。
Someone told the story of the first landing by the {what}. Again. We let them.	{what}のそばで、また最初の着陸の話が始まった。みんな黙って聞いてあげたよ。
The {what} and a deck of cards: all a colony needs, really.	{what}とトランプがあれば、コロニーにはそれで十分なんだ。
Dust storm outside, warm light by the {what} inside. Perfect evening.	外は砂嵐、中は{what}のあたたかい明かり。最高の夜だったよ。
We sat by the {what} and named the craters we can see. Badly.	{what}のそばで、見えるクレーターに名前をつけたよ。ひどい名前ばかり。
{other} and I fixed a radio by the {what}. Now it plays static. Lovely static.	{other}と{what}のそばでラジオを直したよ。今は雑音しか出ないけど、いい雑音なんだ。
{other} showed me photos from Earth by the {what}. Their dog looks just like them.	{other}が{what}のそばで地球の写真を見せてくれた。飼ってる犬がそっくりなんだ。
{other} and I raced toy rovers by the {what}. I won. Barely.	{other}と{what}のそばでおもちゃのローバーを競走させたよ。ぎりぎり私の勝ち。
{other} taught me the names of the Earth constellations by the {what}.	{other}が{what}のそばで、地球の星座の名前を教えてくれたよ。
{other} and I shared the last fresh tomato by the {what}.	{other}と{what}のそばで、最後の新鮮なトマトを分けあったよ。
{other} fell asleep mid-story by the {what}. Best story yet.	{other}が{what}のそばで話の途中で寝ちゃった。今までで一番いい話だったのに。
Your {what} gave us a salad. A real salad, on Mars.	あなたの{what}でサラダができたよ。火星で本物のサラダ！
Brought you the best from your {what}. The crew voted.	あなたの{what}からいちばんいいのを持ってきたよ。みんなで投票したんだ。
Your {what} smells like rain. We miss rain.	あなたの{what}、雨のにおいがするよ。雨が恋しいな。
From your {what}. Fresher than anything on the supply shuttle.	あなたの{what}からだよ。補給シャトルのどれよりも新鮮なんだ。
Your {what} is the greenest thing for a million miles. Here.	あなたの{what}は、百万マイル四方でいちばん緑なんだ。はい、どうぞ。
Picked these from your {what} after the dust settled.	砂ぼこりがおさまってから、あなたの{what}から摘んできたよ。
Your {what} grew this. Nia wants to study it. I said eat it.	あなたの{what}がこれを育てたの。ニアは研究したいって。私は食べようって言った。
Somebody brought a cassette player to the {what}. We danced on the pavement.	誰かが{what}にカセットプレーヤーを持ってきて、歩道で踊ったよ。
Played kick the can by the {what} till the streetlights buzzed on.	{what}のそばで缶けりをして、街灯がじーっとつくまで遊んだよ。
The {what} by the arcade is where everyone ends up after the diner closes.	ゲームセンターのそばの{what}は、ダイナーが閉まったあとみんなが集まる場所なんだ。
Lightning bugs and a warm night by the {what}. Summer, basically.	{what}のそばでホタルと暖かい夜。まさに夏だね。
We swapped mixtapes by the {what}. I got the good one.	{what}のそばでミックステープを交換したよ。いいのをもらっちゃった。
Ate popsicles by the {what}. Mine melted down my arm.	{what}のそばでアイスキャンディーを食べたよ。腕まで溶けてきちゃった。
The night bus went by twice while we sat by the {what}.	{what}のそばに座ってるあいだに、夜行バスが二回通り過ぎたよ。
Someone's mom brought lemonade out to the {what}. Best lemonade on the street.	誰かのお母さんが{what}までレモネードを持ってきてくれた。この通りで一番おいしいよ。
We sat by the {what} and rated every car that went by.	{what}のそばに座って、通る車に一台ずつ点数をつけたよ。
Thunder rolled in, so we crowded under by the {what}. Nobody went home.	雷が鳴ってきたから、{what}のそばに身を寄せあったよ。誰も帰らなかった。
K-88 played the top forty by the {what}. We knew every word.	{what}のそばでK-88のトップ40がかかってて、みんな全部歌えたよ。
Hula hoops by the {what}. I can do forty now.	{what}のそばでフラフープ。今は四十回できるんだ。
The {what} on a Friday night. Nowhere better on Maple Street.	金曜の夜の{what}。メープル通りでこれ以上の場所はないよ。
We made plans for the summer fair by the {what}. Big ones.	{what}のそばで夏祭りの計画を立てたよ。大きな計画をね。
Somebody's dog sat with us by the {what} all evening. Good dog.	誰かの犬が一晩じゅう{what}のそばで一緒に座ってた。いい子だよ。
Traded comics by the {what}. I'm still a Spider-Man short.	{what}のそばでコミックを交換したよ。スパイダーマンがまだ一冊足りない。
The ice cream truck stopped right by the {what}. Fate.	アイスクリームのトラックが{what}のすぐそばに止まったんだ。運命だね。
Rode bikes in circles round the {what} till the porch lights came on.	玄関の明かりがつくまで、{what}のまわりを自転車でぐるぐる回ってたよ。
Old Walt told us about the street in the fifties, by the {what}.	{what}のそばで、ウォルトじいさんが五十年代の通りの話をしてくれた。
Sat by the {what} and watched the arcade sign flicker. Hypnotic.	{what}のそばで、ゲームセンターの看板がちらちらするのを眺めてた。見入っちゃうよ。
The {what} after rain smells like summer and pavement. Nice.	雨上がりの{what}のあたりは、夏とアスファルトのにおいがするんだ。いいよね。
{other} and I recorded a radio show by the {what}. Audience of two.	{other}と{what}のそばでラジオ番組を録音したよ。聴いてるのは二人だけ。
{other} beat me at arm wrestling by the {what}. Rematch Friday.	{other}に{what}のそばで腕相撲で負けた。金曜にリベンジだ。
{other} and I planned a road trip by the {what}. We'll never go. Still fun.	{other}と{what}のそばでドライブ旅行の計画を立てたよ。行かないだろうけど楽しかった。
{other} taught me to moonwalk by the {what}. Sort of.	{other}が{what}のそばでムーンウォークを教えてくれた。一応ね。
{other} and I shared fries from the diner by the {what}.	{other}と{what}のそばで、ダイナーのフライドポテトを分けあったよ。
{other} told me a secret by the {what}. It's a good one.	{other}が{what}のそばで秘密を教えてくれた。いい秘密なんだ。
Your {what} gave us enough for the whole block. Here's yours.	あなたの{what}、この一画みんなの分くらい採れたよ。はい、あなたの分。
The diner says your {what} is the real deal. Here.	ダイナーの人が、あなたの{what}は本物だって。はい。
Fresh from your {what}, still warm from the sun.	あなたの{what}から採れたて。まだお日さまであったかいよ。
Your {what} did great this year. Grandma's impressed, and she's never impressed.	あなたの{what}、今年は大成功だね。おばあちゃんも感心してたよ。めったにしないのに。
Picked a bagful from your {what}. Left some for the birds.	あなたの{what}からひと袋摘んできたよ。鳥の分も少し残しておいた。
From your {what}. I'd trade a whole mixtape for these.	あなたの{what}からだよ。ミックステープ一本と交換してもいいくらい。
Your {what} is the talk of Maple Street. Try one.	あなたの{what}、メープル通りで評判なんだ。ひとつどうぞ。
The aurora came out while we sat by the {what}. Green as kelp.	{what}のそばに座ってたら、オーロラが出たよ。昆布みたいな緑色。
We shuffled closer to the {what} as the wind got up. Toasty.	風が強くなってきたから、{what}のほうへみんなで寄っていったよ。ぽかぽか。
Someone told the tale of the great iceberg by the {what}. Shivers.	{what}のそばで誰かが大きな氷山の昔話をしてくれた。ぞくっとしたよ。
The chicks played slide-the-pebble by the {what} till bedtime.	ひなたちが寝る時間まで{what}のそばで石すべりをして遊んでた。
Sang the moonrise song by the {what}. Off key. Beautifully.	{what}のそばで月の出の歌を歌ったよ。音程はずれてたけど、きれいだった。
We sat by the {what} and listened to the ice creak.	{what}のそばに座って、氷がきしむ音を聞いてた。
A seal popped up near the {what}. Everyone pretended not to be scared.	{what}の近くにアザラシが顔を出したよ。みんな怖くないふりをしてた。
The {what} by the bridge is where the colony gathers now.	橋のそばの{what}は、今じゃコロニーのみんなが集まる場所なんだ。
Shared the last of the krill by the {what}. Nobody counted.	{what}のそばで最後のオキアミを分けあったよ。誰も数えなかった。
The long night is easier by the {what}. Everyone says so.	{what}のそばだと、長い夜も楽になるんだ。みんなそう言ってる。
We guessed the shapes of the clouds by the {what}. All fish.	{what}のそばで雲の形当てをしたよ。ぜんぶ魚に見えた。
Snow fell soft by the {what}. Nobody wanted to move.	{what}のそばに雪がそっと降ってた。誰も動きたがらなかったよ。
Practised the council squawk by the {what}. We're getting good.	{what}のそばで議会の鳴き声を練習したよ。上手になってきた。
The elders told stories of the first floe by the {what}.	長老たちが{what}のそばで、最初の流氷の話をしてくれた。
We sat by the {what} and watched the stars wheel over the ice.	{what}のそばに座って、氷の上をめぐる星を眺めてた。
A tide of chatter by the {what} tonight. Lovely noise.	今夜は{what}のそばでおしゃべりの波。いいにぎやかさだったよ。
Slid down the snowbank and back to the {what}. Twelve times.	雪の土手をすべって{what}まで戻る。それを十二回やったよ。
Warm breath and a warm light by the {what}. Enough.	{what}のそばに、あたたかい息とあたたかい光。それで十分だよ。
Watched the fish-vault lanterns from the {what}. Like little moons.	{what}から魚蔵のランタンを眺めてた。小さな月みたいだったよ。
We told the chicks about the warm sea by the {what}. They didn't believe us.	{what}のそばで、ひなたちにあたたかい海の話をしたよ。信じてくれなかったけど。
Huddled by the {what} through a blizzard. Laughing, mostly.	吹雪のあいだ{what}のそばで寄りそってたよ。ほとんど笑ってた。
{other} and I built a tiny snow bridge by the {what}. It held a pebble.	{other}と{what}のそばで小さな雪の橋を作ったよ。小石が一つのった。
{other} and I shared a sprat by the {what}. Very romantic.	{other}と{what}のそばで小魚を分けあったよ。とってもロマンチック。
{other} taught me to toboggan on my belly by the {what}.	{other}が{what}のそばで、おなかで雪をすべるやり方を教えてくれた。
{other} and I counted the chicks by the {what}. Twice. Different answers.	{other}と{what}のそばでひなを数えたよ。二回数えて、答えが違った。
{other} told me where the best fish hide, by the {what}. Shh.	{other}が{what}のそばで、いい魚の隠れ場所を教えてくれた。しーっ。
{other} fell asleep on my shoulder by the {what}. I stayed put.	{other}が{what}のそばで私の肩にもたれて寝ちゃった。じっとしてたよ。
Your {what} fed half the colony. Here's your share.	あなたの{what}で、コロニーの半分がおなかいっぱいだよ。はい、あなたの分。
Fresh from your {what}, before the gulls found it.	カモメに見つかる前に、あなたの{what}から採ってきたよ。
Your {what} grew through the frost. Brave little thing.	あなたの{what}、霜をくぐりぬけて育ったんだ。けなげだね。
From your {what}. The elders say it's lucky.	あなたの{what}からだよ。長老たちは縁起がいいって。
Picked from your {what} under the aurora. Tastes green.	オーロラの下で、あなたの{what}から摘んだよ。緑の味がする。
Your {what} keeps the vault full. The chicks thank you.	あなたの{what}のおかげで蔵がいっぱい。ひなたちがお礼を言ってるよ。
The best of your {what}, wrapped in kelp. Very fancy.	あなたの{what}のいちばんいいのを、昆布で包んできたよ。とってもおしゃれでしょ。
# Getting on with a work on their own, more of it (v0.27).
Did a bit before the dust came up. It counts.	砂ぼこりが立つ前に少しだけ進めたよ。これも立派な一歩。
Kestrel and I hauled the panels. Kestrel did most of it.	ケストレルと一緒にパネルを運んだよ。ほとんどケストレルがやったけど。
Half a sol of work. My gloves are done for.	半ソル働いたよ。手袋はもうぼろぼろ。
Another weld, another sol. It's taking shape.	また溶接して、また一ソル。だんだん形になってきた。
I logged the hours myself. Nia can check them.	作業時間は自分で記録したよ。ニアが確かめてもいい。
The suit's hot, but the work's going on.	スーツの中は暑いけど、作業は続いてるよ。
Got further than I thought, working through the night cycle.	夜のサイクルも働いて、思ったより進んだよ。
No crew to spare, so it's me and the toolkit.	手のあいてる人がいないから、私と工具箱の二人きり。
Put the radio on and got a bit done. Good tunes, too.	ラジオをつけて少し進めたよ。いい曲もかかったし。
Borrowed a ladder from the arcade. Don't tell them.	ゲームセンターからはしごを借りちゃった。ないしょだよ。
An hour after my shift. Every hour counts.	仕事のあとに一時間。一時間ずつが大事なんだ。
My hands smell of paint and I don't even mind.	手がペンキくさいけど、ちっとも気にならないよ。
It's coming along. Slowly, but it's coming.	進んでるよ。ゆっくりだけど、ちゃんと進んでる。
The kids from the diner helped carry stuff. Sort of.	ダイナーの子たちが荷物運びを手伝ってくれた。一応ね。
Worked by the streetlight till my mum called me in.	母さんに呼ばれるまで、街灯の下で作業してたよ。
One more evening and you'll see a difference.	あとひと晩やれば、違いがわかるはずだよ。
Waddled the blocks over myself. My feet are cold.	ブロックは自分でよちよち運んだよ。足が冷たい。
The chicks watched me work. Very serious little critics.	ひなたちが私の仕事を見てたよ。とってもまじめな小さな批評家たち。
Got a bit done between fishing trips.	漁の合間に少し進めたよ。
The wind blew half of it away. I put it back.	風で半分飛ばされたけど、元に戻したよ。
Patted the snow down till it held. It held!	雪を固めてたら、ちゃんと持ちこたえた。持ちこたえたよ！
Worked till the aurora came up. Lovely light to work by.	オーロラが出るまで働いたよ。いい明かりだった。
One more stone on the pile. Nearly a wall now.	石をもうひとつ積んだよ。もうすぐ壁になる。
Nobody asked me to, but someone had to.	誰にも頼まれてないけど、誰かがやらなきゃね。
# What people say resting on what the player made, more of it (v0.27).
Sat on the {what} and listened to the dome tick as it cooled.	{what}に座って、ドームが冷えていくかちかちという音を聞いてた。
The {what} is the one place nobody asks me for a status report.	{what}だけは、誰にも状況報告を求められない場所なんだ。
Read my sister's last message twice on the {what}.	{what}で、妹からの最新のメッセージを二回読んだよ。
Five minutes on the {what} and the red outside looks almost friendly.	{what}で五分休むと、外の赤い景色もなんだか優しく見えるんだ。
Fixed a seal on my glove sitting on the {what}. Multitasking.	{what}に座ったまま手袋のシールを直したよ。ながら作業ってやつ。
The {what} doesn't hum or beep. That's why I like it.	{what}はうなりもしないし、ピーピーも鳴らない。だから好きなんだ。
Watched the rover tracks fill with dust from the {what}.	{what}から、ローバーのわだちに砂がたまっていくのを眺めてた。
Sat on the {what} and planned what I'd plant if water were free.	{what}に座って、水がただだったら何を植えるか考えてた。
My back needed the {what} more than my schedule did.	スケジュールより、私の背中のほうが{what}を必要としてたんだ。
Counted the panels on the dome from the {what}. Forty-two. Still.	{what}からドームのパネルを数えたよ。四十二枚。やっぱりね。
The {what} is cold at first, then just right.	{what}は座ったばかりだと冷たいけど、すぐにちょうどよくなるんだ。
A quiet sit on the {what} before the night cycle. Needed that.	夜のサイクルの前に{what}で静かにひと休み。これが必要だったんだ。
Waved at the mail truck from the {what}. The driver honked back.	{what}から郵便トラックに手を振ったら、運転手がクラクションで返してくれた。
Sat on the {what} and finished my crossword. Mostly.	{what}に座ってクロスワードを解いたよ。だいたいね。
The {what} is the best spot to hear the arcade through the wall.	{what}は、壁越しにゲームセンターの音が聞こえる一番の場所なんだ。
Shared the {what} with a lady and her poodle. Both very polite.	{what}を、ご婦人とプードルと分けあったよ。どちらもとても礼儀正しかった。
Sat on the {what} with a soda till the fizz ran out.	{what}に座ってソーダを飲んでたら、炭酸が抜けちゃった。
The {what} is where I go when the house gets too loud.	家がうるさすぎるときは、{what}に行くんだ。
Watched the sprinklers go round from the {what}. Summer sound.	{what}から、スプリンクラーがくるくる回るのを見てた。夏の音だね。
Five minutes on the {what} before the bus. Made it, just.	バスの前に{what}で五分休憩。ぎりぎり間に合ったよ。
The {what} creaks when you lean back. Like an old friend.	{what}にもたれると、きしむんだ。古い友だちみたいに。
Wrote a postcard to my cousin on the {what}. Drew the street on it.	{what}でいとこに絵はがきを書いたよ。通りの絵も描いた。
Sat on the {what} and counted the porch lights coming on.	{what}に座って、玄関の明かりがつくのを数えてた。
Nobody's in a hurry on the {what}. That's the rule.	{what}では誰も急がない。それがルールなんだ。
Sat on the {what} and watched the icebergs drift past. Slow parade.	{what}に座って、氷山が流れていくのを見てた。ゆっくりしたパレードだね。
The {what} is where I go to dry my feathers.	羽を乾かすなら{what}なんだ。
Fluffed up on the {what} and let the wind go round me.	{what}の上でふくらんで、風をよけてたよ。
Rested my flippers on the {what}. They'd earned it.	{what}でひれを休めたよ。よく働いたからね。
Watched the krill shimmer from the {what}. Lunch, later.	{what}からオキアミがきらきらするのを見てた。あとでお昼にしよう。
The {what} is the quietest spot when the chicks are napping.	ひなたちがお昼寝してるとき、{what}がいちばん静かな場所なんだ。
Sat on the {what} and practised my best council speech.	{what}に座って、議会での一番いい演説を練習したよ。
A seal waved from the floe while I sat on the {what}. I think.	{what}に座ってたら、流氷の上のアザラシが手を振った。気がする。
The {what} keeps the snow off my back. Clever thing.	{what}のおかげで背中に雪がつかない。かしこいやつだ。
Five minutes on the {what}, then back to the fish vault.	{what}で五分休んで、また魚蔵に戻るよ。
Sat on the {what} and watched my breath turn to little clouds.	{what}に座って、吐く息が小さな雲になるのを見てた。
The {what} by the bridge has the best view of the sunrise. When there is one.	橋のそばの{what}は、日の出がいちばんよく見えるんだ。日が出ればね。
Tested every span with a careful waddle. All solid.	一歩ずつよちよち、全部の橋を確かめたよ。どこもがっしりしてた。
Packed fresh snow into the cracks. Good as new.	ひび割れに新しい雪を詰めたよ。新品同様。
The wind took a rail. I put up a better one.	風で手すりが一本飛んだ。もっといいのをつけたよ。
{friend} brought me a fish halfway through the mending. Bless them.	修理の途中で{friend}が魚を持ってきてくれた。ありがたいね。
Smoothed the walkway so the chicks stop slipping.	ひなたちがすべらないように、通り道をならしたよ。
Long day on the bridge. It holds, and so do I.	橋の上で長い一日。橋はもってる。私もね。
You look tired. How are you holding up?	疲れてるみたいだね。大丈夫？
What do you think of {name}?	{name}のこと、どう思う？
Is there anything you need?	何か必要なものはある？
How's work going?	仕事はどう？
What's new with you?	最近なにか変わったことある？
A few of us made something of our own: {b}	何人かで、自分たちで{b}を作った
a few of us made something of our own: {b}	何人かで、自分たちで{b}を作った
Dust settled on the solar panels	ソーラーパネルに砂ぼこりが積もった
The panels are under dust again. Sweep them before the shift?	パネルがまた砂をかぶってる。シフトの前に掃いておく？
Sweep them now	今すぐ掃く
Brooms and a long morning.	ほうきを持って、長い朝になる。
{explorer} and you swept the solar panels clean	{explorer}とあなたでソーラーパネルをきれいに掃いた
Full power by noon. Look at that needle!	昼には満充電。あの針を見て！
After the shift	シフトのあとで
The power runs low till evening.	夕方まで電力が心もとない。
The solar panels stayed dusty till evening	ソーラーパネルは夕方まで砂まみれのままだった
The lights were dim at supper. We managed.	夕食のとき灯りが暗かった。なんとかなったけど。
Nobody swept the solar panels	誰もソーラーパネルを掃かなかった
We're running on half power.	電力が半分しかない。
The air scrubber started whining	空気清浄機がうなり始めた
Hear that whine? The air scrubber wants a new filter. Swap it early?	あのうなり、聞こえる？空気清浄機がフィルター交換をせがんでる。早めに替える？
Swap it now	今すぐ替える
One spare filter, and quiet air.	予備のフィルターひとつで、静かな空気。
{keeper} swapped the air scrubber's filter early	{keeper}は空気清浄機のフィルターを早めに替えた
Quiet as a library. I can think again.	図書館みたいに静か。やっと考えごとができる。
Run it a week more	もう一週間もたせる
Filters are precious out here.	ここじゃフィルターは貴重品だ。
The air scrubber ran on its old filter	空気清浄機は古いフィルターのまま動き続けた
It'll hold. Probably. Mind the headache.	もつよ。たぶん。頭痛には気をつけて。
The air scrubber whined all night	空気清浄機が一晩じゅううなっていた
Nobody slept for that noise.	あの音で誰も眠れなかった。
{Keeper} hoped for the long call home	{Keeper}は地球への長い通話を願っていた
The Earth window opens tonight. Can I have the long call? My sister's having a baby.	今夜、地球との通信窓が開くの。長い通話枠をもらえる？姉に赤ちゃんが生まれるんだ。
Take the long call	長い通話をどうぞ
Twenty minutes, light-lag and all.	二十分、光の遅れも込みで。
{keeper} called home in the Earth window	{keeper}は通信窓が開いているあいだに地球へ電話した
Share it round	みんなで分ける
Everyone gets five minutes.	ひとり五分ずつ。
Everyone shared the Earth window	みんなで地球との通信窓を分け合った
Five minutes. I heard her laugh, at least.	五分だけ。でも、姉の笑い声は聞けた。
The Earth window closed before anyone called	誰も電話しないうちに通信窓が閉じた
Missed it. The next one's in a week.	逃しちゃった。次は一週間後。
The tomato flowers opened in the dome garden	ドーム菜園でトマトの花が咲いた
The tomato flowers are open, and there are no bees on Mars. Help me pollinate them with a paintbrush?	トマトの花が咲いたのに、火星にはハチがいない。絵筆で受粉させるの、手伝ってくれる？
Fetch the brushes	絵筆を取ってくる
Flower by flower.	一輪ずつ。
{keeper} and you pollinated the dome garden by hand	{keeper}とあなたで、ドーム菜園を手作業で受粉させた
Every single flower. My arm's dead. The tomatoes will thank us.	一輪残らず。腕が死んでる。トマトが感謝してくれるよ。
Let the fans do it	ファンに任せる
Maybe the air will carry enough.	空気の流れで足りるかもしれない。
The tomato flowers were left to the fans	トマトの花はファンに任された
Fewer tomatoes, then. The fans did their best.	じゃあトマトは少なめだね。ファンはがんばったよ。
The tomato flowers closed again	トマトの花はまた閉じてしまった
Too late now. The next lot, maybe.	もう遅い。次の花で、かな。
The rover cracked a wheel on the ridge	ローバーが尾根で車輪を割った
I cracked a wheel on the ridge. Print a new one tonight, or patch the old one?	尾根で車輪を割っちゃった。今夜新しいのを印刷する？それとも古いのを直す？
Print a new wheel	新しい車輪を印刷する
It eats the printer stock.	プリンターの材料を食うけど。
{explorer} printed the rover a new wheel	{explorer}はローバーの新しい車輪を印刷した
Good as new. Better, actually: I gave it more tread.	新品同様。いや、もっといい。溝を深くしたから。
Patch the old one	古いのを直す
Tape, resin and hope.	テープと樹脂と、あとは祈り。
{explorer} patched the rover's cracked wheel	{explorer}はローバーの割れた車輪を直した
It wobbles. Character, I call it.	ぐらつくけど。個性ってことで。
The rover sat on its cracked wheel	ローバーは割れた車輪のまま止まっていた
No trips till that's fixed.	直るまで遠出はなし。
{Explorer} eyed the last tin of peaches	{Explorer}は最後の桃缶を見つめていた
Ration day. Algae loaf again, or shall we open the last tin of peaches?	配給日。また藻のパン？それとも最後の桃缶を開ける？
Open the peaches	桃缶を開ける
A treat for the whole ring.	居住リング全員へのごちそう。
The colony shared the last tin of peaches	コロニーのみんなで最後の桃缶を分け合った
Syrup and all. Best thing I've tasted in a year.	シロップまで全部。この一年でいちばんおいしかった。
Save them	取っておく
For a day that needs them more.	もっと必要な日のために。
The last tin of peaches went back in the store	最後の桃缶は倉庫に戻された
You're right. Some day will need them more.	そうだね。もっと必要になる日がきっと来る。
It was algae loaf again	またしても藻のパンだった
Green again. Always green.	また緑。いつも緑。
{Explorer} needed someone for the paper route	{Explorer}は新聞配達の代わりを探していた
I'll do it	やるよ
Up before the milkman.	牛乳配達より早起きだ。
You did {explorer}'s paper route before dawn	あなたは夜明け前に{explorer}の新聞配達を済ませた
Every porch? Even the one with the dog? You're a legend.	全部の家？犬のいる家も？伝説だね。
Not that early	そんな早起きは無理
Sleep wins.	睡眠の勝ち。
Nobody covered {explorer}'s paper route	誰も{explorer}の新聞配達を代わらなかった
Half the street got no paper. Guess who they called.	通りの半分に新聞が届かなかった。誰に電話が来たと思う？
The papers piled up on the corner	新聞が角に山積みになった
Soggy papers everywhere. Great.	そこらじゅう、ふやけた新聞。最高だね。
{Explorer} made a tape for the request show	{Explorer}はリクエスト番組用にテープを作った
Drop it off	届ける
The station's raising money for {beacon}.	局は{beacon}のための募金をしてる。
The radio played {explorer}'s mixtape	ラジオで{explorer}のミックステープが流れた
They played track three! Our song, on the radio!	三曲目がかかった！ぼくらの歌がラジオで！
Some tapes are just for us.	ふたりだけのテープもあるさ。
{explorer} kept the mixtape at home	{explorer}はミックステープを家に置いておいた
Fine. It sounds better on my stereo anyway.	いいよ。どうせうちのステレオのほうが音がいい。
The mixtape got lost under a car seat	ミックステープが車のシートの下でなくなった
Found it. Melted. Summer, huh.	見つけた。溶けてた。夏だねえ。
{Keeper} wanted a yard sale	{Keeper}はガレージセールをしたかった
Set up the tables	テーブルを並べる
Price stickers on everything.	なんにでも値札を貼る。
{keeper} held a yard sale for {second}	{keeper}は{second}のためにガレージセールを開いた
It still gets channel nine.	まだ九チャンネルが映るんだ。
There was no yard sale	ガレージセールは開かれなかった
Fine, keep your channel nine.	わかった、九チャンネルはそのままね。
The yard sale was rained off	ガレージセールは雨で中止になった
Rain on a Saturday. Typical.	土曜に雨。お約束だね。
{Keeper} dreamed of a block party	{Keeper}はブロックパーティーを夢見ていた
Close the street	通りを閉める
Folding chairs and a cooler.	折りたたみ椅子とクーラーボックス。
The whole street came out for the block party	通りじゅうの人がブロックパーティーに出てきた
Even the grumpy neighbors danced. I saw it!	気難しいお隣さんまで踊ってた。この目で見たよ！
Too much fuss	大げさすぎる
Maybe next summer.	来年の夏かな。
There was no block party	ブロックパーティーは開かれなかった
Next summer, then. I'm holding you to it.	じゃあ来年の夏。約束だからね。
The block party never got going	ブロックパーティーはまるで盛り上がらなかった
Nobody brought the music.	誰も音楽を持ってこなかった。
The neighbors' dog got out	お隣の犬が逃げ出した
The dog from number twelve got out! Help me put up flyers?	十二番地の犬が逃げちゃった！チラシ貼り、手伝ってくれる？
Make the flyers	チラシを作る
Photocopies and staples.	コピーとホチキス。
{keeper} and you found the neighbors' dog	{keeper}とあなたでお隣の犬を見つけた
Found him behind the diner, eating fries. Happy ending.	ダイナーの裏でフライドポテトを食べてた。めでたしめでたし。
He'll come home	そのうち帰ってくる
Dogs know the way.	犬は道を覚えてる。
Everyone waited for the dog to come home	みんなで犬が帰ってくるのを待った
He came back on his own, muddy and proud.	泥だらけで、得意げに自分で帰ってきた。
The dog stayed out all night	犬は一晩じゅう帰ってこなかった
Howling till dawn. Poor thing.	夜明けまで遠吠え。かわいそうに。
The garage band wanted to practice late	ガレージバンドが遅くまで練習したがった
The band wants to practice in our garage till ten. Cool with you?	バンドがうちのガレージで十時まで練習したいって。いいかな？
Turn it up	音を上げて
The street gets a free concert.	通りに無料コンサートだ。
The band practiced in the garage till ten	バンドはガレージで十時まで練習した
We nailed the bridge! Sorry about the windows.	ブリッジ、決まった！窓のことはごめん。
Not on a school night	平日の夜はだめ
Unplugged, maybe.	アンプなしなら、まあ。
The band played unplugged	バンドはアンプなしで演奏した
Acoustic. Very sensitive. Very quiet.	アコースティック。とても繊細。とても静か。
The band found another garage	バンドは別のガレージを見つけた
They're at the other end of the street now. Traitors.	今じゃ通りの向こう端にいる。裏切り者め。
The power went out on the whole block	ブロックじゅうが停電した
The power's out on the whole block! Candles at home, or the diner's gas grill?	ブロックじゅう停電だ！家でろうそく？それともダイナーのガスグリル？
Light the candles	ろうそくをつける
Cards by candlelight.	ろうそくの灯りでトランプ。
The block spent the power cut by candlelight	ブロックの人たちはろうそくの灯りで停電をやり過ごした
Cards by candlelight. I won, obviously.	ろうそくの灯りでトランプ。もちろん、わたしの勝ち。
Head to the diner	ダイナーへ行く
Grilled cheese in the dark.	暗がりでグリルドチーズ。
Everyone ate at the diner in the dark	みんな暗いダイナーで食事をした
Best grilled cheese of my life, cooked in the dark.	人生最高のグリルドチーズ。真っ暗な中で焼いたのに。
The street sat in the dark	通りは真っ暗なままだった
Nobody could find a flashlight.	誰も懐中電灯を見つけられなかった。
The delivery truck pulled up	配達トラックがやってきた
The delivery truck's here with the week's order. Share it round the street, or put it toward {second}?	配達トラックが今週の注文を持ってきた。通りのみんなで分ける？それとも{second}に回す？
Something for every porch.	どの玄関先にも何かしら。
They shared the delivery round the street	ふたりは届いた品を通りじゅうに配った
Something on every porch. That felt good.	どの玄関先にも何かしら。いい気分。
Put it to building	建てるのに使う
Every box goes toward {second}.	箱はぜんぶ{second}に回す。
The delivery went into {second}	届いた品は{second}に使われた
Every dollar counts.	一ドルだって大事。
The delivery sat on the curb	届いた品は縁石の上に置きっぱなしだった
Boxes on the curb all day.	一日じゅう縁石に箱が置きっぱなし。
A crack opened across the causeway	土手道にひびが走った
There's a crack running across the causeway! Pack it with snow and flag the safe way round?	土手道にひびが走ってる！雪で埋めて、安全な回り道に旗を立てる？
Pack it and flag it	埋めて旗を立てる
Snow, flags and careful feet.	雪と旗と、慎重な足取り。
{explorer} flagged a safe way round the crack	{explorer}はひびを避ける安全な道に旗を立てた
Flags all the way across. Nobody's going in the water today.	向こうまでずっと旗が並んでる。今日は誰も水に落ちないよ。
Everyone jump it	みんなで跳び越える
It's only a little crack.	ほんの小さなひびだし。
Everyone jumped the crack in the causeway	みんな土手道のひびを跳び越えた
Little crack, big splash. Everyone's dried off now.	小さなひび、大きな水しぶき。もうみんな乾いたけどね。
The crack in the causeway widened	土手道のひびが広がった
It's a channel now. We'll need a plank.	もう水路だよ。板が要るね。
The causeway lanterns ran low on oil	土手道のランタンの油が少なくなった
The lanterns are low on oil. Light every other one, or put some by for {beacon}?	ランタンの油が少ない。一つおきに灯す？それとも{beacon}のために取っておく？
Every other lantern	一つおきに灯す
Half the light, twice the nights.	明かりは半分、夜は二倍もつ。
Every other lantern was lit on the causeway	土手道のランタンは一つおきに灯された
Darker, but we'll last till the fish come.	暗いけど、魚が来るまではもつよ。
Save it for {beacon}	{beacon}のために取っておく
Dark tonight, bright later.	今夜は暗くても、あとで明るく。
Lantern oil went by for {beacon}	ランタンの油は{beacon}のために取っておかれた
One day it'll shine from here to the far floe.	いつか、ここから遠くの浮氷まで照らすんだ。
The causeway lanterns guttered out	土手道のランタンが消えてしまった
Pitch black on the bridge. Mind your beaks.	橋の上は真っ暗。くちばしに気をつけて。
The fish ran early	魚の群れが早く来た
The fish are running early! Everyone to the holes, or keep to the rota?	魚が早く来た！みんなで穴に行く？それとも当番どおり？
Everyone to the holes	みんなで穴へ
A full vault by moonrise.	月が昇るまでに魚倉がいっぱい。
The whole colony fished the early run	コロニー総出で早い魚群を獲った
The vault's full! Wet feathers everywhere.	魚倉がいっぱい！あちこち濡れた羽だらけ。
Keep to the rota	当番どおりにする
Fair shares, no crowding.	公平に、押し合いなし。
The colony fished the early run by turns	コロニーは交代で早い魚群を獲った
Slow and fair. Nobody fell in, at least.	ゆっくり、公平に。少なくとも誰も落ちなかった。
The early fish went by	早く来た魚は行ってしまった
Gone under the ice. Next time.	氷の下へ行っちゃった。また今度。
{Keeper} needed someone to mind the egg	{Keeper}は卵を見ていてくれる誰かを探していた
Will you keep my egg warm on your feet while I swim? Just till moonrise.	泳いでるあいだ、わたしの卵を足の上で温めててくれる？月が昇るまででいいから。
Hand it over	渡して
Very, very carefully.	そうっと、そうっと。
You kept {keeper}'s egg warm till moonrise	あなたは月が昇るまで{keeper}の卵を温めた
Not a wobble. You're a natural.	ぐらつきもしなかった。才能あるね。
I'd drop it	落としちゃいそう
Better ask someone steadier.	もっと落ち着いた誰かに頼んで。
{keeper} kept the egg and missed the swim	{keeper}は卵を抱いて、泳ぐのをあきらめた
No swim today. The egg comes first.	今日は泳がない。卵が先。
{Keeper} missed the swim	{Keeper}は泳ぎそびれた
Feathers all dry and itchy. Oh well.	羽がかさかさでかゆい。まあいいか。
A seal fell asleep by the fishing hole	アザラシが釣り穴のそばで眠ってしまった
A seal's asleep right by the fishing hole. Wait it out, or shoo it off?	アザラシが釣り穴のすぐ横で寝てる。起きるまで待つ？それとも追い払う？
Wait it out	起きるまで待つ
It has to wake some time.	いつかは起きるさ。
Everyone waited for the seal to wake	みんなでアザラシが起きるのを待った
It yawned, rolled in and took half the fish. Fair's fair.	あくびして、転がり込んで、魚を半分持っていった。おあいこだね。
Shoo it off	追い払う
All together, flap and shout.	みんなで羽ばたいて、叫ぶ。
The colony shooed the seal from the fishing hole	コロニーのみんなでアザラシを釣り穴から追い払った
Flapping works! It looked very offended.	羽ばたき作戦、成功！すごく気を悪くしてたけど。
The seal kept the fishing hole all day	アザラシが一日じゅう釣り穴を占領していた
No fish today. The seal had a lovely time.	今日は魚なし。アザラシは楽しそうだったけど。
{Explorer} watched the wind come round	{Explorer}は風向きが変わるのを見ていた
The wind's coming round from the south. Build the snow wall higher before dark?	風が南から回ってきた。暗くなる前に雪の壁を高くする？
Build it higher	高くする
Blocks, packed and stacked.	雪のブロックを固めて、積んで。
{explorer} and you built the snow wall higher	{explorer}とあなたで雪の壁を高くした
Not a breath of wind behind it. Cosy.	壁の内側は風ひとつない。ぬくぬく。
It'll hold	もつよ
It held last time.	前のときももった。
The snow wall was left as it was	雪の壁はそのままにされた
It held. Just. My tail feathers are frozen.	もった。ぎりぎり。尾羽が凍っちゃった。
The wind drifted snow over the wall	風が壁の向こうへ雪を吹き寄せた
Snow in every nest. Lovely.	どの巣にも雪。すてきだね。
The coldest night came	いちばん寒い夜がやってきた
It's the coldest night yet. Huddle all together, or take turns on the outside?	今まででいちばん寒い夜だ。みんなで固まる？それとも外側を交代で？
Everyone in the middle	みんな真ん中へ
Nobody's left on the edge.	誰も端に残さない。
The colony huddled through the coldest night	コロニーはみんなで身を寄せ合って、いちばん寒い夜を越した
Toasty in the middle. Somebody snores.	真ん中はぽかぽか。誰かがいびきをかいてる。
Take turns outside	外側を交代で
Fair shifts in the wind.	風の中、公平に交代。
Everyone took turns on the cold side	みんな交代で寒い側に立った
My turn lasted forever. Worth it.	わたしの番、永遠に感じた。でも、その甲斐はあった。
Nobody slept for the cold	寒さで誰も眠れなかった
Long night. Very long night.	長い夜。とても長い夜。
The herring came in	ニシンがやってきた
The herring are in! Share them round the nests, or trade them for blocks for {second}?	ニシンが来た！巣ごとに分ける？それとも{second}のための氷のブロックと交換する？
Share them round	みんなに分ける
A fish for every nest.	どの巣にも一匹ずつ。
They shared the herring round the nests	ふたりはニシンを巣ごとに分けた
Fish for everyone. Even the chicks got one.	みんなに魚。ひなたちにも一匹ずつ。
Trade for ice blocks	氷のブロックと交換する
Every fish goes toward {second}.	魚はぜんぶ{second}に回す。
The herring went into {second}	ニシンは{second}に使われた
Fish for blocks. The span's growing!	魚とブロックを交換。橋がのびてるよ！
The herring sat in a heap	ニシンが山積みのまま放っておかれた
A heap of fish and no plan.	魚の山、計画なし。
Airlock's sealed behind you.	後ろのエアロックは閉まったよ。
It's a girl! Eight minutes' delay and I couldn't stop grinning.	女の子だって！八分の遅れがあっても、にやにやが止まらなかった。
Sold the television, the lamp and somebody's roller skates. Not ours, I hope.	テレビとランプと、誰かのローラースケートが売れた。うちのじゃないといいけど。
Keep the television	テレビは残す
A light left on for the call home	地球への通話のために灯したままの明かり
Tomato flowers, brushed by hand	手で受粉させたトマトの花
A table set for the peaches	桃缶のために整えたテーブル
A new wheel, fresh off the printer	印刷したての新しい車輪
A bundle of morning papers	朝刊の束
A request-show poster	リクエスト番組のポスター
Yard sale tables	ガレージセールのテーブル
Block party bunting	ブロックパーティーの旗飾り
Lost-dog flyers	迷い犬のチラシ
A warm nest for the egg	卵のための温かい巣
A heap of the early fish	早く来た魚の山
New blocks on the snow wall	雪の壁に積んだ新しいブロック
Flags round the crack	ひびのまわりの旗
A seat for watching the seal	アザラシを眺める席
Herring for every nest	どの巣にもニシン
Feathers left from the huddle	身を寄せ合ったあとに残った羽
Breathe easy, you're inside.	安心して、もう中だから。
Hey, new kid on the street!	やあ、この通りの新入りだね！
Arcade's open till ten.	ゲームセンターは十時まで開いてるよ。
Careful, the causeway's slippy!	気をつけて、土手道は滑るよ！
{Keeper}'s sister sent a picture of the baby	{Keeper}の姉から赤ちゃんの写真が届いた
My sister sent a picture of the baby! Shall we pin it up in the mess?	姉が赤ちゃんの写真を送ってくれた！食堂に貼ろうか？
Pin it up	貼る
Where everyone eats.	みんなが食べるところに。
{keeper} pinned the baby's picture up in the mess	{keeper}は赤ちゃんの写真を食堂に貼った
Look at her. Everyone keeps stopping to wave.	見て。みんな立ち止まって手を振っていくの。
Keep it by your bunk	寝台のそばに置く
Some pictures are just yours.	自分だけの写真もあるよね。
{keeper} kept the baby's picture by the bunk	{keeper}は赤ちゃんの写真を寝台のそばに置いた
I say goodnight to her every shift.	シフトのたびに、おやすみって言うんだ。
The baby's picture stayed in its envelope	赤ちゃんの写真は封筒に入ったままだった
I'll show you later. Maybe.	あとで見せるね。たぶん。
The first tomato ripened in the dome garden	ドーム菜園で最初のトマトが熟した
The first tomato's red! Share it round, or save it for seed?	最初のトマトが赤くなった！みんなで分ける？それとも種に取っておく？
A slice each, thin as paper.	ひとり一切れ、紙みたいに薄く。
The colony shared the first tomato, a slice each	コロニーのみんなで最初のトマトを一切れずつ分け合った
Thin as paper and the best thing on Mars.	紙みたいに薄くて、火星でいちばんおいしい。
Save it for seed	種に取っておく
A hundred tomatoes next time.	次は百個のトマトだ。
{keeper} saved the first tomato for its seeds	{keeper}は最初のトマトを種のために取っておいた
Patience. Next year there'll be a hundred.	辛抱だよ。来年は百個になる。
The first tomato split on the vine	最初のトマトはつるの上で割れてしまった
Too ripe. Oh well.	熟しすぎた。まあいいか。
{Explorer} wanted to test the new wheel	{Explorer}は新しい車輪を試したかった
Come for a test drive on the new wheel? Just out to the crater rim and back.	新しい車輪で試運転しない？クレーターの縁まで行って帰るだけ。
Hop in	乗って
Helmets on.	ヘルメットをかぶって。
{explorer} and you drove the rover out to the crater rim	{explorer}とあなたはローバーでクレーターの縁まで走った
Smooth as anything. I could drive to the ridge on that.	すごくなめらか。これなら尾根まで行ける。
Another day	また今度
Let it settle in.	なじむまで待とう。
The rover's test drive was put off	ローバーの試運転は先送りになった
Another day, then. It isn't going anywhere.	じゃあまた今度。どこにも行かないし。
Nobody tried the new wheel	誰も新しい車輪を試さなかった
It's just sitting there, shiny.	ぴかぴかのまま、ただ置いてある。
The street wanted another block party	通りのみんながもう一度ブロックパーティーをしたがった
Everyone's asking for another block party. Make it a summer thing?	みんながまたブロックパーティーをって言ってる。夏の恒例にする？
Every summer	毎年夏に
First Saturday in June.	六月の第一土曜日。
The block party became a summer tradition on the street	ブロックパーティーは通りの夏の恒例になった
First Saturday in June, every year. I'm making a sign.	毎年六月の第一土曜日。看板を作るよ。
Once was enough	一度で十分
Keep it special.	特別なままにしておこう。
The block party stayed a one-off	ブロックパーティーは一度きりになった
Fine. We'll always have that one night.	わかった。あの夜があれば十分。
Talk of another block party died down	またブロックパーティーをという話は立ち消えになった
Guess everyone's busy.	みんな忙しいんだろうね。
The neighbors baked a pie to say thank you	お隣さんがお礼にパイを焼いてくれた
The neighbors baked us a pie for finding their dog! Eat it on the porch?	犬を見つけたお礼に、お隣さんがパイを焼いてくれた！玄関先で食べる？
Get the forks	フォークを持ってくる
Cherry, still warm.	チェリー味、まだ温かい。
{keeper} and you ate the neighbors' pie on the porch	{keeper}とあなたは玄関先でお隣さんのパイを食べた
Cherry, still warm. The dog watched every bite.	チェリー味、まだ温かい。犬がひと口ごとに見てた。
Share it down the street	通りのみんなに分ける
Everyone helped look.	みんな探すのを手伝ってくれたし。
The neighbors' pie went round the street	お隣さんのパイは通りじゅうに配られた
A sliver each, but everyone got one.	ほんのひと切れずつ。でも、みんなに行き渡った。
The pie went cold on the counter	パイはカウンターの上で冷めてしまった
Still good cold. Mostly.	冷めてもおいしい。たぶん。
The paper route paid out its tips	新聞配達のチップが出た
The paper route paid out tips! Split them, or put them in the street fund?	新聞配達のチップが出た！山分けする？それとも通りの基金に入れる？
Split them	山分けする
Half each, fair and square.	半分ずつ、公平に。
{explorer} split the paper route tips with you	{explorer}は新聞配達のチップをあなたと山分けした
Half each. I'm buying a new tape.	半分ずつ。新しいテープを買うんだ。
The street fund	通りの基金に
Every quarter helps.	二十五セントだって役に立つ。
The paper route tips went into the street fund	新聞配達のチップは通りの基金に入った
Every quarter helps, right?	二十五セントだって役に立つ、だよね？
The tips got spent on candy	チップはお菓子に消えた
Gone. Worth it.	なくなった。でも、その価値はあった。
{Keeper}'s egg hatched	{Keeper}の卵がかえった
The egg's hatched! Will you help me show the chick round the rookery?	卵がかえった！ひなを巣場のみんなに見せて回るの、手伝ってくれる？
Show it round	見せて回る
Slowly, on careful feet.	ゆっくり、足元に気をつけて。
You and {keeper} showed the new chick round the rookery	あなたと{keeper}は生まれたてのひなを巣場じゅうに見せて回った
Everyone cooed. It fell asleep halfway round.	みんながあやしてくれた。半分回ったところで眠っちゃった。
Let it sleep	寝かせておく
It's had a big day.	今日は大変な一日だったから。
The new chick slept in the nest all day	生まれたてのひなは一日じゅう巣で眠っていた
Fast asleep. Tomorrow it meets everyone.	ぐっすり。みんなに会うのは明日。
The chick hid under {keeper}	ひなは{keeper}の下に隠れていた
Shy. It'll come out.	恥ずかしがり屋。そのうち出てくるよ。
The crack in the causeway froze over	土手道のひびが凍りついた
The crack's frozen over solid. Take the flags down, or leave them as a warning?	ひびはがっちり凍った。旗を外す？それとも警告に残しておく？
Take them down	外す
The way is clear again.	道はまた通れる。
{explorer} took the flags down from the mended crack	{explorer}はふさがったひびのそばの旗を外した
Clear all the way across. Feels good.	向こうまでずっと通れる。いい気分。
Leave them up	残しておく
Ice remembers.	氷は覚えてるから。
The flags stayed up by the mended crack	ふさがったひびのそばの旗はそのまま残された
Better safe. Ice remembers.	用心に越したことはない。氷は覚えてるから。
The wind took the flags	風が旗を持っていった
They're halfway to the far floe now.	今ごろ遠くの浮氷の途中だよ。
The fish vault was full to creaking	魚倉がきしむほどいっぱいになった
The vault's so full it's creaking. Have a feast, or keep it all for the dark?	魚倉がいっぱいできしんでる。宴会にする？それとも暗い季節のために全部取っておく？
Have a feast	宴会にする
Everyone to the plaza.	みんな広場へ。
The colony held a feast from the full fish vault	コロニーはいっぱいの魚倉で宴会を開いた
Fish on fish on fish. Nobody can move.	魚、魚、また魚。もう誰も動けない。
Keep it for the dark	暗い季節のために取っておく
The long nights are coming.	長い夜がやってくる。
The full fish vault was kept for the dark	いっぱいの魚倉は暗い季節のために取っておかれた
Sensible. The long nights will thank us.	賢明だね。長い夜が感謝してくれるよ。
The vault creaked on, untouched	魚倉は手つかずのまま、きしみ続けた
It's still creaking.	まだきしんでる。
Cover my paper route tomorrow? Six a.m., every porch.	明日の新聞配達、代わってくれる？朝六時、全部の玄関先に。
My mixtape for the request show. Drop it at the station?	リクエスト番組用のミックステープ。局に届けようか？
Yard sale Saturday? The old television could go toward {second}.	土曜にガレージセール？古いテレビを{second}の足しにできるよ。
Block party Saturday? Close the street, music, the works?	土曜にブロックパーティー？通りを閉めて、音楽もかけて、ぜんぶやる？
{Explorer} found an old guitar in the cargo	{Explorer}は積み荷の中に古いギターを見つけた
Found a guitar in the cargo! Music night in the mess?	積み荷にギターがあった！食堂で音楽の夜にする？
Music night	音楽の夜にする
Earth songs, badly sung.	下手な歌で地球の歌を。
{explorer} played the old guitar in the mess	{explorer}は食堂で古いギターを弾いた
Three chords and everyone singing. Perfect.	コード三つで、みんなで歌った。最高。
Chairs set out for music night	音楽の夜のために並べた椅子
Quiet tonight	今夜は静かに
Some of us are on the early shift.	早番の人もいるし。
The guitar stayed in its case	ギターはケースに入ったままだった
Fair. I'll practise in the airlock.	了解。エアロックで練習するよ。
Nobody played the old guitar	誰も古いギターを弾かなかった
It's out of tune anyway.	どうせ音が狂ってるし。
A dust devil spun up by the pad	発着場のそばで塵旋風が巻き起こった
A dust devil's heading for the pad! Tie everything down, or ride it out inside?	塵旋風が発着場に向かってる！全部固定する？それとも中でやり過ごす？
Tie it all down	全部固定する
Straps and pegs, quick.	ベルトと杭で、急いで。
Everyone tied the pad down before the dust devil	塵旋風の前に、みんなで発着場の荷を固定した
Not a crate moved. Good work.	箱ひとつ動かなかった。よくやった。
Ride it out inside	中でやり過ごす
Let the wind have the pad.	発着場は風にくれてやろう。
Everyone rode the dust devil out inside	みんな中で塵旋風をやり過ごした
Two crates are halfway to the ridge now.	箱がふたつ、もう尾根の途中だよ。
The dust devil went right through the pad	塵旋風が発着場をまっすぐ通り抜けた
Dust in every seam.	どの継ぎ目にも砂。
{Explorer} wanted to go to the drive-in	{Explorer}はドライブインシアターに行きたかった
Double feature at the drive-in tonight. Want to come?	今夜ドライブインで二本立て。一緒に行く？
Grab the blanket	毛布を持っていく
Popcorn and a crackly speaker.	ポップコーンと、がさがさ鳴るスピーカー。
{explorer} and you went to the drive-in	{explorer}とあなたはドライブインシアターに行った
We missed half of it talking. Best night.	しゃべってて半分見逃した。最高の夜。
Not tonight	今夜はやめておく
Homework, chores, the usual.	宿題に家事、いつものやつ。
Nobody went to the drive-in	誰もドライブインシアターに行かなかった
I'll tell you how it ends. Badly, probably.	結末を教えてあげる。たぶん、ひどいやつ。
The drive-in was rained off	ドライブインシアターは雨で中止になった
Rain on the windshield. No movie.	フロントガラスに雨。映画はなし。
{Keeper}'s bike got a flat	{Keeper}の自転車がパンクした
My bike's got a flat and I'm late for my shift! Patch it, or give me a ride?	自転車がパンクして、シフトに遅れそう！直す？それとも乗せてくれる？
Patch it	直す
A bucket of water and a kit.	水の入ったバケツと修理キット。
You patched {keeper}'s bike tire	あなたは{keeper}の自転車のタイヤを直した
Good as new, and only ten minutes late.	新品同様。遅刻は十分だけ。
Give a ride	乗せていく
Hop on the handlebars.	ハンドルに乗って。
{keeper} rode to work on your handlebars	{keeper}はあなたの自転車のハンドルに乗って仕事に行った
Terrifying. Thank you.	怖かった。ありがとう。
{Keeper} walked to work	{Keeper}は歩いて仕事に行った
Late again. The boss noticed.	また遅刻。店長に気づかれた。
Beans under the long lights	長く照らされた豆
{Keeper} worried about the beans	{Keeper}は豆のことを心配していた
Can we run the grow lights an hour longer? The beans are sulking.	育成ライトをもう一時間つけてもいい？豆がすねてるの。
An hour longer	もう一時間
Power for the beans.	豆のための電力。
{keeper} ran the grow lights an hour longer	{keeper}は育成ライトを一時間長くつけた
Look at them, perked right up. Beans are dramatic.	見て、すっかり元気。豆って大げさなんだから。
Save the power	電力を節約する
The beans will cope.	豆はなんとかするよ。
The grow lights kept their hours	育成ライトはいつもの時間のままだった
Sulky beans it is, then.	じゃあ、すねた豆で決まりね。
The beans sulked under the short lights	豆は短いライトの下ですねていた
They've gone a bit yellow.	ちょっと黄色くなっちゃった。
{Keeper}'s suit sprang a slow leak	{Keeper}の宇宙服に小さな漏れが見つかった
My suit's got a slow leak at the elbow. Patch it tonight, or lend me yours for the walk?	宇宙服のひじから少しずつ漏れてる。今夜直す？それとも外の作業にあなたのを貸してくれる？
Patch it tonight	今夜直す
Glue, a patch and a pressure test.	接着剤と当て布と気圧テスト。
You helped {keeper} patch the leaking suit	あなたは{keeper}の漏れた宇宙服を直すのを手伝った
Holds pressure like new. I owe you one.	新品みたいに気圧がもつ。借りができたね。
Lend mine	自分のを貸す
A little big, but sealed.	ちょっと大きいけど、密閉は大丈夫。
{keeper} borrowed your suit for the walk	{keeper}はあなたの宇宙服を借りて外に出た
Your suit smells of coffee. Thanks, though.	あなたの宇宙服、コーヒーの匂いがする。でも、ありがとう。
{Keeper} called off the walk outside	{Keeper}は外での作業を取りやめた
No walk till the suit's fixed.	宇宙服が直るまで外には出ない。
The crew wanted to send a song to Earth	クルーは地球に歌を送りたかった
The crew wants to record a song for Earth. Sing it with me?	みんなで地球に送る歌を録音したいって。一緒に歌う？
Sing along	一緒に歌う
Off key, but loud.	音はずれでも、大声で。
{explorer} and you recorded a song for Earth	{explorer}とあなたは地球に送る歌を録音した
Twelve minutes to get there. I hope they turn it up.	届くまで十二分。音量を上げて聴いてくれるといいな。
Just listen	聴くだけにする
Someone has to clap.	誰かが拍手しないとね。
{explorer} recorded a song for Earth while you listened	{explorer}が地球に送る歌を録音し、あなたはそれを聴いていた
You clapped in all the right places.	拍手のタイミング、完璧だったよ。
Nobody recorded the song for Earth	誰も地球に送る歌を録音しなかった
Maybe next window.	次の通信窓かな。
Crates blew off the pad in the dust devil	塵旋風で発着場から箱が飛ばされた
Two crates blew off the pad. Go out and find them, or write them off?	箱がふたつ発着場から飛ばされた。探しに行く？それともあきらめる？
Go and find them	探しに行く
Follow the tracks in the dust.	砂の跡をたどって。
{explorer} and you found the crates the dust devil took	{explorer}とあなたは塵旋風に飛ばされた箱を見つけた
Half buried by the ridge, both of them. Lucky.	ふたつとも尾根のそばで半分埋まってた。運がいい。
Write them off	あきらめる
Not worth a suit's air.	宇宙服の空気を使うほどじゃない。
The crates the dust devil took were written off	塵旋風に飛ばされた箱はあきらめられた
Somebody on the ridge is getting a surprise.	尾根の誰かが驚くことになるね。
The lost crates were buried by the dust	なくした箱は砂に埋もれてしまった
Gone for good now.	これでもう見つからない。
The colony ran low on air filters	コロニーの空気フィルターが残り少なくなった
We're low on air filters. Print a new batch, or ask the next shuttle?	空気フィルターが少ない。新しく印刷する？それとも次のシャトルに頼む？
Print a batch	まとめて印刷する
Slow, but ours.	遅いけど、自前だ。
{keeper} printed a new batch of air filters	{keeper}は空気フィルターを新しく印刷した
Six new filters. The air's never been so quiet.	新しいフィルターが六つ。空気がこんなに静かなのは初めて。
Ask the shuttle	シャトルに頼む
Earth-made, and three weeks away.	地球製、届くのは三週間後。
{keeper} ordered air filters on the next shuttle	{keeper}は次のシャトルで空気フィルターを注文した
Three weeks. We'll breathe carefully.	三週間。そっと息をしよう。
The colony made do with old filters	コロニーは古いフィルターでしのいだ
Everyone's a little headachy.	みんな少し頭が痛い。
The garage band got a gig at the diner	ガレージバンドがダイナーでライブをすることになった
The band got a gig at the diner on Friday! Will you come and clap?	バンドが金曜にダイナーでライブするんだ！拍手しに来てくれる？
Front row	最前列で
Clapping on the beat.	リズムに合わせて拍手。
You cheered the band from the front row at the diner	あなたはダイナーの最前列でバンドに声援を送った
You were the loudest one there. We heard you.	いちばん声が大きかったよ。ちゃんと聞こえた。
Tell me how it went	どうだったか教えて
Busy Friday.	金曜は忙しくて。
The band played the diner without you there	バンドはあなた抜きでダイナーで演奏した
We were great. You'll have to trust me.	最高だったよ。信じてもらうしかないけど。
The band's gig at the diner fell through	バンドのダイナーでのライブは流れた
Diner booked a magician instead.	ダイナーは代わりに手品師を呼んだ。
The power came back on the block	ブロックの電気が戻った
The power's back! Keep a box of candles by the door, for next time?	電気が戻った！次のために、ろうそくを一箱ドアのそばに置いておく？
Keep a box ready	一箱用意しておく
Candles, matches, a flashlight.	ろうそく、マッチ、懐中電灯。
{keeper} kept a box of candles by the door	{keeper}はドアのそばにろうそくを一箱置いた
Next time we'll be ready. And I'll still win at cards.	次は準備万端。トランプはまたわたしの勝ちだけど。
It won't happen again	もう起きないよ
Lightning, same place, twice?	雷が同じ場所に二度も落ちる？
The candles went back in the drawer	ろうそくは引き出しに戻された
Famous last words.	それ、言わないほうがいいやつ。
The candles stayed wherever they were	ろうそくはどこかに置かれたままだった
Somewhere. Probably.	どこかにある。たぶん。
{Keeper} saw a bike for sale	{Keeper}は売りに出ている自転車を見つけた
There's a ten-speed for sale at the garage. Help me fix it up?	ガレージで十段変速の自転車が売ってる。修理を手伝ってくれる？
Fix it up	修理する
Oil, new brakes, a bell.	油をさして、ブレーキを新しく、ベルもつけて。
{keeper} and you fixed up a ten-speed	{keeper}とあなたは十段変速の自転車を修理した
Ten speeds! I'll never be late again.	十段変速！もう二度と遅刻しない。
The old one's fine	古いので十分
Flat tires and all.	パンクも込みで。
{keeper} kept riding the old bike	{keeper}は古い自転車に乗り続けた
Fine. It has character.	まあいいか。味があるし。
Someone else bought the ten-speed	十段変速の自転車は別の誰かが買っていった
Gone by Tuesday. Figures.	火曜にはもうなかった。やっぱりね。
A trader from the far floe brought seal oil	遠くの浮氷から来た商人がアザラシの油を持ってきた
A trader from the far floe has seal oil. Swap some fish for it?	遠くの浮氷の商人がアザラシの油を持ってる。魚と交換する？
Swap some fish	魚と交換する
A sack for a jar.	一袋で一壺。
{keeper} swapped fish for seal oil from the far floe	{keeper}は魚と遠くの浮氷のアザラシ油を交換した
Every lantern lit tonight. Look at the bridge!	今夜はランタンが全部灯ってる。橋を見て！
We'll manage	なんとかなる
The fish are for eating.	魚は食べるためのものだし。
The trader went back with the seal oil	商人はアザラシの油を持って帰っていった
Dim again tonight. We'll manage.	今夜もまた薄暗い。なんとかなるさ。
The oil trader moved on	油の商人は次へ向かった
Off to the next colony.	次のコロニーへ行っちゃった。
The seal came back with a friend	アザラシが友だちを連れて戻ってきた
The seal's back, and it's brought a friend! Share the hole, or cut a new one?	アザラシが戻ってきて、友だちまで連れてきた！穴を分け合う？それとも新しく開ける？
Share the hole	穴を分け合う
Turns for everyone.	みんなで順番に。
The colony shared the fishing hole with the seals	コロニーは釣り穴をアザラシと分け合った
They took turns. Better manners than some of us.	ちゃんと順番を守ってた。わたしたちより行儀がいいかも。
Cut a new hole	新しく穴を開ける
Ice saws out.	氷のこぎりの出番だ。
{explorer} cut a new fishing hole away from the seals	{explorer}はアザラシから離れたところに新しい釣り穴を開けた
Our own hole again. The seals waved.	また自分たちの穴。アザラシが手を振ってた。
The seals kept the fishing hole	アザラシが釣り穴を占領し続けた
Two seals, one hole, no fish.	アザラシふたり、穴ひとつ、魚なし。
Someone sang in the huddle	身を寄せ合っているとき、誰かが歌った
Someone started a song in the huddle last night. Shall we teach it to the chicks?	ゆうべ、身を寄せ合ってるときに誰かが歌い出したの。ひなたちに教えようか？
Teach the chicks	ひなに教える
Slowly, verse by verse.	ゆっくり、一節ずつ。
{keeper} taught the chicks the huddle song	{keeper}はひなたちにあの歌を教えた
They've only got the first line. They sing it all day.	最初の一行しか覚えてないけど、一日じゅう歌ってる。
Keep it for the huddle	寄り添うときのために取っておく
Some songs are for cold nights.	寒い夜のための歌もある。
The huddle song was kept for cold nights	あの歌は寒い夜のために取っておかれた
Next cold night, then. It's better in the dark.	じゃあ次の寒い夜に。暗いほうがいい歌なんだ。
Nobody remembered how the song went	誰もあの歌を思い出せなかった
Something about fish. I think.	魚の歌だった、と思う。
{Explorer} had an idea for the solar panels	{Explorer}はソーラーパネルのことで思いついた
What if we rigged covers for the panels before the next storm? Old tarp, a few clips.	次の嵐の前に、パネルに覆いをかけたらどうかな？古い防水シートとクリップで。
Rig the covers	覆いをかける
Tarp, clips and a ladder.	防水シートとクリップとはしご。
{explorer} and you rigged covers over the solar panels	{explorer}とあなたでソーラーパネルに覆いをかけた
Let the dust come. We're ready.	砂よ来い。準備はできてる。
Brooms will do	ほうきで十分
They worked last time.	前もそれで済んだし。
The solar panels stayed uncovered	ソーラーパネルは覆いのないままだった
Brooms it is. My shoulders disagree.	ほうきで決まり。肩は反対してるけど。
Nobody rigged the panel covers	誰もパネルに覆いをかけなかった
The tarp's still in the store.	防水シートはまだ倉庫の中。
{Explorer} kept a peach stone	{Explorer}は桃の種を取っておいた
I kept a peach stone from the tin. Shall we try to grow it in the dome garden?	缶詰の桃の種を取っておいたんだ。ドーム菜園で育ててみる？
Plant it	植える
A pot by the warm pipe.	暖かい配管のそばに鉢を置いて。
{explorer} planted a peach stone in the dome garden	{explorer}はドーム菜園に桃の種を植えた
A peach tree on Mars. Give it ten years.	火星の桃の木。十年待ってて。
Keep it as a charm	お守りにする
{explorer} kept the peach stone for luck	{explorer}は幸運のお守りに桃の種を持っていた
It's in my pocket. For luck.	ポケットに入れてある。幸運のお守り。
The peach stone went down the recycler	桃の種はリサイクラーに流れてしまった
{Explorer} heard of a meteor shower	{Explorer}は流星群のことを聞きつけた
There's a meteor shower over the ridge tonight. Suit up and watch it outside?	今夜、尾根の上に流星群が来る。宇宙服を着て外で見る？
Suit up	宇宙服を着る
Lie back on the regolith.	レゴリスに寝そべって。
{explorer} and you watched the meteor shower from the regolith	{explorer}とあなたはレゴリスに寝そべって流星群を眺めた
Forty-one. I counted. You made a wish on every one.	四十一個。数えたよ。あなたはひとつ残らず願いごとをしてた。
Watch from the window	窓から見る
Warm, and nearly as good.	暖かくて、ほとんど同じくらいいい。
The meteor shower was watched through the window	流星群は窓越しに眺められた
Nearly as good. Nearly.	ほとんど同じくらい。ほとんど、ね。
Nobody watched the meteor shower	誰も流星群を見なかった
Clouds of dust. Missed it.	砂ぼこりの雲。見逃した。
Earth sent a library of seeds	地球から種のライブラリーが届いた
Earth sent a seed library on the shuttle! Plant the lot, or keep some in reserve?	地球がシャトルで種のライブラリーを送ってくれた！全部植える？それとも少し取っておく？
Plant the lot	全部植える
Every tray in the dome.	ドームのトレイを全部使って。
{keeper} planted the whole seed library in the dome garden	{keeper}は種のライブラリーを全部ドーム菜園に植えた
Every tray full. It'll be a jungle by spring.	トレイは全部いっぱい。春にはジャングルだね。
Trays of new seedlings	新しい苗のトレイ
Keep some back	少し取っておく
Half now, half for a bad year.	半分は今、半分は不作の年のために。
{keeper} kept half the seed library in reserve	{keeper}は種の半分を予備に取っておいた
Half in the soil, half in the cold store. Sensible.	半分は土に、半分は冷蔵庫に。賢明だね。
The seed library sat in its box	種のライブラリーは箱に入ったままだった
They'll keep. Seeds are patient.	もつよ。種は気長だから。
The drill struck clean ice under the ridge	ドリルが尾根の下できれいな氷に当たった
The drill's hit clean ice under the ridge! Melt it for the garden, or keep it for drinking?	ドリルが尾根の下できれいな氷に当たった！溶かして菜園に使う？それとも飲み水に取っておく？
Melt it for the garden	溶かして菜園に
Green things first.	緑のものが先。
The clean ice from the ridge went to the dome garden	尾根のきれいな氷はドーム菜園に回された
The garden's drinking like it's never seen water.	菜園が、水を初めて見たみたいに飲んでる。
Keep it for drinking	飲み水に取っておく
The cleanest water on Mars.	火星でいちばんきれいな水。
The clean ice from the ridge went into the water tanks	尾根のきれいな氷は貯水タンクに入れられた
Tastes like a mountain stream. Or what I remember of one.	山の小川みたいな味。覚えてる限りでは、だけど。
The clean ice under the ridge went to vapour	尾根の下のきれいな氷は蒸発してしまった
Left it too long. Mars took it back.	放っておきすぎた。火星が取り返していった。
{Keeper} remembered the day they landed	{Keeper}は着陸した日のことを思い出した
It's a year since we landed. A party in the mess, or a quiet minute on the apron?	着陸してから一年。食堂でパーティー？それともエプロンで静かなひととき？
A party in the mess	食堂でパーティー
Music, peaches if there are any.	音楽と、残ってたら桃も。
The colony threw a landing-day party in the mess	コロニーは食堂で着陸記念日のパーティーを開いた
A whole year. Look at us, still here, still singing.	まる一年。見てよ、まだここにいて、まだ歌ってる。
Landing-day streamers	着陸記念日の紙テープ
A quiet minute outside	外で静かなひととき
Just the stars and the dust.	星と砂だけ。
{keeper} and you spent a quiet minute on the apron	{keeper}とあなたはエプロンで静かなひとときを過ごした
Just us and the stars. That was the right way.	わたしたちと星だけ。それでよかった。
Landing day went by unmarked	着陸記念日は何事もなく過ぎた
Did anyone else remember? No?	ほかに誰か覚えてた？いない？
The chicks found the snow wall	ひなたちが雪の壁を見つけた
The chicks are sliding down the snow wall! Let them, or shoo them off before it breaks?	ひなたちが雪の壁を滑り下りてる！好きにさせる？それとも壊れる前に追い払う？
Let them slide	滑らせてあげる
It's what walls are for.	壁ってそのためのものだし。
The chicks slid down the snow wall all afternoon	ひなたちは午後じゅう雪の壁を滑っていた
Squeals all afternoon. The wall's a bit shorter now.	午後じゅう歓声。壁は少し低くなったけど。
Shoo them off	追い払う
Walls are for wind.	壁は風よけのためのもの。
{explorer} shooed the chicks off the snow wall	{explorer}はひなたちを雪の壁から追い払った
They're sulking. The wall's fine.	すねてるけど、壁は無事。
The chicks wore a groove in the wall	ひなたちが壁に溝を作ってしまった
There's a slide in it now. Officially.	今じゃ壁に滑り台がある。公式にね。
Herring was left over	ニシンが余った
There's herring left over. Smoke it for the dark, or give it to the skuas?	ニシンが余ってる。燻製にして暗い季節に取っておく？それともトウゾクカモメにあげる？
Smoke it	燻製にする
A slow fire and patience.	とろ火と辛抱。
{keeper} smoked the leftover herring for the dark	{keeper}は余ったニシンを暗い季節のために燻製にした
The whole rookery smells of smoke. Lovely.	巣場じゅう燻製の匂い。いいね。
Give it to the skuas	トウゾクカモメにあげる
They'll leave the eggs alone.	そうすれば卵には手を出さない。
The leftover herring went to the skuas	余ったニシンはトウゾクカモメにあげた
Fat skuas leave eggs alone. That's the idea.	おなかいっぱいのトウゾクカモメは卵を狙わない。そういう作戦。
The leftover herring froze solid	余ったニシンはかちかちに凍った
Fish-sicles. Still food.	魚のアイスキャンディー。まだ食べられる。
{Explorer} wanted a movie night at home	{Explorer}は家で映画の夜をやりたかった
Let's do our own movie night on the garage wall! Borrow the school projector?	ガレージの壁で自分たちの映画の夜をやろうよ！学校の映写機を借りる？
Borrow the projector	映写機を借りる
Bring a sheet and popcorn.	シーツとポップコーンを持ってきて。
{explorer} showed a movie on the garage wall	{explorer}はガレージの壁に映画を映した
Half the street brought chairs. We're a drive-in now.	通りの半分が椅子を持ってきた。もうドライブインだね。
The couch is fine	ソファで十分
Fewer bugs inside.	家の中なら虫も少ない。
Movie night was on the couch	映画の夜はソファで
Fine. Couch, popcorn, no mosquitoes.	いいよ。ソファにポップコーン、蚊もいない。
Movie night never happened	映画の夜は結局やらなかった
Projector's broken anyway.	どうせ映写機は壊れてるし。
The kelp beds grew thick	昆布の群生地がよく茂った
The kelp beds are thick this year. Weave kelp rope, or dry it to line the nests?	今年は昆布がよく茂ってる。ロープに編む？それとも干して巣に敷く？
Weave rope	ロープに編む
Strong enough for a bridge.	橋が架けられるくらい丈夫。
{explorer} and you wove rope from the kelp beds	{explorer}とあなたで昆布からロープを編んだ
A whole coil! Strong enough to tie the moon down.	まるごと一巻き！月だってつなぎとめられる。
Line the nests	巣に敷く
Soft and warm underfoot.	足もとがふかふかで暖かい。
The nests were lined with dried kelp	巣に干した昆布が敷かれた
Every nest smells of the sea now. Cosy.	どの巣も海の匂い。ぬくぬく。
The kelp drifted off on the current	昆布は潮に流されていった
Gone to the far floe.	遠くの浮氷まで行っちゃった。
The chicks kept wandering onto the causeway	ひなたちが土手道に迷い出てばかりいた
The chicks keep wandering onto the causeway. Teach them the safe edges, or rope off the end?	ひなたちが土手道に出ちゃうの。安全な縁を教える？それとも端をロープで囲う？
Teach the edges	縁を教える
Where the ice is thick, where it isn't.	氷が厚いところと、薄いところ。
{keeper} and you taught the chicks the causeway's safe edges	{keeper}とあなたはひなたちに土手道の安全な縁を教えた
They walk the edge like little guards now.	今じゃ小さな見張りみたいに縁を歩いてる。
Little flags for the chicks	ひなのための小さな旗
Rope off the end	端をロープで囲う
Simple, and safe.	簡単で、安全。
The end of the causeway was roped off	土手道の端はロープで囲われた
Rope it is. They're climbing it, mind.	ロープで決まり。よじ登ってるけどね。
The chicks kept wandering	ひなたちは迷い出てばかりだった
Somebody will get a wet tail.	そのうち誰かのしっぽが濡れるよ。
{Keeper} thought about a spare suit	{Keeper}は予備の宇宙服のことを考えた
We should keep a spare suit by the airlock. Fix up the old training suit?	エアロックのそばに予備の宇宙服を置いておくべきだね。古い訓練用のを直そうか？
Seals, gloves, a new visor.	シールと手袋と、新しいバイザー。
{keeper} and you fixed up a spare suit for the airlock	{keeper}とあなたはエアロック用の予備の宇宙服を直した
One spare, ready by the door. I sleep better already.	予備が一着、ドアのそばに。もうよく眠れそう。
We'll share	共用する
Two suits go a long way.	二着あれば十分やっていける。
The colony kept sharing suits	コロニーは宇宙服の共用を続けた
Sharing it is. Mind the coffee smell.	共用で決まり。コーヒーの匂いには気をつけて。
The training suit stayed in its locker	訓練用の宇宙服はロッカーに入ったままだった
It'll still be there.	まだそこにあるよ。
The beans were ready	豆が実った
The beans are ready! Cook them tonight, or dry them for later?	豆が実った！今夜料理する？それとも干して取っておく？
Cook them tonight	今夜料理する
A real stew, with real beans.	本物の豆で、本物のシチュー。
{keeper} cooked the first beans into a stew	{keeper}は最初の豆でシチューを作った
Real beans in real stew. The mess went quiet, eating.	本物の豆の本物のシチュー。食堂がしんとなって、みんな食べてた。
Dry them for later	干して取っておく
Beans keep.	豆は日持ちするから。
{keeper} dried the beans for later	{keeper}は豆を干して取っておいた
A jar of beans for a hungry week. Very sensible.	おなかの空く週のために豆を一瓶。とても賢明。
The beans went tough on the vine	豆はつるの上で硬くなってしまった
Left them too long.	放っておきすぎた。
{Explorer} looked at the kelp and the gap	{Explorer}は昆布と隙間を見比べた
With all that kelp we could string a handrail along the causeway. Shall we?	あれだけ昆布があれば、土手道に手すりを張れるよ。やってみる？
String the handrail	手すりを張る
Post by post.	杭から杭へ。
{explorer} and you strung a kelp handrail along the causeway	{explorer}とあなたは土手道に昆布の手すりを張った
Something to hold on the windy nights. Good work.	風の強い夜につかまれるものができた。よくやった。
Feet are enough	足だけで十分
We've managed so far.	今までなんとかなってきたし。
The causeway went without a handrail	土手道には手すりがないままだった
Careful feet it is.	慎重な足取りで行こう。
The spare kelp went soggy	余った昆布はふやけてしまった
Too soggy for rope now.	もうロープにするには柔らかすぎる。
Right. Seal the ring, light the apron, and this rock's a home.	よし。リングを閉じて、エプロンに灯りをともせば、この岩も家になる。
Seal the ring, light the apron, and this rock's a home.	リングを閉じて、エプロンに灯りをともせば、この岩も家になる。
Cool. Let's make this street feel like ours.	いいね。この通りを、ぼくらの通りにしよう。
Let's make this street feel like ours.	この通りを、ぼくらの通りにしよう。
Good! Pack the snow tight. We'll build a home here.	よし！雪をしっかり固めて。ここに家を建てよう。
Pack the snow tight.	雪をしっかり固めて。
We'll build a home here.	ここに家を建てよう。
