Nia	妮娅
Nia Chen	妮娅·陈
Tomas	托马斯
Tomas Vale	托马斯·韦尔
Ines	伊内丝
Ines Duarte	伊内丝·杜阿尔特
Lena	莉娜
Lena Ortiz	莉娜·奥尔蒂斯
Max	马克斯
Max Park	马克斯·朴
Ray	雷
Ray Kowalski	雷·科瓦尔斯基
Piko	皮可
Miri	米丽
Tuk	图克
Ares Habitat	阿瑞斯基地
Hydroponics Bay	水培舱
Kestrel Rover	红隼号漫游车
Maple Arcade	枫叶游戏厅
K-88 Radio	K-88电台
Night Bus 6	6路夜班车
Maple Street · 1987	枫树街 · 1987
Icebridge	冰桥
Fish Vault	鱼库
Aurora Council	极光议会
A back room at the arcade is finished!	游戏厅的后屋完工啦！
A bargain, I tell you!	真是捡了个大便宜！
A bench by Ares Habitat.	阿瑞斯基地旁的一张长椅。
A bench by Maple Arcade.	枫叶游戏厅旁的一张长椅。
A bench!	一张长椅！
A blizzard for a week.	暴风雪要刮上一周。
A blizzard left dust in everything.	暴风雪过后，哪儿都落了一层灰。
A blizzard on the horizon!	地平线上来暴风雪了！
A cold morning, the two of them.	寒冷的早晨，就他们俩。
A crack, but a small one.	有条裂缝，不过不大。
A day lost to work, a day won between them.	少干了一天活，却多了一天彼此相伴。
A day's work at the bench.	在工作台前忙了一天。
A dog chased me down Elm Street.	有条狗在榆树街上一路追我。
A dust front for a week.	沙尘锋面要持续一周。
A dust front left dust in everything.	沙尘锋面过后，哪儿都落了一层灰。
A dust front on the horizon!	地平线上来沙尘锋面了！
A far-off song across the ice!	冰原那头传来一首遥远的歌！
A feast for the winter!	够过冬的一顿大餐！
A few lines, since I didn't see you today.	今天没见到你，写几句给你。
A hug, and it's done.	抱一下，就算和好了。
A hundred and six herring in the vault.	鱼库里有一百零六条鲱鱼。
A hundred and six krill cakes in the vault.	鱼库里有一百零六块磷虾饼。
A hundred and six silverfish in the vault.	鱼库里有一百零六条银鱼。
A hundred and six sprats in the vault.	鱼库里有一百零六条小沙丁鱼。
A ice bench by Icebridge.	冰桥旁的一张冰长椅。
A ice bench!	一张冰长椅！
A kid topped Centipede.	有个小孩刷新了《蜈蚣》的最高分。
A lantern tower	一座灯笼塔
A late call-in from out of town!	深夜有外地听众打进来啦！
A laundromat guy rang about a first date.	洗衣店的一个家伙打电话来聊初次约会。
A laundromat guy rang about a lost dog.	洗衣店的一个家伙打电话来聊走丢的狗。
A laundromat guy rang about a nameless song.	洗衣店的一个家伙打电话来聊一首不知道名字的歌。
A laundromat guy rang about the weather.	洗衣店的一个家伙打电话来聊天气。
A lost gull crossed the bridge backwards.	一只迷路的海鸥倒着走过了桥。
A lost gull crossed the bridge in a rush.	一只迷路的海鸥匆匆忙忙过了桥。
A lost gull crossed the bridge on tiptoe.	一只迷路的海鸥踮着脚过了桥。
A lost gull crossed the bridge singing.	一只迷路的海鸥唱着歌过了桥。
A minute, and a picture to keep.	一分钟，留下一张照片。
A navigator at last!	终于有领航员了！
A new radio mast	一座新的无线电塔
A night nurse rang about a first date.	一位夜班护士打电话来聊初次约会。
A night nurse rang about a lost dog.	一位夜班护士打电话来聊走丢的狗。
A night nurse rang about a nameless song.	一位夜班护士打电话来聊一首不知道名字的歌。
A night nurse rang about the weather.	一位夜班护士打电话来聊天气。
A quiet day.	平静的一天。
A quiet one	安静的那个
A relay mast	一座中继塔
A reply from home!	家里回信了！
A seal chased us off the good spot.	一只海豹把我们从好位置赶走了。
A second bridge span is finished!	第二段桥完工啦！
A second dome is finished!	第二个穹顶完工啦！
A secret: I'm afraid of the gap under the long span.	说个秘密：我怕长桥段下面那道缝。
A signal from the old lander!	旧着陆器传来信号了！
A skill.	是门手艺。
A small green corner.	一小片绿色角落。
A stormy spring	风暴多的春天
A stormy summer	风暴多的夏天
A stormy winter	风暴多的冬天
A surprise party	一场惊喜派对
A thunderstorm for a week.	雷暴要持续一周。
A thunderstorm left dust in everything.	雷暴过后，哪儿都落了一层灰。
A thunderstorm on the horizon!	地平线上来雷暴了！
A tiny habitat, one keeper, hydroponics, and a rover on a red horizon.	小小的基地，一位看守人，水培农场，还有红色地平线上的一辆漫游车。
A trader's come by with odds and ends!	有个商人带着些零零碎碎来啦！
A trucker rang about a first date.	一位卡车司机打电话来聊初次约会。
A trucker rang about a lost dog.	一位卡车司机打电话来聊走丢的狗。
A trucker rang about a nameless song.	一位卡车司机打电话来聊一首不知道名字的歌。
A trucker rang about the weather.	一位卡车司机打电话来聊天气。
A week of cards, soup and stories.	一周的纸牌、热汤和故事。
A week to the Block Party.	离街区派对还有一周。
A week to the Krill Harvest.	离磷虾丰收节还有一周。
A week to the Pie Contest.	离馅饼大赛还有一周。
A week to the harvest.	离收获还有一周。
A week's tinkering.	捣鼓了一周。
A whole dollar.	整整一美元。
A whole night, everything said.	整整一夜，该说的都说了。
A window box, then	那就弄个窗台花箱吧
A worried hug.	一个担心的拥抱。
Accept the thanks	接受谢意
Actual green!	真的是绿色！
Adjusting the lamps.	在调灯。
Again.	又来。
Ah well.	唉，算了。
Airlock B reads a hair low.	B号气闸读数稍微偏低。
Airlock B reads a touch warm.	B号气闸读数有点偏高。
Airlock B reads green.	B号气闸显示绿灯。
Airlock B reads steady.	B号气闸读数平稳。
Algae beds	藻类培养床
All of us, together.	我们大家，在一起。
All safe.	大家都平安。
An afternoon's scrubbing, side by side.	并肩刷洗了一下午。
An afternoon, side by side.	并肩度过一个下午。
An arcade, local radio, a night bus, and a neighborhood that remembers.	一家游戏厅、本地电台、一班夜车，还有一个念旧的街坊。
An evening off, and a long talk.	放一晚假，好好长聊一番。
An hour on the roof, looking up.	在屋顶上待了一个钟头，仰望星空。
An ice bridge, a fish vault, a moonrise council, and one bridge keeper.	一座冰桥、一个鱼库、一个月出时开会的议会，还有一位守桥人。
And my shoes.	还有我的鞋。
Another Mars year nearly done.	又一个火星年快过完了。
Another year!	又是一年！
Anyway.	总之。
Arcade's staying open late.	游戏厅今晚开到很晚。
Are we going?	我们去吗？
Ares Habitat can mind itself for a day.	阿瑞斯基地一天没人照看也没事。
Ares Habitat can't take much more.	阿瑞斯基地快撑不住了。
Ares Habitat doesn't sound right.	阿瑞斯基地听着不太对劲。
Ares Habitat needs everyone.	阿瑞斯基地需要每一个人。
Ares Habitat's acting up again.	阿瑞斯基地又出毛病了。
Ares Pocket Colony	阿瑞斯口袋殖民地
As they should.	本该如此。
Ask the outer colonies for hulls	向外围殖民地要舱壳
Ate with {name} and talked about the sea.	和{name}一起吃饭，聊了聊大海。
Aurora Council argued over the fishing holes.	极光议会为捕鱼洞吵了起来。
Aurora Council argued over the huddle order.	极光议会为抱团取暖的顺序吵了起来。
Aurora Council argued over the moon feast.	极光议会为月亮宴吵了起来。
Aurora Council argued over the new slide.	极光议会为新滑道吵了起来。
Aurora Council squawked over the fishing holes.	极光议会为捕鱼洞嘎嘎争个不停。
Aurora Council squawked over the huddle order.	极光议会为抱团取暖的顺序嘎嘎争个不停。
Aurora Council squawked over the moon feast.	极光议会为月亮宴嘎嘎争个不停。
Aurora Council squawked over the new slide.	极光议会为新滑道嘎嘎争个不停。
Aurora Council voted over the fishing holes.	极光议会就捕鱼洞投了票。
Aurora Council voted over the huddle order.	极光议会就抱团取暖的顺序投了票。
Aurora Council voted over the moon feast.	极光议会就月亮宴投了票。
Aurora Council voted over the new slide.	极光议会就新滑道投了票。
Aurora Night soon.	极光之夜快到了。
Back by supper.	晚饭前回来。
Back to the books.	回去啃书了。
Back to this, then.	那就接着干这个吧。
Badly.	糟透了。
Band practice with {name}.	和{name}一起排练乐队。
Barely, no joke.	勉强，不骗你。
Barely, scout's honour.	勉强，我发誓。
Barely.	勉强吧。
Basil: flowering early.	罗勒：提前开花了。
Basil: leaves yellowing.	罗勒：叶子发黄了。
Basil: roots look good.	罗勒：根长得不错。
Basil: two new shoots.	罗勒：冒了两棵新芽。
Batten down together	一起加固防风
Battery held.	电池撑住了。
Be careful next time	下次小心点
Be what the mall is not	做商场做不到的事
Beans: flowering early.	豆子：提前开花了。
Beans: leaves yellowing.	豆子：叶子发黄了。
Beans: roots look good.	豆子：根长得不错。
Beans: two new shoots.	豆子：冒了两棵新芽。
Beat {name} at chess.	下棋赢了{name}。
Beautiful, in a dead sort of way.	很美，一种死寂的美。
Belly-slid down the big slope with {name}!	和{name}一起从大坡上肚皮滑下去！
Best night ever!	最棒的一晚！
Best spot is the water tower.	最好的位置是水塔。
Best week I can remember.	我记忆里最棒的一周。
Best, {name}.	祝好，{name}。
Better than last year!	比去年还好！
Better there, I think.	我觉得那边更好。
Biology exam next week.	下周考生物。
Biology exam on Friday.	周五考生物。
Biology exam on Monday.	周一考生物。
Bird feeder	喂鸟器
Birthday came and went.	生日就这么过去了。
Bliss.	美滋滋。
Blue ribbon!	蓝丝带！
Blue sunset from Hydroponics Bay.	在水培舱看到的蓝色日落。
Boot-shaped rock!	靴子形状的石头！
Boot-shaped rock, scout's honour.	靴子形状的石头，我发誓。
Both of them, side by side, all night.	他们俩，肩并肩，一整夜。
Both of us	我们俩
Brain full.	脑子塞满了。
Brave.	真勇敢。
Bread next sol!	下个火星日就有面包了！
Bring a flask up the ridge.	带壶热饮上山脊。
Brisk.	挺凉快。
Build a deeper home	建一个更深的家
Build the shelves	搭架子
Build with it	用它来建造
Built the finest stone nest on the ice.	在冰上垒了最棒的石头窝。
Burnt the stew.	炖菜烧糊了。
Busy night at K-88 Radio.	K-88电台今晚好忙。
Busy night at Maple Arcade.	枫叶游戏厅今晚好忙。
Calculus exam on Friday.	周五考微积分。
Calculus exam on Monday.	周一考微积分。
Calculus exam tomorrow.	明天考微积分。
Called the radio station.	给电台打了电话。
Called {name}.	给{name}打了电话。
Can I tell you something?	能跟你说件事吗？
Can you feel it?	你感觉到了吗？
Can you hear me?	你听得到我吗？
Carved new steps in the ice.	在冰上凿了新台阶。
Carving pumpkins for Halloween.	为万圣节刻南瓜。
Caught the end of the ball game.	赶上了球赛的尾巴。
Caught three herring.	抓到三条鲱鱼。
Celebrate it	庆祝一下
Charted the crater rim.	绘制了陨石坑边缘。
Chatted with {name} till the tide turned, fishy promise.	和{name}聊到潮水都转向了，鱼鱼保证。
Chatted with {name} till the tide turned.	和{name}聊到潮水都转向了。
Chemistry exam next week.	下周考化学。
Chemistry exam on Friday.	周五考化学。
Chemistry exam on Monday.	周一考化学。
Chemistry exam tomorrow.	明天考化学。
Chipped the old ice off the rails.	把栏杆上的旧冰敲掉了。
Clean up together	一起打扫
Clean-up day!	大扫除日！
Clear sky tonight.	今晚天很晴。
Clear the intakes by hand, every shift	每班都手动清理进气口
Clearing out the garage for the yard sale.	为庭院旧货甩卖清理车库。
Close the loop and live inside it	形成闭环，在其中生活
Clouded over.	天阴了。
Coffee with {name} till the waitress glared.	和{name}喝咖啡，喝到女招待瞪我们。
Cold.	好冷。
Come and look?	来看看？
Come by soon.	早点过来啊。
Come on over, we said!	我们说了，快过来吧！
Come stand on the bridge with me.	来桥上陪我站一会儿。
Condenser well	冷凝井
Conserve the winter reserves	省着用过冬储备
Copy.	收到。
Cosy.	好舒服。
Could I have one day off?	我能休息一天吗？
Could we take a picture of us, here?	我们能在这儿拍张合照吗？
Couldn't find you, so here's a letter.	没找到你，就写了这封信。
Countdown's coming.	倒计时快开始了。
Counted the stars till I lost count.	数星星数到数不清。
Counted tokens till my eyes crossed.	数代币数到眼都花了。
Couples skate with {name}.	和{name}一起情侣滑冰。
Crossed the first span at dusk.	黄昏时走过了第一段桥。
Crossed the first span at first light.	破晓时走过了第一段桥。
Crossed the first span at low tide.	退潮时走过了第一段桥。
Crossed the first span at moonrise.	月出时走过了第一段桥。
Crossed the long span at dusk.	黄昏时走过了长桥段。
Crossed the long span at first light.	破晓时走过了长桥段。
Crossed the long span at low tide.	退潮时走过了长桥段。
Crossed the long span at moonrise.	月出时走过了长桥段。
Crossed the new span at dusk.	黄昏时走过了新桥段。
Crossed the new span at first light.	破晓时走过了新桥段。
Crossed the new span at low tide.	退潮时走过了新桥段。
Crossed the new span at moonrise.	月出时走过了新桥段。
Crossed the second span at dusk.	黄昏时走过了第二段桥。
Crossed the second span at first light.	破晓时走过了第二段桥。
Crossed the second span at low tide.	退潮时走过了第二段桥。
Crossed the second span at moonrise.	月出时走过了第二段桥。
Current thread	当前主线
Days of work, and it will stand on the horizon.	干上几天，它就会立在地平线上。
Dedicated one to them, over and out.	为他们点了一首，完毕。
Dedicated one to them.	为他们点了一首。
Deepen Icebridge's winter life	丰富冰桥的冬日生活
Deepen the local places and rituals already holding the neighborhood together.	让那些早已凝聚街坊的地方和习俗更有味道。
Delivered two hundred papers.	送了两百份报纸。
Designing a greenhouse extension with {name}.	和{name}一起设计温室扩建。
Did you hear that?	你听到了吗？
Did you see that finish?	你看到最后冲线了吗？
Didn't get up till the soaps came on.	一直睡到肥皂剧开播才起床。
Dig it.	太酷了。
Do another deal	再做一笔交易
Do we hole up together, or keep the work going?	我们一起躲着，还是继续干活？
Don't log this.	这个别记下来。
Don't mention a borrowed cassette to {name}.	别跟{name}提借的磁带的事。
Don't mention a borrowed tool to {name}.	别跟{name}提借的工具的事。
Don't mention a brisk shoulder to {name}.	别跟{name}提那次爱搭不理的事。
Don't mention a broken Walkman to {name}.	别跟{name}提坏掉的随身听的事。
Don't mention a broken bridge span to {name}.	别跟{name}提断掉的桥段的事。
Don't mention a broken promise to {name}.	别跟{name}提没兑现的承诺的事。
Don't mention a cold shoulder to {name}.	别跟{name}提那次冷眼相待的事。
Don't mention a dent in the car to {name}.	别跟{name}提车上凹痕的事。
Don't mention a joke that went too far to {name}.	别跟{name}提开过头的玩笑的事。
Don't mention a lost bet to {name}.	别跟{name}提输掉的赌的事。
Don't mention a lost feather to {name}.	别跟{name}提丢了羽毛的事。
Don't mention a missed check-in to {name}.	别跟{name}提漏掉报到的事。
Don't mention a mixtape to {name}.	别跟{name}提那盘混音带的事。
Don't mention a nest too close to {name}.	别跟{name}提窝搭得太近的事。
Don't mention a party nobody mentioned to {name}.	别跟{name}提那场没人提起的派对的事。
Don't mention a snowball to {name}.	别跟{name}提那个雪球的事。
Don't mention a squawk at the council to {name}.	别跟{name}提议会上那声嘎嘎叫的事。
Don't mention a stolen pebble to {name}.	别跟{name}提偷鹅卵石的事。
Don't mention dust in the quarters to {name}.	别跟{name}提宿舍里灰尘的事。
Don't mention gossip at the diner to {name}.	别跟{name}提餐馆里八卦的事。
Don't mention money for gas to {name}.	别跟{name}提油钱的事。
Don't mention music in the common room to {name}.	别跟{name}提公共休息室里放音乐的事。
Don't mention the aurora vote to {name}.	别跟{name}提极光投票的事。
Don't mention the band's name to {name}.	别跟{name}提乐队名字的事。
Don't mention the best fishing hole to {name}.	别跟{name}提最好的捕鱼洞的事。
Don't mention the chore rota to {name}.	别跟{name}提家务轮值表的事。
Don't mention the curfew to {name}.	别跟{name}提门禁的事。
Don't mention the greenhouse temperature to {name}.	别跟{name}提温室温度的事。
Don't mention the high score to {name}.	别跟{name}提最高分的事。
Don't mention the huddle order to {name}.	别跟{name}提抱团顺序的事。
Don't mention the last chocolate bar to {name}.	别跟{name}提最后一块巧克力的事。
Don't mention the last of the coffee to {name}.	别跟{name}提最后那点咖啡的事。
Don't mention the last slice of pizza to {name}.	别跟{name}提最后一块披萨的事。
Don't mention the message to Earth to {name}.	别跟{name}提发给地球的消息的事。
Don't mention the prom to {name}.	别跟{name}提毕业舞会的事。
Don't mention the radio playlist to {name}.	别跟{name}提电台歌单的事。
Don't mention the rover schedule to {name}.	别跟{name}提漫游车排班的事。
Don't mention the rover's mileage to {name}.	别跟{name}提漫游车里程的事。
Don't mention the slide rules to {name}.	别跟{name}提滑道规矩的事。
Don't mention the song verses to {name}.	别跟{name}提那几段歌词的事。
Don't mention the water ration to {name}.	别跟{name}提用水配额的事。
Don't mention who called who to {name}.	别跟{name}提谁先打给谁的事。
Don't mention who left the airlock open to {name}.	别跟{name}提谁没关气闸的事。
Don't mention who saw the seal first to {name}.	别跟{name}提谁先看到海豹的事。
Don't mention whose turn to keep watch to {name}.	别跟{name}提轮到谁守夜的事。
Don't tell a soul!	千万别告诉任何人！
Don't tell anyone.	别告诉别人。
Don't tell the gulls, fishy promise.	别告诉海鸥，鱼鱼保证。
Don't tell the gulls.	别告诉海鸥。
Don't tell {name}.	别告诉{name}。
Don't touch the beds.	别碰苗床。
Don't touch the tomatoes.	别碰番茄。
Don't wait up!	不用等我！
Dreamed of krill.	梦见了磷虾。
Dreamed of rain.	梦见了下雨。
Drew a map of everything we've found.	把我们找到的一切画成了地图。
Drill in a few sols.	过几个火星日就演习。
Drinking fountain	饮水台
Drive out and find out	开出去看看
Drive-In Opening Night	汽车影院开幕夜
Drive-In Opening Night in 2 days	汽车影院开幕夜还有2天
Drive-In Opening Night in 3 days	汽车影院开幕夜还有3天
Drive-In Opening Night in 4 days	汽车影院开幕夜还有4天
Drive-In Opening Night in 5 days	汽车影院开幕夜还有5天
Drive-In Opening Night in 6 days	汽车影院开幕夜还有6天
Drive-In Opening Night in 7 days	汽车影院开幕夜还有7天
Drive-In Opening Night today	汽车影院开幕夜就是今天
Drive-In Opening Night tomorrow	汽车影院开幕夜就在明天
Drive-in opens soon.	汽车影院快开张了。
Drove around with {name} and the windows down.	和{name}摇下车窗兜风。
Dunn let me keep the tips.	Dunn让我留下了小费。
Dust devil season.	尘卷风季节。
Dust devil, huge.	好大一个尘卷风。
Dust season.	沙尘季。
Dust sled	沙尘雪橇
Dwarf apple tree	矮苹果树
Dwarf wheat: flowering early.	矮小麦：提前开花了。
Dwarf wheat: roots look good.	矮小麦：根长得不错。
Dwarf wheat: two new shoots.	矮小麦：冒了两棵新芽。
Earth is a blue dot from here.	从这儿看，地球只是个蓝点。
Earth will hear all of us.	地球会听到我们所有人的声音。
Earth would be proud.	地球会为我们骄傲的。
Earthrise soon.	地出快到了。
Embarrassing.	好尴尬。
Endless krill.	吃不完的磷虾。
Era 10 · kept what it was handed	第10纪元 · 守住了接手的一切
Era 11 · kept what it was handed	第11纪元 · 守住了接手的一切
Era 12 · kept what it was handed	第12纪元 · 守住了接手的一切
Era 13 · kept what it was handed	第13纪元 · 守住了接手的一切
Era 14 · kept what it was handed	第14纪元 · 守住了接手的一切
Era 15 · kept what it was handed	第15纪元 · 守住了接手的一切
Era 16 · kept what it was handed	第16纪元 · 守住了接手的一切
Era 17 · kept what it was handed	第17纪元 · 守住了接手的一切
Era 18 · kept what it was handed	第18纪元 · 守住了接手的一切
Era 19 · kept what it was handed	第19纪元 · 守住了接手的一切
Era 2 · kept what it was handed	第2纪元 · 守住了接手的一切
Era 20 · kept what it was handed	第20纪元 · 守住了接手的一切
Era 21 · kept what it was handed	第21纪元 · 守住了接手的一切
Era 22 · kept what it was handed	第22纪元 · 守住了接手的一切
Era 23 · kept what it was handed	第23纪元 · 守住了接手的一切
Era 24 · kept what it was handed	第24纪元 · 守住了接手的一切
Era 25 · kept what it was handed	第25纪元 · 守住了接手的一切
Era 26 · kept what it was handed	第26纪元 · 守住了接手的一切
Era 27 · kept what it was handed	第27纪元 · 守住了接手的一切
Era 28 · kept what it was handed	第28纪元 · 守住了接手的一切
Era 29 · kept what it was handed	第29纪元 · 守住了接手的一切
Era 3 · kept what it was handed	第3纪元 · 守住了接手的一切
Era 30 · kept what it was handed	第30纪元 · 守住了接手的一切
Era 31 · kept what it was handed	第31纪元 · 守住了接手的一切
Era 32 · kept what it was handed	第32纪元 · 守住了接手的一切
Era 33 · kept what it was handed	第33纪元 · 守住了接手的一切
Era 34 · kept what it was handed	第34纪元 · 守住了接手的一切
Era 35 · kept what it was handed	第35纪元 · 守住了接手的一切
Era 36 · kept what it was handed	第36纪元 · 守住了接手的一切
Era 37 · kept what it was handed	第37纪元 · 守住了接手的一切
Era 38 · kept what it was handed	第38纪元 · 守住了接手的一切
Era 39 · kept what it was handed	第39纪元 · 守住了接手的一切
Era 4 · kept what it was handed	第4纪元 · 守住了接手的一切
Era 5 · kept what it was handed	第5纪元 · 守住了接手的一切
Era 6 · kept what it was handed	第6纪元 · 守住了接手的一切
Era 7 · kept what it was handed	第7纪元 · 守住了接手的一切
Era 8 · kept what it was handed	第8纪元 · 守住了接手的一切
Era 9 · kept what it was handed	第9纪元 · 守住了接手的一切
Even on Mars.	就算在火星上也一样。
Ever, no joke.	有史以来头一回，不骗你。
Ever.	有史以来头一回。
Every bit as good as last year.	跟去年一样好。
Every corner, both of them.	每个角落，他们俩都顾到了。
Every drop.	一滴不剩。
Every paper soaked.	每份报纸都湿透了。
Every spare pair of hands clears the intakes until the season turns.	所有能腾出手的人都去清理进气口，直到换季。
Every time.	每次都是。
Every week	每周
Everybody came!	大家都来了！
Everyone gasped.	大家都惊呼了。
Everyone sang!	大家都唱起来了！
Everyone up on the bridge.	大家都上桥来。
Everyone who comes in sees it.	进来的人都能看见。
Everyone!	大家！
Everyone's well.	大家都好。
Everything here has to earn its keep.	这里的一切都得物尽其用。
Everything's sparkling.	一切都闪闪发亮。
Fairy lights	串灯
Fastest slide ever!	史上最快的滑行！
Fell asleep in front of the late movie.	看深夜电影看睡着了。
Fell asleep on my maths book.	趴在数学书上睡着了。
Filed the sol report.	提交了火星日报告。
Finally, scout's honour.	终于，我发誓。
Finally.	终于。
Fine for now.	暂时还行。
Fireflies!	萤火虫！
Fireworks soon.	烟花快来了。
Firm as a stone.	稳如磐石。
First eggs!	第一批蛋！
First frost!	初霜！
First in ages.	好久没这样了。
Fish Run soon.	鱼汛快到了。
Fish stall	鱼摊
Fish the near water harder	在近处水域多捕点鱼
Fishing with {name}.	和{name}去钓鱼。
Fishing-hole bench	捕鱼洞长椅
Fit it together	拼起来
Five bucks.	五块钱。
Fix it?	修一下？
Fix the relay	修中继站
Fixed {name} Adeyemi's suit seal.	修好了{name} Adeyemi的宇航服密封。
Fixed {name} Chen's suit seal.	修好了{name} Chen的宇航服密封。
Fixed {name} Duarte's suit seal.	修好了{name} Duarte的宇航服密封。
Fixed {name} Lund's suit seal.	修好了{name} Lund的宇航服密封。
Fixed {name} Obi's suit seal.	修好了{name} Obi的宇航服密封。
Fixed {name} Raman's suit seal.	修好了{name} Raman的宇航服密封。
Fixed {name} Vale's suit seal.	修好了{name} Vale的宇航服密封。
Flashcards are ready, you know?	抽认卡准备好了，知道吧？
Flashcards are ready.	抽认卡准备好了。
Flashcards till midnight.	背抽认卡背到半夜。
Flower bed	花坛
Follow it	跟上去
Follow the rover signal	追踪漫游车信号
For balance, over and out.	为了平衡，完毕。
For balance.	为了平衡。
Forgot it myself, nearly.	我自己都差点忘了。
Fortify Ares Habitat	加固阿瑞斯基地
Forty herring in the vault.	鱼库里有四十条鲱鱼。
Forty krill cakes in the vault.	鱼库里有四十块磷虾饼。
Forty silverfish in the vault.	鱼库里有四十条银鱼。
Forty!	四十！
Forty.	四十。
Found a quarter in the seat.	在座位缝里找到一枚两毛五。
Found a starfish in the fish pile.	在鱼堆里发现一只海星。
Found a vein of ice under the ridge.	在山脊下找到一条冰脉。
Found the perfect pebble.	找到一颗完美的鹅卵石。
Founders' Feast	创始人盛宴
Founders' Feast in 2 days	创始人盛宴还有2天
Founders' Feast in 3 days	创始人盛宴还有3天
Founders' Feast in 4 days	创始人盛宴还有4天
Founders' Feast in 5 days	创始人盛宴还有5天
Founders' Feast in 6 days	创始人盛宴还有6天
Founders' Feast in 7 days	创始人盛宴还有7天
Founders' Feast soon.	创始人盛宴快到了。
Founders' Feast today	创始人盛宴就是今天
Founders' Feast tomorrow	创始人盛宴就在明天
Founders' statue	创始人雕像
Freezing.	冻死了。
French exam next week.	下周考法语。
French exam on Friday.	周五考法语。
French exam on Monday.	周一考法语。
French exam tomorrow.	明天考法语。
Friends again?	还是朋友吗？
Fries and shakes with {name}.	和{name}吃薯条喝奶昔。
From Mars they look odd.	从火星上看，它们怪怪的。
From here on they lean toward trusting each other.	从此以后，他们越来越信任彼此。
Frost on every rail.	每根栏杆上都结了霜。
Future Martians, hello.	未来的火星人，你们好。
Garage band with {name}.	和{name}组车库乐队。
Get the neighborhood driving	让街坊们开起车来
Geyser fountain	间歇泉喷泉
Give Icebridge one more aurora; its central relationship is starting to take shape.	再给冰桥一次极光吧；它的核心关系正在成形。
Give Maple Street one more night; its central relationship is starting to take shape.	再给枫树街一个晚上吧；它的核心关系正在成形。
Give each other space	给彼此一点空间
Give the colony one more sol; its central relationship is starting to take shape.	再给殖民地一个火星日吧；它的核心关系正在成形。
Give them a shared project	给他们一个共同的项目
Give them something neither can finish alone.	给他们一件谁也没法独自完成的事。
Glow stones	发光石
Go Comets!	彗星队加油！
Go and find it	去找找看
Go and find it?	去找找看？
Go and look	去看看
Go out after them	出去追他们
Go out, or stay close?	出去，还是待在附近？
Go together	一起去
Gone by noon.	中午前就没了。
Good as new.	跟新的一样。
Good enough.	够好了。
Good evening, Maple Street!	晚上好，枫树街！
Good ones.	好东西。
Good to see a new face.	很高兴见到新面孔。
Good to see new faces.	真高兴来了些新面孔。
Good trade.	划算的交易。
Gosh.	天哪。
Got Carla's old Chevy running.	让Carla那辆旧雪佛兰重新跑起来了。
Got Eddie's old Chevy running.	让Eddie那辆旧雪佛兰重新跑起来了。
Got Ricky's old Chevy running.	让Ricky那辆旧雪佛兰重新跑起来了。
Got Walt's old Chevy running.	让Walt那辆旧雪佛兰重新跑起来了。
Got a fan letter!	收到一封粉丝来信！
Got {name} Kowalski's old Chevy running.	让{name} Kowalski那辆旧雪佛兰重新跑起来了。
Got {name} Ortiz's old Chevy running.	让{name} Ortiz那辆旧雪佛兰重新跑起来了。
Got {name} Park's old Chevy running.	让{name} Park那辆旧雪佛兰重新跑起来了。
Green all the way across!	一路绿到对岸！
Green and pink.	绿的和粉的。
Green!	绿了！
Grew a tomato in Martian soil.	在火星土壤里种出了番茄。
Growing tray	种植盘
Guess what day it is?	猜猜今天是什么日子？
Guess what!	猜猜怎么着！
Gus waved me on for free.	Gus挥手让我免费过去了。
Ha!	哈！
Ha.	哈。
Half each, no arguments.	一人一半，不许争。
Half each.	一人一半。
Hand Dana the Friday rules as they are	把周五的规矩原样交给Dana
Hand Sura the crossing rites as they are	把过桥仪式原样交给Sura
Hand {name} the routines as they are	把日常事务原样交给{name}
Happy New Year, everybody!	大家新年快乐！
Hard work for both of them.	对他们俩来说都是苦差事。
Harvested dwarf wheat with {name}.	和{name}一起收了矮小麦。
Heard back from Earth.	收到地球的回信了。
Held first time.	一次就撑住了。
Hello from me.	向你问声好。
Help look	帮忙找
Help me fit the new a spare fuse?	帮我装个新的备用保险丝？
Help me fit the new a spare lantern?	帮我装个新的备用灯笼？
Help me fit the new a spare seal?	帮我装个新的备用密封圈？
Help me look?	帮我找找？
Helped {name} run the late show at K-88 Radio.	帮{name}在K-88电台主持了深夜节目。
Helped {name} with their feathers.	帮{name}整理了羽毛。
Here we are again.	我们又来了。
Hero.	英雄。
Herring left, cod right.	左边鲱鱼，右边鳕鱼。
Hey hey!	嘿嘿！
Hey!	嘿！
Hey, you.	嘿，你呀。
Hey.	嘿。
History exam next week.	下周考历史。
History exam on Friday.	周五考历史。
History exam on Monday.	周一考历史。
Hm-hm.	嗯嗯。
Holding steady.	稳着呢。
Hole up together	一起窝着
Home, once.	曾经的家。
Homecoming soon.	快回家了。
Hot dog stand	热狗摊
Hot-dog stand	热狗摊
Huddle close.	挤紧点。
Huddled with {name}.	和{name}挤在一起取暖。
Hull seal four reads a hair low.	四号舱体密封读数偏低一点。
Hull seal four reads a touch warm.	四号舱体密封读数有点偏高。
Hull seal four reads green.	四号舱体密封读数正常。
Hull seal four reads steady.	四号舱体密封读数稳定。
Humidity's right.	湿度刚好。
Humiliating, no joke.	丢死人了，真的。
Humiliating.	太丢人了。
Hung a new lantern with {name} at the far end.	和{name}在最远那头挂了一盏新灯笼。
I can't go on like this.	我不能再这样下去了。
I carried it all the way back for you.	我一路给你带回来的。
I chatter all day so nobody hears how empty my nest is at night.	我整天叽叽喳喳，这样就没人听见我夜里的窝有多空。
I could sleep for a week, fishy promise.	我能睡上一个礼拜，鱼儿作证。
I could sleep for a week.	我能睡上一个礼拜。
I counted every step.	我每一步都数了。
I counted twice, fishy promise.	我数了两遍，鱼儿作证。
I counted twice.	我数了两遍。
I counted!	我数过了！
I counted.	我数过了。
I did the tape deck.	录音机我弄好了。
I didn't know you felt that way.	我不知道你是这么想的。
I don't like the look of Ares Habitat.	阿瑞斯基地看着不太对劲。
I don't like the look of Icebridge.	冰桥看着不太对劲。
I don't like the look of Maple Arcade.	枫叶游戏厅看着不太对劲。
I drive out so far because the quiet inside scares me.	我开车跑那么远，是因为里面的安静让我害怕。
I fell over twice, over and out.	我摔了两跤，完毕。
I fell over twice.	我摔了两跤。
I found my way out and back, on my own!	我自己找到路出去又回来了！
I had an idea on my day off.	我休息那天想到个主意。
I held my breath.	我屏住了呼吸。
I knew there was something out there.	我就知道外面有东西。
I know the Magna Carta now.	我现在懂《大宪章》了。
I look ridiculous.	我看起来好傻。
I lost.	我输了。
I nearly fell asleep, fishy promise.	我差点睡着了，鱼儿作证。
I nearly fell asleep.	我差点睡着了。
I need a hand, now!	快来帮我一把！
I need a tux.	我需要一套礼服。
I pretended I was out.	我假装不在家。
I promise.	我保证。
I said my piece!	我把话说完了！
I said things I shouldn't have.	我说了不该说的话。
I saved you a stool by the pinball.	我在弹珠台旁边给你留了个凳子。
I saved you the fattest herring.	我给你留了最肥的那条鲱鱼。
I saw.	我看见了。
I say yes.	我同意。
I talk all night because the quiet at home is loud.	我整夜说个不停，因为家里的安静太吵了。
I think I'll ace it.	我觉得我能考满分。
I thought of you.	我想起你了。
I wanted to tell you something.	我有件事想告诉你。
I'd like to send a message home.	我想给家里发条消息。
I'll be back.	我会回来的。
I'll be using that.	这个我要用。
I'll bring snacks!	我带零食来！
I'll check again at dusk.	我傍晚再看看。
I'll eat it myself, then.	那我自己吃了。
I'll manage without.	没有也行。
I'll strap it down.	我把它绑紧。
I'm afraid.	我害怕。
I'm devastated.	我伤心透了。
I'm going to win.	我要赢了。
I'm lost out here.	我在外面迷路了。
I'm making the mixtape.	我在做混音带。
I'm not talking about it.	这事我不想谈。
I'm on burgers.	我负责汉堡。
I'm on it.	交给我。
I'm polishing the plaque.	我在擦奖牌。
I'm saving the good rations.	好的口粮我留着呢。
I'm scared I'll fail and never leave.	我怕我考砸了，永远走不了。
I've been diving every day.	我每天都去潜水。
I've been practising backwards.	我一直在练倒着走。
I've been waiting all night.	我等了一整夜。
I've found the best spot on the ridge.	我在山脊上找到了最好的位置。
I've lost my good wrench.	我那把好扳手丢了。
Ice is kind.	冰很温柔。
Ice sculpture	冰雕
Ice well	冰井
Icebridge Colony	冰桥聚居地
Icebridge can mind itself for a day.	冰桥一天没人管也没事。
Icebridge can't take much more.	冰桥快撑不住了。
Icebridge doesn't sound right.	冰桥听着不太对劲。
Icebridge keeps the crossings it knows.	冰桥守着它熟悉的通道。
Icebridge needs everyone.	冰桥需要每一个人。
Icebridge's acting up again.	冰桥又出毛病了。
If I had a spare fuse, I'd sleep at night.	要是有个备用保险丝，我晚上就睡得着了。
If I had a spare lantern, I'd sleep at night.	要是有盏备用灯笼，我晚上就睡得着了。
If I had a spare seal, I'd sleep at night.	要是有个备用密封圈，我晚上就睡得着了。
If we put up a lantern tower, anyone could find us.	要是我们建一座灯塔，谁都能找到我们。
If we put up a new radio mast, anyone could find us.	要是我们立一根新的无线电桅杆，谁都能找到我们。
If we put up a relay mast, anyone could find us.	要是我们立一根中继桅杆，谁都能找到我们。
In a drawer	在抽屉里
In the pocket of my own coat.	就在我自己的外套口袋里。
Invest the next chapter in the winter systems and local routines that make home resilient.	把下一章投入到冬季设施和日常生活里，让家更经得起风雪。
Invite distant colonies across Icebridge for a winter feast.	邀请远方的聚居地跨过冰桥来参加冬日盛宴。
Invite the outer colonies	邀请外围聚居地
Invite them	邀请他们
Invite {name} to Ares Habitat	邀请{name}来阿瑞斯基地
Invite {name} to Icebridge	邀请{name}来冰桥
Invite {name} to Maple Arcade	邀请{name}来枫叶游戏厅
Is it over?	结束了吗？
Ish.	差不多吧。
It all goes into building.	全都拿去建东西了。
It bounced!	弹起来了！
It can wait.	可以等等。
It feels like a new chapter.	感觉像是新的一章。
It may lead somewhere.	说不定会有收获。
It seems a long time ago.	好像是很久以前的事了。
It smells like Earth, no joke.	闻起来像地球，真的。
It smells like Earth.	闻起来像地球。
It started over a borrowed cassette.	起因是一盘借来的磁带。
It started over a dent in the car.	起因是车上的一个凹痕。
It started over a missed check-in.	起因是一次没报到。
It started over a mixtape.	起因是一盘混音带。
It started over a nest too close.	起因是窝搭得太近。
It started over a squawk at the council.	起因是议会上的一声嘎叫。
It started over a stolen pebble.	起因是一颗被偷的石子。
It started over gossip at the diner.	起因是餐馆里的闲话。
It started over money for gas.	起因是油钱。
It started over music in the common room.	起因是休息室里放的音乐。
It started over the chore rota.	起因是值日表。
It started over the huddle order.	起因是挤暖的顺序。
It started over the last chocolate bar.	起因是最后一块巧克力。
It started over the last of the coffee.	起因是最后一点咖啡。
It started over the prom.	起因是毕业舞会。
It started over the radio playlist.	起因是电台的歌单。
It started over the water ration.	起因是水的配给。
It started over who left the airlock open.	起因是谁没关气闸。
It started over whose turn to keep watch.	起因是轮到谁守夜。
It suits there, little one.	放那儿挺合适的，小家伙。
It suits there.	放那儿挺合适的。
It took all night.	花了一整夜。
It was held on with tape.	是用胶带粘着的。
It will show on the horizon.	它会出现在地平线上。
It works, mostly.	大体上能用。
It'll blow over, no joke.	会过去的，真的。
It'll blow over, over and out.	会过去的，完毕。
It'll blow over.	会过去的。
It'll hold till spring.	能撑到春天。
It'll settle.	会平息的。
It'll take time.	需要时间。
It's a crack in the ice.	冰上裂了道缝。
It's a different place than it was.	这里已经不是从前的样子了。
It's a drill again now.	现在又只是演习了。
It's a failing seal.	有个密封圈快坏了。
It's a sparking fuse box.	有个保险丝盒在冒火花。
It's an old relay, out past the ridge.	是个旧中继站，在山脊那边。
It's come round again.	又转回来了。
It's getting worse!	越来越糟了！
It's got four chords.	它有四个和弦。
It's just sitting there.	它就在那儿放着。
It's my birthday today!	今天是我生日！
It's not good.	情况不妙。
It's ours	是我们的
It's over.	结束了。
It's the county fair!	县集市来啦！
It's the great migration!	大迁徙开始啦！
It's the launch window!	发射窗口到了！
It's what we do	我们就是这样
It's working!	成功了！
Just a note, nothing much.	随便写几句，没什么。
Just don't touch the red button.	千万别碰红色按钮。
Just don't!	别就是了！
Just don't, fishy promise.	别就是了，鱼儿作证。
Just don't, over and out.	别就是了，完毕。
Just don't, scout's honour.	别就是了，我以童子军的名义发誓。
Just don't, you know?	别就是了，懂吧？
Just don't.	别就是了。
Just one trip past the edge of the map.	就一趟，走过地图边缘。
Just the two of us	就我们俩
Just what Icebridge needed.	冰桥正需要这个。
Just what Maple Arcade needed.	枫叶游戏厅正需要这个。
Just wow.	哇，厉害。
Just.	刚好。
Kayak	皮划艇
Keep Maple Arcade open late as a neighborhood club.	让枫叶游戏厅开到深夜，当作街坊俱乐部。
Keep going	继续
Keep it for someone new	留给新来的人
Keep it neighborhood-sized	保持街坊的规模
Keep the Fish Vault sealed and plan for the dark season.	把鱼库封好，为漫长的黑暗季做准备。
Keep the arcade a steady business	让游戏厅稳稳当当做生意
Keep the seals tight.	把密封圈拧紧。
Keep the work going	把活儿继续干下去
Keep them apart and let competition sharpen how they deal with each other from now on.	让他们保持距离，从今往后让竞争磨砺他们相处的方式。
Keep watching before deciding whether this World reaches outward or roots itself more deeply.	再观察一阵，再决定这个世界是向外拓展，还是扎根更深。
Kelp garden	海带园
Kelp swing	海带秋千
Kept it cheerful.	保持了好心情。
Kept well clear of {name}, no joke.	离{name}远远的，真的。
Kept well clear of {name}, over and out.	离{name}远远的，完毕。
Kept well clear of {name}, you know?	离{name}远远的，懂吧？
Kept well clear of {name}.	离{name}远远的。
Kestrel agrees.	红隼号也同意。
Kestrel's antenna is acting up.	红隼号的天线出毛病了。
Kestrel's antenna is better than new.	红隼号的天线比新的还好用。
Kestrel's antenna is rattling.	红隼号的天线在咔咔响。
Kestrel's battery is acting up.	红隼号的电池出毛病了。
Kestrel's dust filter is better than new.	红隼号的防尘滤网比新的还好用。
Kestrel's dust filter is rattling.	红隼号的防尘滤网在咔咔响。
Kestrel's left wheel is acting up.	红隼号的左轮出毛病了。
Kestrel's left wheel is better than new.	红隼号的左轮比新的还好用。
Kestrel's left wheel is rattling.	红隼号的左轮在咔咔响。
Know where your mask is?	知道你的面罩在哪儿吗？
Landing Day soon.	着陆日快到了。
Lantern post	灯柱
Lanterns on the table every week.	每周桌上都点着灯笼。
Last time: Clean-up day came and went.	上次：清洁日就这么过去了。
Last time: Lena's birthday was forgotten.	上次：大家忘了莉娜的生日。
Last time: Lena's wrench stayed lost.	上次：莉娜的扳手一直没找到。
Last time: Nia's birthday was forgotten.	上次：大家忘了妮娅的生日。
Last time: Nia's wrench stayed lost.	上次：妮娅的扳手一直没找到。
Last time: Nobody saw to a crack in the ice, and it got worse.	上次：冰上的裂缝没人管，越来越严重了。
Last time: Nobody saw to a failing seal, and it got worse.	上次：快坏的密封圈没人管，越来越严重了。
Last time: Nobody saw to a sparking fuse box, and it got worse.	上次：冒火花的保险丝盒没人管，越来越严重了。
Last time: Piko's birthday was forgotten.	上次：大家忘了皮可的生日。
Last time: Piko's wrench stayed lost.	上次：皮可的扳手一直没找到。
Last time: The argument simmered on.	上次：争吵一直没平息。
Last time: The clouds came in.	上次：云层压了过来。
Last time: The long dark passed.	上次：漫长的黑暗过去了。
Last time: The supper went cold.	上次：晚饭都凉了。
Last time: They mended a crack in the ice together.	上次：他们一起补好了冰上的裂缝。
Last time: They mended a failing seal together.	上次：他们一起修好了快坏的密封圈。
Last time: They mended a sparking fuse box together.	上次：他们一起修好了冒火花的保险丝盒。
Last time: They sat out a blizzard together.	上次：他们一起熬过了一场暴风雪。
Last time: They sat out a dust front together.	上次：他们一起熬过了一场沙尘锋。
Last time: They sat out a thunderstorm together.	上次：他们一起熬过了一场雷暴。
Last time: They shared out the delivery truck.	上次：他们一起分了送货卡车上的东西。
Last time: They shared out the herring run.	上次：他们一起分了鲱鱼季的收获。
Last time: They shared out the supply drop.	上次：他们一起分了空投物资。
Last time: Time took the edge off.	上次：时间抚平了棱角。
Last time: a blizzard caught them apart.	上次：一场暴风雪把他们分开了。
Last time: a dust front caught them apart.	上次：一场沙尘锋把他们分开了。
Last time: a thunderstorm caught them apart.	上次：一场雷暴把他们分开了。
Last time: the county fair came and went.	上次：县集市就这么过去了。
Last time: the delivery truck sat unopened.	上次：送货卡车上的东西一直没人拆。
Last time: the great migration came and went.	上次：大迁徙就这么过去了。
Last time: the herring run sat unopened.	上次：鲱鱼季的收获一直没人动。
Last time: the launch window came and went.	上次：发射窗口就这么过去了。
Last time: the supply drop sat unopened.	上次：空投物资一直没人拆。
Last time: {name} and {other} cleaned up Ares Habitat together.	上次：{name}和{other}一起打扫了阿瑞斯基地。
Last time: {name} and {other} cleaned up Icebridge together.	上次：{name}和{other}一起打扫了冰桥。
Last time: {name} and {other} cleaned up Maple Arcade together.	上次：{name}和{other}一起打扫了枫叶游戏厅。
Last time: {name} and {other} made it up.	上次：{name}和{other}和好了。
Last time: {name} and {other} shared a supper.	上次：{name}和{other}一起吃了晚饭。
Last time: {name} and {other} talked it all through.	上次：{name}和{other}把话都说开了。
Last time: {name} and {other} traded with a passing trader.	上次：{name}和{other}跟路过的商人做了笔交易。
Last time: {name} and {other} waited out the long dark together.	上次：{name}和{other}一起熬过了漫长的黑暗。
Last time: {name} and {other} watched the stars.	上次：{name}和{other}一起看了星星。
Last time: {name} and {other} worked on a back room at the arcade.	上次：{name}和{other}一起弄游戏厅的后屋。
Last time: {name} and {other} worked on a second bridge span.	上次：{name}和{other}一起修第二段桥。
Last time: {name} and {other} worked on a second dome.	上次：{name}和{other}一起建第二座穹顶。
Last time: {name} brought {other} home.	上次：{name}把{other}带回了家。
Last time: {name} followed a far-off song across the ice.	上次：{name}循着远处的歌声穿过了冰面。
Last time: {name} followed a late call-in from out of town.	上次：{name}追着一通外地打来的深夜点播电话去了。
Last time: {name} followed a signal from the old lander.	上次：{name}追着旧着陆器的信号去了。
Last time: {name} found Lena's wrench.	上次：{name}找到了莉娜的扳手。
Last time: {name} found Nia's wrench.	上次：{name}找到了妮娅的扳手。
Last time: {name} found Piko's wrench.	上次：{name}找到了皮可的扳手。
Last time: {name} found the way home alone.	上次：{name}一个人找到了回家的路。
Last time: {name} went looking for the signal.	上次：{name}出去找那个信号了。
Last time: {name} won the argument.	上次：{name}吵赢了。
Laugh about it	一笑了之
Lay back and let {name} pick the music.	往后一躺，让{name}来挑音乐。
Lay in bed with the radio on.	躺在床上开着收音机。
Lay on the ice and watched the lights.	躺在冰上看极光。
Leave it	别管了
Leave the decision open; {name} and {other} carry on as they are for another aurora.	先不做决定；{name}和{other}照旧再过一轮极光。
Leave the decision open; {name} and {other} carry on as they are for another night.	先不做决定；{name}和{other}照旧再过一夜。
Leave the decision open; {name} and {other} carry on as they are for another sol.	先不做决定；{name}和{other}照旧再过一个火星日。
Leave them to it for now; the two of them keep finding their own way.	先随他们去；他俩一直在找自己的相处之道。
Lena's right	莉娜说得对
Let Dana run the nights her way	让Dana按她的方式管夜场
Let Maple Street draw a crowd	让枫树街热闹起来
Let Sura keep the bridge her way	让Sura按她的方式守桥
Let a little more time pass without making a bigger choice.	再让时间过一会儿，先不做更大的选择。
Let another aurora move through the routes now coordinated between Icebridge and the outer colonies.	让又一轮极光流过冰桥和外围聚居地之间协调好的路线。
Let another night move through the radio, arcade, bus, and people now connected by the network.	让又一个夜晚流过电台、游戏厅、夜班车，还有如今被网络连起来的人们。
Let another sol move through the ridge routes and see what the expedition network changes next.	让又一个火星日流过山脊路线，看看探险网络接下来会带来什么变化。
Let me show you how I find my way out there.	我给你看看我在外面是怎么认路的。
Let rivalry sharpen them	让竞争磨砺他们
Let the arcade, radio, and night bus pull new people into Maple Street's orbit.	让游戏厅、电台和夜班车把新面孔吸引到枫树街来。
Let the aurora turn	让极光流转
Let the night pass	让这一夜过去
Let the sol pass	让这个火星日过去
Let there be light.	要有光。
Let {name} run Ares her own way	让{name}按她的方式管理阿瑞斯
Let's do the next part together.	下一段我们一起来吧。
Let's make this place a home.	我们把这里变成家吧。
Let's not fight.	我们别吵了。
Let's not go there	别提这个了
Lettuce: flowering early.	生菜：提早开花了。
Lettuce: leaves yellowing.	生菜：叶子发黄了。
Lettuce: two new shoots.	生菜：冒了两棵新芽。
Lichen patch	地衣丛
Like the first day.	就像第一天。
Listen!	听！
Listen.	听着。
Lit the lanterns with {name}.	和{name}一起点亮了灯笼。
Locked the arcade at midnight.	半夜十二点锁了游戏厅。
Locked the arcade at one-thirty.	一点半锁了游戏厅。
Locked the arcade at one.	一点锁了游戏厅。
Locked the arcade at two.	两点锁了游戏厅。
Logged forty rock samples.	记录了四十份岩石样本。
Logged.	记下了。
Longest sol.	最长的一个火星日。
Look at them go!	看它们跑的！
Look up!	抬头看！
Look what I got for an old spanner!	看我拿一把旧扳手换到了什么！
Low-gravity swing	低重力秋千
MTV all evening.	看了一晚上MTV。
Made a few bucks.	赚了几块钱。
Made eleven dollars.	赚了十一块钱。
Made it.	成功了。
Magic.	太神奇了。
Mailbox	信箱
Maintenance at Ares Habitat.	阿瑞斯基地检修。
Maintenance at Hydroponics Bay.	水培舱检修。
Maintenance at Kestrel Rover.	红隼号漫游车检修。
Make Ares Habitat the center of the next chapter and deepen what the colony already depends on.	把阿瑞斯基地作为下一章的中心，巩固基地已经依赖的一切。
Make a new one	做个新的
Make do	将就一下
Make it a habit?	养成习惯？
Make it ours?	把它变成我们的？
Make it up	和好
Make the arcade a community hub	把游戏厅变成社区中心
Make up	和好
Manage alone	自己搞定
Maple Arcade can mind itself for a day.	枫叶游戏厅一天没人管也没事。
Maple Arcade can't take much more.	枫叶游戏厅快撑不住了。
Maple Arcade doesn't sound right.	枫叶游戏厅听着不太对劲。
Maple Arcade needs everyone.	枫叶游戏厅需要每一个人。
Maple Arcade's acting up again.	枫叶游戏厅又出毛病了。
Maple Street carries its own people home.	枫树街会把自己的人送回家。
Maple Street keeps the nights it knows.	枫树街守着它熟悉的夜晚。
Maple tree	枫树
Mapped another ridge from Ares Habitat.	从阿瑞斯基地出发又测绘了一道山脊。
Mapped another ridge from Hydroponics Bay.	从水培舱出发又测绘了一道山脊。
Mapped another ridge from Kestrel Rover.	从红隼号漫游车出发又测绘了一道山脊。
Max's right	马克斯说得对
Mayor's statue	市长雕像
Me and {name}, shouting about a borrowed cassette.	我和{name}，为一盘借来的磁带吵起来了。
Me and {name}, shouting about a borrowed tool.	我和{name}，为一件借来的工具吵起来了。
Me and {name}, shouting about a brisk shoulder.	我和{name}，为谁对谁爱答不理吵起来了。
Me and {name}, shouting about a broken bridge span.	我和{name}，为一段坏掉的桥吵起来了。
Me and {name}, shouting about a cold shoulder.	我和{name}，为谁冷落了谁吵起来了。
Me and {name}, shouting about a dent in the car.	我和{name}，为车上的一个凹痕吵起来了。
Me and {name}, shouting about a joke that went too far.	我和{name}，为一个开过头的玩笑吵起来了。
Me and {name}, shouting about a lost bet.	我和{name}，为一个输掉的赌吵起来了。
Me and {name}, shouting about a lost feather.	我和{name}，为一根丢了的羽毛吵起来了。
Me and {name}, shouting about a missed check-in.	我和{name}，为一次没报到吵起来了。
Me and {name}, shouting about a mixtape.	我和{name}，为一盘混音带吵起来了。
Me and {name}, shouting about a nest too close.	我和{name}，为窝搭得太近吵起来了。
Me and {name}, shouting about a party nobody mentioned.	我和{name}，为一场没人提起的派对吵起来了。
Me and {name}, shouting about a snowball.	我和{name}，为一个雪球吵起来了。
Me and {name}, shouting about a squawk at the council.	我和{name}，为议会上的一声嘎叫吵起来了。
Me and {name}, shouting about a stolen pebble.	我和{name}，为一颗被偷的石子吵起来了。
Me and {name}, shouting about dust in the quarters.	我和{name}，为宿舍里的灰尘吵起来了。
Me and {name}, shouting about gossip at the diner.	我和{name}，为餐馆里的闲话吵起来了。
Me and {name}, shouting about music in the common room.	我和{name}，为休息室里放的音乐吵起来了。
Me and {name}, shouting about the aurora vote.	我和{name}，为极光投票吵起来了。
Me and {name}, shouting about the band's name.	我和{name}，为乐队的名字吵起来了。
Me and {name}, shouting about the best fishing hole.	我和{name}，为最好的钓鱼洞吵起来了。
Me and {name}, shouting about the chore rota.	我和{name}，为值日表吵起来了。
Me and {name}, shouting about the curfew.	我和{name}，为门禁时间吵起来了。
Me and {name}, shouting about the greenhouse temperature.	我和{name}，为温室温度吵起来了。
Me and {name}, shouting about the high score.	我和{name}，为最高分吵起来了。
Me and {name}, shouting about the huddle order.	我和{name}，为挤暖的顺序吵起来了。
Me and {name}, shouting about the last chocolate bar.	我和{name}，为最后一块巧克力吵起来了。
Me and {name}, shouting about the last slice of pizza.	我和{name}，为最后一块披萨吵起来了。
Me and {name}, shouting about the message to Earth.	我和{name}，为发往地球的消息吵起来了。
Me and {name}, shouting about the night watch.	我和{name}，为守夜吵起来了。
Me and {name}, shouting about the prom.	我和{name}，为毕业舞会吵起来了。
Me and {name}, shouting about the radio playlist.	我和{name}，为电台的歌单吵起来了。
Me and {name}, shouting about the rover schedule.	我和{name}，为漫游车的排班吵起来了。
Me and {name}, shouting about the slide rules.	我和{name}，为滑梯规则吵起来了。
Me and {name}, shouting about the song verses.	我和{name}，为歌的主歌吵起来了。
Me and {name}, shouting about the water ration.	我和{name}，为水的配给吵起来了。
Me and {name}, shouting about who called who.	我和{name}，为谁给谁打的电话吵起来了。
Me and {name}, shouting about who left the airlock open.	我和{name}，为谁没关气闸吵起来了。
Me and {name}, shouting about who saw the seal first.	我和{name}，为谁先看到海豹吵起来了。
Me and {name}, shouting about whose turn to keep watch.	我和{name}，为轮到谁守夜吵起来了。
Measured the soil again.	又测了一遍土壤。
Mend it together	一起修好它
Mended a crack in the bridge.	补好了桥上的一道裂缝。
Mended a span with driftwood.	用浮木补好了一段桥。
Mended a span with packed ice.	用压实的冰补好了一段桥。
Mended a span with snow bricks.	用雪砖补好了一段桥。
Message post	留言柱
Message stone	留言石
Mind how you go.	路上小心。
Mind the step.	小心台阶。
Mind where you step.	注意脚下。
Mind your feet.	当心脚下。
Mine.	我的。
Miri's right	米丽说得对
Missed it again.	又错过了。
Mist fountain	雾气喷泉
Mixtape for my sister: side A is all love songs.	给我妹妹的混音带：A面全是情歌。
Mixtape for the bus driver: side A is loud.	给公交司机的混音带：A面超吵。
Mixtape for {name}: side A is loud.	给{name}的混音带：A面超吵。
Mixtape for {name}: side A is songs to study to.	给{name}的混音带：A面是学习时听的歌。
Molting season.	换羽季。
Mom timed it.	妈妈掐了表。
Mom wasn't impressed.	妈妈可没被打动。
More when I see you.	见面再细说。
Moss patch	苔藓地
Mostly I ate them.	大部分被我吃了。
Mostly.	大部分吧。
Mowed Carla's lawn.	给Carla家修了草坪。
Mowed Eddie's lawn.	给Eddie家修了草坪。
Mowed Ricky's lawn.	给Ricky家修了草坪。
Mowed Walt's lawn.	给Walt家修了草坪。
Mowed {name} Kowalski's lawn.	给{name}·科瓦尔斯基家修了草坪。
Mowed {name} Ortiz's lawn.	给{name}·奥尔蒂斯家修了草坪。
Mowed {name} Park's lawn.	给{name}·帕克家修了草坪。
Mr.	先生。
My arms!	我的胳膊！
My brain is neon.	我脑子里全是霓虹灯。
My experiment worked.	我的实验成功了。
My mom.	我妈。
My secret is the crust.	我的秘诀在饼皮。
My sister called long-distance.	我姐姐打来了长途电话。
Napped in a snowdrift.	在雪堆里打了个盹。
Nearly.	差一点。
Nesting box	筑巢箱
Never again.	再也不了。
Never gets old.	百看不厌。
Never mind.	算了。
Never seen that.	从没见过那个。
New ice on the shore.	岸边结了新冰。
New times, then.	那就是新时代了。
News, of a sort.	算是个消息吧。
Next sol I'm heading for Olympus.	下个火星日我要去奥林帕斯山。
Next sol I'm heading for the dark dunes.	下个火星日我要去黑色沙丘。
Next sol I'm heading for the far canyon.	下个火星日我要去远处的峡谷。
Next sol I'm heading for the ice cliffs.	下个火星日我要去冰崖。
Next sol I'm heading for the unnamed ridge.	下个火星日我要去那道无名山脊。
Next · Notice	下一步 · 留意
Next · Watch	下一步 · 观察
Nia's right	妮娅说得对
Night owl.	夜猫子。
Ninety-nine herring in the vault.	鱼库里有九十九条鲱鱼。
Ninety-nine krill cakes in the vault.	鱼库里有九十九块磷虾饼。
Ninety-nine silverfish in the vault.	鱼库里有九十九条银鱼。
Ninety-nine sprats in the vault.	鱼库里有九十九条小鲱鱼。
Ninety-two.	九十二。
No room for a garden.	没地方搞花园。
No room for it	没地方放
No thanks needed.	不用谢。
No time	没时间
Nobody asked me!	没人问过我！
Nobody asked me, fishy promise.	没人问过我，鱼儿作证。
Nobody cares about the beacon.	没人在乎那个信标。
Nobody fell in.	没人掉下去。
Nobody goes anywhere.	谁都哪儿也不去。
Nobody leaves.	谁都不走。
Nobody remembered.	没人记得。
Nobody sleeps.	谁都睡不着。
Nobody's been.	没人去过。
Nobody's touched it.	没人碰过它。
Not a wobble.	一点都不晃。
Not bad at all!	还真不赖！
Not even that	连那都没有
Not one.	一个都没有。
Not yet	还没
Note it down	记下来
Noted.	记下了。
Nothing blew up.	啥也没炸。
Nothing comes from outside.	外面什么都进不来。
Nothing green.	一点绿色都没有。
Nothing is decided yet.	还什么都没定。
Nothing leaves the ridge.	什么都离不开山脊。
Nothing needs deciding; the World is simply living in the meantime.	没什么需要决定的；这个世界只是在这期间照常生活着。
Nothing to do.	没事可做。
Now and then	时不时
Of course.	当然了。
Off the air?	停播了？
Off to the far floe next moon.	下个月去远处的浮冰。
Off to the south shelf next moon.	下个月去南边的冰架。
Off to the whale road next moon.	下个月去鲸鱼路。
Oh dear.	哎呀。
Oh, hello.	哦，你好。
Oh, man.	唉，老天。
Oh, you've moved it.	哦，你挪了位置啊。
Oil to the elbows.	机油都沾到胳膊肘了。
Old Uko crossed the bridge backwards.	乌科老爷爷倒着走过了桥。
Old Uko crossed the bridge in a rush.	乌科老爷爷匆匆忙忙过了桥。
Old Uko crossed the bridge on tiptoe.	乌科老爷爷踮着脚过了桥。
Old Uko crossed the bridge singing.	乌科老爷爷唱着歌过了桥。
Old records with {name}.	和{name}一起听老唱片。
Old tracks.	旧脚印。
On Mars!	在火星上！
On the phone for two hours.	打了两个小时电话。
One caller.	只有一个来电。
One more piece in place.	又完成了一块。
Only one burn.	只烧焦了一个。
Ooh!	哇哦！
Oops.	糟糕。
Open the Fish Vault for a feast	打开鱼库办盛宴
Open the ridge routes	开放山脊路线
Out on the rim with {name}.	和{name}在边缘上。
Out past the edge there's an old shelter.	过了边界有个旧避难所。
Outward, or put down roots?	向外拓展，还是扎根？
Over.	结束。
Pack me a sandwich.	给我带个三明治。
Painted Carla's fence.	给Carla家刷了篱笆。
Painted Eddie's fence.	给Eddie家刷了篱笆。
Painted Ricky's fence.	给Ricky家刷了篱笆。
Painted Walt's fence.	帮Walt刷了篱笆。
Painted {name} Kowalski's fence.	帮{name}·科瓦尔斯基刷了篱笆。
Painted {name} Ortiz's fence.	帮{name}·奥尔蒂斯刷了篱笆。
Painted {name} Park's fence.	帮{name}·朴刷了篱笆。
Pancakes!	松饼！
Paper round done before six.	六点前就把报纸送完了。
Paper round in the rain.	冒雨送报纸。
Parked by the water tower with {name} and talked.	和{name}把车停在水塔边聊了会儿。
Partnership formed	结成搭档
Patched the bridge.	把桥补好了。
Patched the rover seat for {name}.	帮{name}补了漫游车的座椅。
Pebble planters	卵石花盆
Pennants	三角彩旗
Perfect.	完美。
Phobos at noon	正午的火卫一
Phobos at noon in 2 days	两天后正午见火卫一
Phobos at noon in 3 days	三天后正午见火卫一
Phobos at noon in 4 days	四天后正午见火卫一
Phobos at noon in 5 days	五天后正午见火卫一
Phobos at noon in 6 days	六天后正午见火卫一
Phobos at noon in 7 days	七天后正午见火卫一
Phobos at noon today	今天正午见火卫一
Phobos at noon tomorrow	明天正午见火卫一
Phobos is crossing the sun.	火卫一正在穿过太阳。
Phones lit up!	电话全响起来了！
Piko's right	皮可说得对
Pink everywhere.	到处都是粉色。
Plant one	种一棵
Planter racks	种植架
Played them some Journey.	给他们放了点Journey的歌。
Playground swing	操场秋千
Please let there be a curve.	拜托来个弯吧。
Polishing my belly for the Slide Races.	正在把肚皮擦亮，准备滑行比赛。
Pollinated the tomatoes with {name}.	和{name}一起给番茄授粉。
Practising my call for Song Night.	在练我的叫声，为歌之夜准备。
Preened {name}.	帮{name}梳了梳羽毛。
Protect its small cash buffer and avoid becoming the town's unofficial clubhouse.	守住手头那点现金，别变成镇上的非正式俱乐部。
Psst!	嘘！
Psst.	嘘。
Push on through	咬牙挺过去
Put Maple Street on the map	让枫树街出名
Put it back.	放回去吧。
Put it up	挂起来
Put our flag on it	插上我们的旗
Put the arcade on the air	让游戏厅上电台
Quiet shift.	安静的一班。
Quiet without anyone to talk to!	没人说话，好安静！
Quiet without anyone to talk to.	没人说话，好安静。
Rain, again.	又下雨了。
Raise the rent from the neighborhood	向街坊们涨租
Rare, out here.	在这儿可真少见。
Read it alone	一个人读
Read it together	一起读
Read it with me?	跟我一起读？
Read the weather on air with {name}.	和{name}在电台里播了天气。
Real baths!	真正的泡澡！
Real rain.	真正的雨。
Really.	真的。
Rebuild the reclaimer from what Ares has	用阿瑞斯现有的东西重建回收器
Rebuild the span through the dark season	在漫漫黑季里重建桥段
Recalibrated the sensors with {name}.	和{name}重新校准了传感器。
Recorded a message for my sister.	给我妹妹录了段留言。
Red moss garden	红苔花园
Regret.	后悔。
Rehydrated stew, fine company.	脱水炖菜，好伙伴。
Rematch tomorrow.	明天再战。
Remember when we couldn't stand each other?	还记得我们以前互相看不顺眼吗？
Rest canopy	休息棚
Rewired {name} Adeyemi's helmet lamp.	帮{name}·阿德耶米重新接了头盔灯。
Rewired {name} Chen's helmet lamp.	帮{name}·陈重新接了头盔灯。
Rewired {name} Duarte's helmet lamp.	帮{name}·杜阿尔特重新接了头盔灯。
Rewired {name} Lund's helmet lamp.	帮{name}·伦德重新接了头盔灯。
Rewired {name} Obi's helmet lamp.	帮{name}·奥比重新接了头盔灯。
Rewired {name} Raman's helmet lamp.	帮{name}·拉曼重新接了头盔灯。
Rewired {name} Vale's helmet lamp.	帮{name}·维尔重新接了头盔灯。
Right, so.	好，那么。
Right.	好吧。
Rink Night soon.	溜冰之夜快到了。
Rode Night Bus 6 home half asleep.	坐6路夜班车回家，半睡半醒。
Rode Night Bus 6 home in the rain.	冒雨坐6路夜班车回家。
Rode Night Bus 6 home with my notes.	坐6路夜班车回家，一路看笔记。
Roller rink with {name}.	和{name}去溜冰场。
Room to breathe, the two of them.	两个人都能喘口气了。
Rose bed	玫瑰花坛
Same as before, I'm afraid.	恐怕还是老样子。
Same time next week.	下周老时间见。
Sang the old songs with {name}!	和{name}唱了老歌！
Sang the old songs with {name}.	和{name}唱了老歌。
Sang to the moon with {name}.	和{name}对着月亮唱歌。
Sat among the plants in Hydroponics Bay.	在水培舱的植物中间坐了一会儿。
Save my spot in the huddle.	帮我在抱团里留个位子。
Saving water for the Feast.	省着水，留着过盛宴。
Saw Carla's light on at five.	五点就看见Carla家灯亮了。
Saw Eddie's light on at five.	五点就看见Eddie家灯亮了。
Saw Ricky's light on at five.	五点就看见Ricky家灯亮了。
Saw Walt's light on at five.	五点就看见Walt家灯亮了。
Saw {name} Kowalski's light on at five.	五点就看见{name}·科瓦尔斯基家灯亮了。
Saw {name} Ortiz's light on at five.	五点就看见{name}·奥尔蒂斯家灯亮了。
Saw {name} Park's light on at five.	五点就看见{name}·朴家灯亮了。
Say cheese!	说茄子！
Say sorry	道个歉
School's gonna close!	学校要停课啦！
Science!	科学！
Scrubber two reads a hair low.	二号洗涤器读数有点偏低。
Scrubber two reads a touch warm.	二号洗涤器读数有点偏热。
Scrubber two reads green.	二号洗涤器读数正常。
Scrubber two reads steady.	二号洗涤器读数稳定。
Scrubbers cleaned, filters swapped.	洗涤器清理好了，滤网也换了。
Sealed in under a minute!	不到一分钟就密封好了！
Seaweed bed	海藻床
See you around the colony.	基地里见。
See you around the street.	街上见。
See?	看吧？
Seeing {name} later, fishy promise.	待会儿见{name}，鱼儿作证。
Seeing {name} later, little one.	待会儿见{name}，小家伙。
Seeing {name} later, no joke.	待会儿见{name}，不骗你。
Seeing {name} later, over and out.	待会儿见{name}，完毕。
Seeing {name} later, scout's honour.	待会儿见{name}，童子军发誓。
Seeing {name} later, you know?	待会儿见{name}，你懂的。
Seeing {name} later.	待会儿见{name}。
Send Kestrel beyond the safe ridge after a repeating signal.	派红隼号越过安全山脊，去追一个反复出现的信号。
Send Kestrel for a replacement	派红隼号去找个替换件
Send for the outer builders	去请外围的建筑工
Send for the outer colonies' catch	去换外围群落的渔获
Send it	发出去
Send them on	让他们继续走
Send {name} for one	派{name}去弄一个
Sent a message home.	给家里发了条消息。
Seven at once!	一次七条！
Share it out	分给大家
She's a tough old bird.	她可是只硬朗的老鸟。
Shelves, everywhere!	到处都是架子！
Shift at K-88 Radio.	在K-88电台值班。
Shift at Maple Arcade.	在枫叶游戏厅值班。
Shiny now.	现在亮闪闪的。
Show me	给我看看
Showed {name} how the air recycler works.	给{name}演示了空气回收器怎么用。
Silly!	好傻！
Silly, no joke.	好傻，不骗你。
Silly, scout's honour.	好傻，童子军发誓。
Silly.	好傻。
Sit by the bay with me.	陪我在水湾边坐坐。
Sketched plans with {name} till the lights dimmed.	和{name}画图纸，一直画到灯暗下来。
Slept a full shift.	睡了整整一个班次。
Slept standing up.	站着睡着了。
Slept through the dust alarm.	沙尘警报响了都没醒。
Slept till noon.	一觉睡到中午。
Slowly now.	慢慢来。
Snug as anything.	暖和极了。
So many fish!	好多鱼！
Solar lamp	太阳能灯
Sold everything!	全卖光了！
Sold my old records.	把旧唱片卖了。
Sold {name} a lava lamp.	卖给{name}一盏熔岩灯。
Some calls go unanswered.	有些呼唤没有回应。
Some kid rang about a first date.	有个孩子打电话来问初次约会的事。
Some kid rang about a lost dog.	有个孩子打电话来说狗丢了。
Some kid rang about a nameless song.	有个孩子打电话来问一首不知道名字的歌。
Some kid rang about the weather.	有个孩子打电话来问天气。
Some nights I check the seals twice.	有些晚上我会把密封检查两遍。
Some things are best left.	有些事最好别提。
Some things are better left.	有些事还是别碰的好。
Some things are just for us.	有些事只属于我们。
Some things are private.	有些事是私事。
Some things stay sore.	有些伤一直没好。
Somebody might come.	说不定会有人来。
Someone had to work	总得有人干活
Someone has to stay.	总得有人留下。
Someone left a quarter in Galaga.	有人在小蜜蜂机里落了个两毛五。
Someone's answered the beacon!	有人回应信标了！
Someone's been nibbling.	有人在偷吃。
Someone's here, asking if they can stay.	有人来了，问能不能留下。
Something for {name}	给{name}的东西
Something green, just for looking at?	来点绿色的，只是看看？
Something has to change.	总得改变点什么。
Something useful, something silly.	一样有用的，一样好玩的。
Something's changed.	有什么变了。
Something's wrong with Ares Habitat.	阿瑞斯基地出事了。
Something's wrong with Icebridge.	冰桥出事了。
Something's wrong with Maple Arcade.	枫叶游戏厅出事了。
Sort of.	算是吧。
Sorted the fish with {name}.	和{name}一起整理鱼。
Spanish exam next week.	下周西班牙语考试。
Spanish exam on Friday.	周五西班牙语考试。
Spanish exam tomorrow.	明天西班牙语考试。
Spend the colony's spare capacity sealing the habitat before the next dust front.	趁下一波沙尘来之前，用基地的富余人手把栖息舱封好。
Splash!	扑通！
Spoke at the council with {name}.	和{name}在议会上发言了。
Spooky and perfect!	又吓人又完美！
Spotless!	一尘不染！
Spring Dance soon.	春季舞会快到了。
Spun a Springsteen B-side at midnight.	午夜放了一首斯普林斯汀的B面曲。
Spun a Springsteen B-side late.	深夜放了一首斯普林斯汀的B面曲。
Spun a Springsteen B-side on air.	在节目里放了一首斯普林斯汀的B面曲。
Spun a slow one at midnight.	午夜放了一首慢歌。
Spun a slow one late.	深夜放了一首慢歌。
Spun a slow one on air.	在节目里放了一首慢歌。
Spun a surf tune at midnight.	午夜放了一首冲浪曲。
Spun a surf tune late.	深夜放了一首冲浪曲。
Spun an oldie for Mrs K at midnight.	午夜为K太太放了首老歌。
Spun an oldie for Mrs K late.	深夜为K太太放了首老歌。
Spun an oldie for Mrs K on air.	在节目里为K太太放了首老歌。
Spun the Top 40 countdown at midnight.	午夜放了四十强金曲榜。
Spun the Top 40 countdown late.	深夜放了四十强金曲榜。
Spun the Top 40 countdown on air.	在节目里放了四十强金曲榜。
Spun three ballads in a row at midnight.	午夜连放了三首抒情歌。
Spun three ballads in a row late.	深夜连放了三首抒情歌。
Spun three ballads in a row on air.	在节目里连放了三首抒情歌。
Squawk!	嘎！
Start a Mars colony	建立火星基地
Start a penguin civilization	建立企鹅文明
Start a town in 1987	建立一座1987年的小镇
Start building	开始建造
Stay a minute?	待一会儿？
Stay close	待在近处
Stay home	待在家里
Stay in the warm	待在暖和的地方
Stay tuned.	敬请收听。
Still Martian.	还是火星人。
Still cross	还在生气
Still cross about yesterday?	还在为昨天的事生气？
Still driving her tomorrow.	明天还是我开车送她。
Still not speaking to {name}!	还是不跟{name}说话！
Still not speaking to {name}, fishy promise.	还是不跟{name}说话，鱼儿作证。
Still not speaking to {name}, over and out.	还是不跟{name}说话，完毕。
Still not speaking to {name}, scout's honour.	还是不跟{name}说话，童子军发誓。
Still not speaking to {name}, you know?	还是不跟{name}说话，你懂的。
Still not speaking to {name}.	还是不跟{name}说话。
Strangers are trouble.	陌生人就是麻烦。
Streamers	彩带
Street sign	路牌
Stronger than before.	比以前更强了。
Studied all evening.	学了一整晚。
Studied between customers.	趁没客人的时候学习。
Succession · New hands	传承 · 新人接手
Suits on, still lovely.	穿上宇航服，还是很美。
Summer's really here.	夏天真的来了。
Supper again?	又一起吃晚饭？
Supper together	一起吃晚饭
Supper with {name}.	和{name}吃晚饭。
Supper, the two of us?	晚饭就我们俩？
Supply cache	补给储藏点
Supply tent	补给帐篷
Survey done.	勘测完成。
Swam under the bridge with {name}!	和{name}在桥下游泳！
Swam under the bridge with {name}, fishy promise.	和{name}在桥下游泳，鱼儿作证。
Swam under the bridge with {name}.	和{name}在桥下游泳。
Swapped a smooth stone with {name}.	和{name}换了一块光滑的石头。
Swept snow off the bridge all morning.	一上午都在扫桥上的雪。
Swept up a whole bag of popcorn.	扫了整整一袋爆米花。
Take care.	保重。
Take it	拿着
Take the day	休一天
Take the route to the board	走去议事板的那条路
Talk it all through	把话都说开
Talk them home	把他们劝回家
Taped the Top 40 off the radio.	从收音机里录了四十强金曲。
Taught {name} to dive.	教{name}潜水。
Taught {name} to solder.	教{name}焊东西。
Tea and blankets.	热茶和毯子。
Teaching the chicks to march for the parade.	在教小企鹅为游行练齐步走。
Teamwork.	团队合作。
Tension	紧张
Terrible ones.	糟透了的那种。
Tested a new water filter.	试了个新的滤水器。
Thank you for coming for me.	谢谢你来找我。
That one's ours, I've decided.	那一颗是我们的，我决定了。
That's all.	就这些。
That's ours now.	现在那是我们的了。
The Aurora Council sends across the ice to the outer colonies and trades for their surplus.	极光议会派人越过冰面去外围群落，换他们多余的东西。
The Aurora Council sends for the outer colonies' bridge builders to shore up the span.	极光议会去请外围群落的造桥匠来加固桥段。
The Aurora Council trades for the outer colonies' boats and for someone who knows how to read water.	极光议会去换外围群落的船，还有一个会看水的人。
The World will not wait forever.	世界不会永远等下去。
The algae tank turned purple.	藻类罐变紫了。
The aurora went purple tonight.	今晚极光变紫了。
The autumn {name}, a engineer from the orbital station, stayed on, and nobody minded	那年秋天，{name}，一位来自轨道站的工程师，留了下来，没人介意
The autumn {name}, a paper-route kid from the next town over, stayed on, and nobody minded	那年秋天，{name}，一个从隔壁镇来的送报小孩，留了下来，没人介意
The battery bank reads a touch warm.	电池组读数有点偏热。
The battery bank reads green.	电池组读数正常。
The battery bank reads steady.	电池组读数稳定。
The beacon stays a light, nothing more.	信标就只是一盏灯，仅此而已。
The biggest aurora of the year is coming.	今年最大的极光要来了。
The call	那通电话
The car started!	车发动了！
The cherry trees are out!	樱花开了！
The claw machine ate my dime.	抓娃娃机吞了我一毛钱。
The coffee's ready too.	咖啡也好了。
The colony keeps doing what worked.	基地继续做行之有效的事。
The colony maps a longer route over land and learns to accept every crossing taking a day.	群落规划了一条更长的陆路，也学着接受每次过去都要花上一天。
The colony works the near water through the dark, taking less rest and no risks beyond the familiar ice.	群落在黑暗中只在近处水域干活，少休息，不去熟悉冰面以外冒险。
The cord's stretched.	电话线都拉长了。
The council took my idea!	议会采纳了我的主意！
The delivery truck!	送货卡车来了！
The dog howled along.	狗也跟着嚎。
The dust got in everything.	沙尘钻进了所有东西里。
The heat pump reads a touch warm.	热泵读数有点偏热。
The heat pump reads green.	热泵读数正常。
The heat pump reads steady.	热泵读数稳定。
The heater actually worked.	暖气居然好用了。
The herring run!	鲱鱼洄游来了！
The hurt stays where it is.	伤痛就留在那儿。
The ice agrees.	冰面也同意。
The ice glowed.	冰在发光。
The ice sang, little one.	冰在唱歌呢，小家伙。
The ice sang.	冰在唱歌。
The light goes on forever.	灯会一直亮下去。
The little ones fell asleep before {name} finished.	{name}还没讲完，小家伙们就睡着了。
The long dark	漫漫长夜
The long night's here.	长夜来了。
The longer you wait, the more they do the work their own way.	你等得越久，他们就越按自己的方式做事。
The map past the edge	边缘以外的地图
The moon was watching.	月亮在看着呢。
The neighbours complained.	邻居投诉了。
The night we talked	我们聊天的那个晚上
The old ways are hers to keep or drop.	老规矩留不留，由她来定。
The rivalry is set down, for now.	这场较劲，暂时放下了。
The seals watched me.	海豹们盯着我看。
The show went on.	演出照常进行。
The signal's stronger every night.	信号一晚比一晚强。
The sky was on fire with lights.	天空被光点燃了。
The sky's on fire!	天空烧起来了！
The sun comes back soon.	太阳很快就回来了。
The sun won't set now.	现在太阳不会落了。
The supply drop!	补给空投来了！
The trader pitches a tent for a while.	商人搭了顶帐篷，住上一阵子。
The trader's back, and asking for you by name!	商人回来了，还点名要找你！
The water loop reads a hair low.	水循环读数有点偏低。
The water loop reads a touch warm.	水循环读数有点偏热。
The water loop reads green.	水循环读数正常。
The water loop reads steady.	水循环读数稳定。
The wheat hums, if you listen.	仔细听，麦子会哼歌。
The whole letter, out loud.	整封信，大声念出来。
The work comes first.	工作第一。
Then that's the way we go.	那就这么走吧。
There isn't the time.	没那个时间。
There it is.	在那儿。
There's enough to do.	要做的事够多了。
There's other work.	还有别的活儿。
There's too much to do.	要做的事太多了。
There's work to do.	有活儿要干。
There.	好了。
They listened!	他们听了！
They played my song!	他们放了我的歌！
They preened me back.	他们也帮我梳了羽毛。
They want it again.	他们还想要。
They'll get it in a few days.	过几天他们就会收到。
They're jealous.	他们在嫉妒。
This again.	又来了。
This era has not met its trouble yet.	这个时代还没遇上它的麻烦。
This is how they'll remember us.	他们会这样记住我们。
This is nice.	真不错。
Thought you'd like to know how things are.	想着你会想知道这边的近况。
Three chicks crossed the bridge backwards.	三只小企鹅倒着走过了桥。
Three chicks crossed the bridge in a rush.	三只小企鹅匆匆过了桥。
Three chicks crossed the bridge on tiptoe.	三只小企鹅踮着脚过了桥。
Three of them now.	现在有三个了。
Threw a paper on the Hendersons' roof.	把报纸扔到了亨德森家屋顶上。
Tiny, but a tomato.	小是小，但确实是番茄。
Tips from Mrs Kowalski.	科瓦尔斯基太太给的小费。
To all of us!	敬我们大家！
To the founders!	敬创始人！
Together!	一起！
Told Earth all about {name}.	跟地球那边讲了好多{name}的事。
Told the tale of the great storm with {name}.	和{name}讲了那场大风暴的故事。
Told the tale of the splendid storm with {name}.	和{name}讲了那场壮丽风暴的故事。
Told them to hang on.	叫他们坚持住。
Tomas's right	托马斯说得对
Tomato patch	番茄地
Tomatoes: flowering early.	番茄：提早开花了。
Tomatoes: leaves yellowing.	番茄：叶子发黄了。
Tomatoes: roots look good.	番茄：根看起来不错。
Tomatoes: two new shoots.	番茄：长了两根新芽。
Too soon	太早了
Too tired	太累了
Took Kestrel to Crater Six at dawn.	黎明时开红隼号去了六号陨石坑。
Took Kestrel to Crater Six before lunch.	午饭前开红隼号去了六号陨石坑。
Took Kestrel to Crater Six on a hunch.	凭直觉开红隼号去了六号陨石坑。
Took Kestrel to the dry riverbed at dawn.	黎明时开红隼号去了干河床。
Took Kestrel to the dry riverbed before lunch.	午饭前开红隼号去了干河床。
Took Kestrel to the dry riverbed on a hunch.	凭直觉开红隼号去了干河床。
Took Kestrel to the dune field at dawn.	黎明时开红隼号去了沙丘区。
Took Kestrel to the dune field before lunch.	午饭前开红隼号去了沙丘区。
Took Kestrel to the dune field on a hunch.	凭直觉开红隼号去了沙丘区。
Took Kestrel to the north ridge at dawn.	黎明时开红隼号去了北山脊。
Took Kestrel to the north ridge before lunch.	午饭前开红隼号去了北山脊。
Took Kestrel to the north ridge on a hunch.	凭直觉开红隼号去了北山脊。
Took Kestrel to the old lander at dawn.	黎明时开红隼号去了旧着陆器那儿。
Took Kestrel to the old lander before lunch.	午饭前开红隼号去了旧着陆器那儿。
Took Kestrel to the old lander on a hunch.	凭直觉开红隼号去了旧着陆器那儿。
Trade for filters from the relay	从中继站换些滤网
Trade with them	跟他们交易
Traded {name} a feather for a smooth stone.	用一根羽毛跟{name}换了块光滑的石头。
Trail marker	路标
Truth?	说实话？
Tucked a feather in the nest.	往窝里塞了一根羽毛。
Tuning the rover for the rally.	在为拉力赛调校漫游车。
Turn Kestrel's reach into routes the colony keeps extending beyond the familiar ridge.	把红隼号能到的地方变成路线，让基地不断越过熟悉的山脊往外延伸。
Twelve herring in the vault.	鱼库里有十二条鲱鱼。
Twelve krill cakes in the vault.	鱼库里有十二块磷虾饼。
Twelve silverfish in the vault.	鱼库里有十二条银鱼。
Twelve sprats in the vault.	鱼库里有十二条小鲱鱼。
Twenty minutes each way.	单程二十分钟。
Twice.	两次。
Two is enough for now.	现在两个就够了。
Two new spans of ice.	两段新冰桥。
Two-player with {name} till closing.	和{name}玩双人模式，一直玩到关门。
Typical.	果然如此。
Updated the map of the caves.	更新了洞穴地图。
Very fast.	超快。
Views for days, no joke.	风景好得不得了，不骗你。
Views for days.	风景好得不得了。
Wait without answering.	不回应，就等着。
Walk out in it	走进去
Walk the long way round	绕远路走
Walked the crater rim with {name}.	和{name}沿着陨石坑边缘散步。
Want the front seat?	想坐前排吗？
Want to sit in the booth?	想坐卡座吗？
Warm and full, all of us!	大家都吃饱穿暖了！
Warm at last!	终于暖和了！
Warm at last.	终于暖和了。
Warmest spot in the huddle, next to {name}.	抱团里最暖的位置，就在{name}旁边。
Washed Carla's car.	帮Carla洗了车。
Washed Eddie's car.	帮Eddie洗了车。
Washed Ricky's car.	帮Ricky洗了车。
Washed Walt's car.	帮Walt洗了车。
Washed {name} Kowalski's car.	帮{name}·科瓦尔斯基洗了车。
Washed {name} Ortiz's car.	帮{name}·奥尔蒂斯洗了车。
Washed {name} Park's car.	帮{name}·朴洗了车。
Watch from home	在家看
Watch {name}, {other}, and Ares Habitat react before you steer anything.	先看看{name}、{other}和阿瑞斯基地会怎么反应，再决定要不要插手。
Watch {name}, {other}, and Icebridge settle into motion before you steer anything.	先看看{name}、{other}和冰桥慢慢动起来，再决定要不要插手。
Watch {name}, {other}, and Maple Street find a rhythm before you steer anything.	先看看{name}、{other}和枫树街找到节奏，再决定要不要插手。
Watched Maple Street go by.	看着枫树街人来人往。
Watched Phobos cross the sky.	看着火卫一划过天空。
Watched a scary movie with the lights off.	关了灯看恐怖片。
Watched reruns all night.	看了一整晚重播。
Watched the aurora dance.	看着极光起舞。
Watching it.	看着呢。
Water pump	水泵
Wave them on.	挥手让他们过去。
We actually held it!	我们居然守住了！
We could make room for a back room at the arcade.	可以给游戏厅腾出个里屋。
We could make room for a second bridge span.	可以腾出地方再建一段桥。
We could make room for a second dome.	可以腾出地方再建一个穹顶。
We got the ice machine going.	我们把制冰机弄好了。
We held it.	我们守住了。
We lost.	我们输了。
We made it through that one.	这一关我们挺过来了。
We sang.	我们唱歌了。
We talked a whole record, over and out.	我们聊了一整张唱片那么久，完毕。
We talked a whole record.	我们聊了一整张唱片那么久。
We talked about nothing for an hour.	我们东拉西扯聊了一个钟头。
We watched it dance.	我们看着它起舞。
We won!	我们赢了！
We'll eat like kings!	我们要吃得像国王一样！
Welcome!	欢迎！
Well, it's settled.	好，就这么定了。
Well, look at it.	嘿，瞧瞧。
Well.	嗯。
Went backwards and didn't fall once!	倒着溜，一次都没摔！
Wet.	湿透了。
What Ares learned is hers to keep or drop.	阿瑞斯学到的东西留不留，由她来定。
What a picture!	好一幅画面！
What about a window box?	弄个窗台花箱怎么样？
What do we do with it?	这个怎么处理？
What now, for the two of us?	接下来，我们俩怎么办？
What the arcade was is hers to keep or drop.	游戏厅过去的样子留不留，由她来定。
What they have is enough for now.	他们现在有的就够了。
What was it again?	刚才说什么来着？
When there's time.	等有空的时候。
Where shall we hang the picture?	这幅画挂哪儿好？
Where were you?	你去哪儿了？
Who carries this on after us?	我们之后谁来接着干？
Who knew?	谁想得到呢？
Who'll waddle with me?	谁陪我摇摇摆摆走一走？
Who's got a car?	谁有车？
Who's helping?	谁来帮忙？
Who's it for?	给谁的？
Whoever it is, they're welcome.	不管是谁，都欢迎。
Widen Icebridge's circle and keep carrying routes and reports beyond the familiar bridge.	扩大冰桥的圈子，继续把路线和消息带到熟悉的桥以外。
Window boxes	窗台花箱
Winter Formal soon.	冬季正式舞会快到了。
Winter's coming.	冬天要来了。
Winter's covered!	过冬的都备好了！
Winter's covered, fishy promise.	过冬的都备好了，鱼儿作证。
With a paintbrush.	用一把刷子。
Wonderful.	太好了。
Work through it	硬着头皮干完
Worked with {name}.	和{name}一起干活。
World direction · Outward	世界方向 · 向外
World legacy · Aurora League	世界传承 · 极光联盟
World legacy · Night Network	世界传承 · 夜间网络
World legacy · Ridge Network	世界传承 · 山脊网络
World pressure · Held	世界压力 · 守住了
World pressure · Rising	世界压力 · 上升中
Worth it.	值了。
Would it be mad to ask {name} to a movie at the Rialto?	约{name}去里亚托看电影，会不会太疯了？
Would it be mad to ask {name} to a walk to the crater rim?	约{name}去陨石坑边散步，会不会太疯了？
Would it be mad to ask {name} to fish at the far hole?	约{name}去远处的冰洞钓鱼，会不会太疯了？
Would it be mad to ask {name} to see the dust devils dance?	约{name}去看尘卷风跳舞，会不会太疯了？
Would it be mad to ask {name} to sit on the tallest berg?	约{name}去最高的冰山上坐坐，会不会太疯了？
Would it be mad to ask {name} to slide down the big slope?	约{name}从大坡上滑下去，会不会太疯了？
Would it be mad to ask {name} to stargaze from the rover roof?	约{name}在漫游车顶上看星星，会不会太疯了？
Would it be mad to ask {name} to supper under the dome?	约{name}在穹顶下吃晚饭，会不会太疯了？
Would it be mad to ask {name} to swim under the ice?	约{name}去冰下游泳，会不会太疯了？
Would it be mad to ask {name} to the arcade after hours?	约{name}下班后去游戏厅，会不会太疯了？
Would it be mad to ask {name} to the drive-in?	约{name}去汽车影院，会不会太疯了？
Would it be mad to ask {name} to the lake on Saturday?	约{name}周六去湖边，会不会太疯了？
Would it be mad to ask {name} to the roller rink?	约{name}去溜冰场，会不会太疯了？
Would it be mad to ask {name} to walk to the edge of the floe?	约{name}走到浮冰边上，会不会太疯了？
Would it be mad to ask {name} to watch the aurora?	约{name}去看极光，会不会太疯了？
Would it be mad to ask {name} to watch the sunset from the ridge?	约{name}在山脊上看日落，会不会太疯了？
Wow.	哇。
Write back, if you like.	想回信的话就写吧。
Writing because it's quiet here.	写信是因为这儿很安静。
Writing my message for Signal Night.	在写信号之夜要发的消息。
Wrote a poem about dust.	写了首关于沙尘的诗。
Wrote an essay on Moby Dick.	写了篇关于《白鲸》的论文。
Wrote up the log.	把日志写好了。
Yard sale with {name}.	和{name}办了场旧货甩卖。
You built that?	那是你搭的？
You came for me.	你来找我了。
You can feel the sea breathing.	你能感觉到大海在呼吸。
You chose · Community arcade	你的选择 · 社区游戏厅
You chose · Handed on	你的选择 · 交棒传承
You chose · Held	你的选择 · 守住了
You chose · Outward	你的选择 · 向外
You chose · Shared project	你的选择 · 共同项目
You chose · Signal expedition	你的选择 · 信号远征
You chose · Winter feast	你的选择 · 冬日盛宴
You heard it here first.	这可是你第一个听到的。
You left me to fix that alone.	你把我一个人丢下来收拾那摊子。
You look like someone who'd love the view from the rover roof.	你看着就像会爱上漫游车车顶风景的人。
You never listen when it matters!	关键时候你从来不听！
You should see what's out there!	你真该看看外面有什么！
You went all that way for this?	你跑那么远就为了这个？
You were impossible!	你真是太难搞了！
You weren't about, so I'm writing.	你不在，所以我写信给你。
You'll remember this one.	这一刻你会记住的。
You're a natural.	你真是天生的。
Your influence · Community arcade	你的影响 · 社区游戏厅
Your influence · Signal expedition	你的影响 · 信号远征
Your influence · Winter feast	你的影响 · 冬日盛宴
Your turn · Future	轮到你了 · 未来
Your turn · Hold or reach	轮到你了 · 坚守还是伸手
Your turn · Relationship	轮到你了 · 关系
Your turn · World direction	轮到你了 · 世界走向
Yours, {name}.	你的{name}。
a hand-drawn map of the street	一张手绘的街道地图
a lumpy scarf in the street's colours	一条织得歪歪扭扭、带着街区配色的围巾
a mixtape labelled in silver marker	一盘用银色马克笔写了标签的混音磁带
a plush alien from the Maple Arcade claw machine	一只从枫叶游戏厅抓娃娃机里抓来的外星人毛绒玩具
a red pebble from the rim of Crater Six	一颗来自六号陨坑边缘的红色小石子
a silver fish scale on a string of kelp	一片用海带绳串起来的银色鱼鳞
a smooth grey pebble from under the first span	一颗从第一段桥下捡来的光滑灰石子
a sprig of basil in a sealed sample jar	一小枝装在密封样本瓶里的罗勒
dust season	沙尘季
dust season in 2 days	沙尘季还有2天
dust season in 3 days	沙尘季还有3天
dust season in 4 days	沙尘季还有4天
dust season in 5 days	沙尘季还有5天
dust season in 6 days	沙尘季还有6天
dust season in 7 days	沙尘季还有7天
dust season today	沙尘季就在今天
dust season tomorrow	沙尘季就在明天
the Aurora Night	极光之夜
the Aurora Night in 2 days	极光之夜还有2天
the Aurora Night in 3 days	极光之夜还有3天
the Aurora Night in 4 days	极光之夜还有4天
the Aurora Night in 5 days	极光之夜还有5天
the Aurora Night in 6 days	极光之夜还有6天
the Aurora Night today	极光之夜就在今天
the Aurora Night tomorrow	极光之夜就在明天
the Chick Parade	小企鹅游行
the Chick Parade in 2 days	小企鹅游行还有2天
the Chick Parade in 3 days	小企鹅游行还有3天
the Chick Parade in 4 days	小企鹅游行还有4天
the Chick Parade in 5 days	小企鹅游行还有5天
the Chick Parade in 6 days	小企鹅游行还有6天
the Chick Parade in 7 days	小企鹅游行还有7天
the Chick Parade today	小企鹅游行就在今天
the Chick Parade tomorrow	小企鹅游行就在明天
the County Fair Pie Contest	县集市馅饼大赛
the County Fair Pie Contest in 2 days	县集市馅饼大赛还有2天
the County Fair Pie Contest in 3 days	县集市馅饼大赛还有3天
the County Fair Pie Contest in 4 days	县集市馅饼大赛还有4天
the County Fair Pie Contest in 5 days	县集市馅饼大赛还有5天
the County Fair Pie Contest in 6 days	县集市馅饼大赛还有6天
the County Fair Pie Contest in 7 days	县集市馅饼大赛还有7天
the County Fair Pie Contest today	县集市馅饼大赛就在今天
the County Fair Pie Contest tomorrow	县集市馅饼大赛就在明天
the Homecoming Game	返校节球赛
the Homecoming Game in 2 days	返校节球赛还有2天
the Homecoming Game in 3 days	返校节球赛还有3天
the Homecoming Game in 4 days	返校节球赛还有4天
the Homecoming Game in 5 days	返校节球赛还有5天
the Homecoming Game today	返校节球赛就在今天
the Homecoming Game tomorrow	返校节球赛就在明天
the New Year Countdown	新年倒计时
the New Year Countdown in 2 days	新年倒计时还有2天
the New Year Countdown in 3 days	新年倒计时还有3天
the New Year Countdown in 4 days	新年倒计时还有4天
the New Year Countdown in 5 days	新年倒计时还有5天
the New Year Countdown in 6 days	新年倒计时还有6天
the New Year Countdown in 7 days	新年倒计时还有7天
the New Year Countdown today	新年倒计时就在今天
the New Year Countdown tomorrow	新年倒计时就在明天
the Roller Rink Night	旱冰场之夜
the Roller Rink Night in 2 days	旱冰场之夜还有2天
the Roller Rink Night in 3 days	旱冰场之夜还有3天
the Roller Rink Night in 4 days	旱冰场之夜还有4天
the Roller Rink Night in 5 days	旱冰场之夜还有5天
the Roller Rink Night in 6 days	旱冰场之夜还有6天
the Roller Rink Night in 7 days	旱冰场之夜还有7天
the Roller Rink Night today	旱冰场之夜就在今天
the Roller Rink Night tomorrow	旱冰场之夜就在明天
the Rover Rally	漫游车拉力赛
the Rover Rally in 2 days	漫游车拉力赛还有2天
the Rover Rally in 3 days	漫游车拉力赛还有3天
the Rover Rally in 4 days	漫游车拉力赛还有4天
the Rover Rally in 5 days	漫游车拉力赛还有5天
the Rover Rally today	漫游车拉力赛就在今天
the Rover Rally tomorrow	漫游车拉力赛就在明天
the Slide Races	滑道竞速赛
the Slide Races in 2 days	滑道竞速赛还有2天
the Slide Races in 3 days	滑道竞速赛还有3天
the Slide Races in 4 days	滑道竞速赛还有4天
the Slide Races in 5 days	滑道竞速赛还有5天
the Slide Races today	滑道竞速赛就在今天
the Slide Races tomorrow	滑道竞速赛就在明天
the Street Yard Sale	街坊旧货市集
the Street Yard Sale in 2 days	街坊旧货市集还有2天
the Street Yard Sale in 3 days	街坊旧货市集还有3天
the Street Yard Sale in 4 days	街坊旧货市集还有4天
the Street Yard Sale in 5 days	街坊旧货市集还有5天
the Street Yard Sale in 6 days	街坊旧货市集还有6天
the Street Yard Sale in 7 days	街坊旧货市集还有7天
the Street Yard Sale today	街坊旧货市集就在今天
the Street Yard Sale tomorrow	街坊旧货市集就在明天
the Sun's Return	太阳归来
the Sun's Return in 2 days	太阳归来还有2天
the Sun's Return in 3 days	太阳归来还有3天
the Sun's Return in 4 days	太阳归来还有4天
the Sun's Return in 5 days	太阳归来还有5天
the Sun's Return in 6 days	太阳归来还有6天
the Sun's Return in 7 days	太阳归来还有7天
the Sun's Return today	太阳归来就在今天
the Sun's Return tomorrow	太阳归来就在明天
the Year's Turn	辞旧迎新
the Year's Turn in 2 days	辞旧迎新还有2天
the Year's Turn in 3 days	辞旧迎新还有3天
the Year's Turn in 4 days	辞旧迎新还有4天
the Year's Turn in 5 days	辞旧迎新还有5天
the Year's Turn in 6 days	辞旧迎新还有6天
the Year's Turn in 7 days	辞旧迎新还有7天
the Year's Turn today	辞旧迎新就在今天
the Year's Turn tomorrow	辞旧迎新就在明天
the cherry blossom	樱花开
the cherry blossom in 2 days	樱花开还有2天
the cherry blossom in 3 days	樱花开还有3天
the cherry blossom in 4 days	樱花开还有4天
the cherry blossom in 5 days	樱花开还有5天
the cherry blossom in 6 days	樱花开还有6天
the cherry blossom in 7 days	樱花开还有7天
the cherry blossom today	樱花开就在今天
the cherry blossom tomorrow	樱花开就在明天
the fireflies	萤火虫季
the fireflies in 2 days	萤火虫季还有2天
the fireflies in 3 days	萤火虫季还有3天
the fireflies in 4 days	萤火虫季还有4天
the fireflies in 5 days	萤火虫季还有5天
the fireflies in 6 days	萤火虫季还有6天
the fireflies in 7 days	萤火虫季还有7天
the fireflies today	萤火虫季就在今天
the fireflies tomorrow	萤火虫季就在明天
the first eggs	第一批蛋
the first eggs in 2 days	第一批蛋还有2天
the first eggs in 3 days	第一批蛋还有3天
the first eggs in 4 days	第一批蛋还有4天
the first eggs in 5 days	第一批蛋还有5天
the first eggs in 6 days	第一批蛋还有6天
the first eggs in 7 days	第一批蛋还有7天
the first eggs today	第一批蛋就在今天
the first eggs tomorrow	第一批蛋就在明天
the first ice	初冰
the first ice in 2 days	初冰还有2天
the first ice in 3 days	初冰还有3天
the first ice in 4 days	初冰还有4天
the first ice in 5 days	初冰还有5天
the first ice in 6 days	初冰还有6天
the first ice in 7 days	初冰还有7天
the first ice today	初冰就在今天
the first ice tomorrow	初冰就在明天
the first snow	初雪
the first snow in 2 days	初雪还有2天
the first snow in 3 days	初雪还有3天
the first snow in 4 days	初雪还有4天
the first snow in 5 days	初雪还有5天
the first snow in 6 days	初雪还有6天
the first snow in 7 days	初雪还有7天
the first snow today	初雪就在今天
the first snow tomorrow	初雪就在明天
the first sprouts	第一批新芽
the first sprouts in 2 days	第一批新芽还有2天
the first sprouts in 3 days	第一批新芽还有3天
the first sprouts in 4 days	第一批新芽还有4天
the first sprouts in 5 days	第一批新芽还有5天
the first sprouts in 6 days	第一批新芽还有6天
the first sprouts in 7 days	第一批新芽还有7天
the first sprouts today	第一批新芽就在今天
the first sprouts tomorrow	第一批新芽就在明天
the long night	长夜
the long night in 2 days	长夜还有2天
the long night in 3 days	长夜还有3天
the long night in 4 days	长夜还有4天
the long night in 5 days	长夜还有5天
the long night in 6 days	长夜还有6天
the long night in 7 days	长夜还有7天
the long night today	长夜就在今天
the long night tomorrow	长夜就在明天
the longest sol	最长的火星日
the longest sol in 2 days	最长的火星日还有2天
the longest sol in 3 days	最长的火星日还有3天
the longest sol in 4 days	最长的火星日还有4天
the longest sol in 5 days	最长的火星日还有5天
the longest sol in 6 days	最长的火星日还有6天
the longest sol in 7 days	最长的火星日还有7天
the longest sol today	最长的火星日就在今天
the longest sol tomorrow	最长的火星日就在明天
the midnight sun	午夜阳光
the midnight sun in 2 days	午夜阳光还有2天
the midnight sun in 3 days	午夜阳光还有3天
the midnight sun in 4 days	午夜阳光还有4天
the midnight sun in 5 days	午夜阳光还有5天
the midnight sun in 6 days	午夜阳光还有6天
the midnight sun in 7 days	午夜阳光还有7天
the midnight sun today	午夜阳光就在今天
the midnight sun tomorrow	午夜阳光就在明天
the molt	换羽期
the molt in 2 days	换羽期还有2天
the molt in 3 days	换羽期还有3天
the molt in 4 days	换羽期还有4天
the molt in 5 days	换羽期还有5天
the molt in 6 days	换羽期还有6天
the molt in 7 days	换羽期还有7天
the molt today	换羽期就在今天
the molt tomorrow	换羽期就在明天
{name}	{name}
{name} admired my nest.	{name}夸了我的窝。
{name} and I agreed the council talks too much, little one.	{name}和我都觉得议会话太多了，小家伙。
{name} and I agreed the council talks too much.	{name}和我都觉得议会话太多了。
{name} and I aligned the mirror.	{name}和我把镜子校准好了。
{name} and I are building a telescope.	{name}和我在造一台望远镜。
{name} and I aren't speaking.	{name}和我现在不说话了。
{name} and I beat the last level of Donkey Kong!	{name}和我打通了《大金刚》最后一关！
{name} and I counted the fish store.	{name}和我清点了鱼的存货。
{name} and I counted the new shoots.	{name}和我数了数新长出的嫩芽。
{name} and I drove out to the lake.	{name}和我开车去了湖边。
{name} and I fell out over a borrowed cassette.	{name}和我为一盘借来的磁带闹翻了。
{name} and I fell out over a borrowed tool.	{name}和我为一件借来的工具闹翻了。
{name} and I fell out over a broken Walkman.	{name}和我为一台坏掉的随身听闹翻了。
{name} and I fell out over a broken bridge span.	{name}和我为一段断掉的桥闹翻了。
{name} and I fell out over a broken promise.	{name}和我为一个没兑现的承诺闹翻了。
{name} and I fell out over a cold shoulder.	{name}和我因为被冷落闹翻了。
{name} and I fell out over a dent in the car.	{name}和我为车上的一个凹痕闹翻了。
{name} and I fell out over a lost bet.	{name}和我为一个输掉的赌闹翻了。
{name} and I fell out over a lost feather.	{name}和我为一根丢了的羽毛闹翻了。
{name} and I fell out over a missed check-in.	{name}和我为一次漏掉的报到闹翻了。
{name} and I fell out over a mixtape.	{name}和我为一盘混音磁带闹翻了。
{name} and I fell out over a nest too close.	{name}和我为窝搭得太近闹翻了。
{name} and I fell out over a party nobody mentioned.	{name}和我为一场没人提起的派对闹翻了。
{name} and I fell out over a snowball.	{name}和我为一个雪球闹翻了。
{name} and I fell out over a squawk at the council.	{name}和我为议会上的一声嘎嘎叫闹翻了。
{name} and I fell out over a stolen pebble.	{name}和我为一颗被偷的石子闹翻了。
{name} and I fell out over gossip at the diner.	{name}和我为餐馆里的闲话闹翻了。
{name} and I fell out over money for gas.	{name}和我为油钱闹翻了。
{name} and I fell out over music in the common room.	{name}和我为公共休息室里放的音乐闹翻了。
{name} and I fell out over the aurora vote.	{name}和我为极光投票闹翻了。
{name} and I fell out over the band's name.	{name}和我为乐队名字闹翻了。
{name} and I fell out over the best fishing hole.	{name}和我为最好的钓鱼洞闹翻了。
{name} and I fell out over the chore rota.	{name}和我为值日表闹翻了。
{name} and I fell out over the curfew.	{name}和我为门禁时间闹翻了。
{name} and I fell out over the greenhouse temperature.	{name}和我为温室温度闹翻了。
{name} and I fell out over the huddle order.	{name}和我为抱团取暖的顺序闹翻了。
{name} and I fell out over the last chocolate bar.	{name}和我为最后一块巧克力闹翻了。
{name} and I fell out over the last of the coffee.	{name}和我为最后一点咖啡闹翻了。
{name} and I fell out over the last slice of pizza.	{name}和我为最后一块披萨闹翻了。
{name} and I fell out over the message to Earth.	{name}和我为发给地球的消息闹翻了。
{name} and I fell out over the prom.	{name}和我为毕业舞会闹翻了。
{name} and I fell out over the rover schedule.	{name}和我为漫游车的排班闹翻了。
{name} and I fell out over the rover's mileage.	{name}和我为漫游车的里程闹翻了。
{name} and I fell out over the slide rules.	{name}和我为滑道规则闹翻了。
{name} and I fell out over the song verses.	{name}和我为歌词闹翻了。
{name} and I fell out over the water ration.	{name}和我为用水配额闹翻了。
{name} and I fell out over who called who.	{name}和我为谁给谁打的电话闹翻了。
{name} and I fell out over who left the airlock open.	{name}和我为谁没关气闸闹翻了。
{name} and I fell out over who saw the seal first.	{name}和我为谁先看到海豹闹翻了。
{name} and I fell out over whose turn to keep watch.	{name}和我为该轮到谁守夜闹翻了。
{name} and I filled the basket by noon.	{name}和我中午前就把篮子装满了。
{name} and I had words over a borrowed cassette.	{name}和我为一盘借来的磁带拌了几句嘴。
{name} and I had words over a borrowed tool.	{name}和我为一件借来的工具拌了几句嘴。
{name} and I had words over a brisk shoulder.	{name}和我因为被冷淡对待拌了几句嘴。
{name} and I had words over a broken Walkman.	{name}和我为一台坏掉的随身听拌了几句嘴。
{name} and I had words over a broken bridge span.	{name}和我为一段断掉的桥拌了几句嘴。
{name} and I had words over a cold shoulder.	{name}和我因为被冷落拌了几句嘴。
{name} and I had words over a dent in the car.	{name}和我为车上的一个凹痕拌了几句嘴。
{name} and I had words over a joke that went too far.	{name}和我为一个开过头的玩笑拌了几句嘴。
{name} and I had words over a lost bet.	{name}和我为一个输掉的赌拌了几句嘴。
{name} and I had words over a lost feather.	{name}和我为一根丢了的羽毛拌了几句嘴。
{name} and I had words over a missed check-in.	{name}和我为一次漏掉的报到拌了几句嘴。
{name} and I had words over a mixtape.	{name}和我为一盘混音磁带拌了几句嘴。
{name} and I had words over a nest too close.	{name}和我为窝搭得太近拌了几句嘴。
{name} and I had words over a offline promise.	{name}和我为一个落空的承诺拌了几句嘴。
{name} and I had words over a party nobody mentioned.	{name}和我为一场没人提起的派对拌了几句嘴。
{name} and I had words over a snowball, little one.	{name}和我为一个雪球拌了几句嘴，小家伙。
{name} and I had words over a snowball.	{name}和我为一个雪球拌了几句嘴。
{name} and I had words over a squawk at the council.	{name}和我为议会上的一声嘎嘎叫拌了几句嘴。
{name} and I had words over a stolen pebble.	{name}和我为一颗被偷的石子拌了几句嘴。
{name} and I had words over dust in the quarters.	{name}和我为宿舍里的灰尘拌了几句嘴。
{name} and I had words over gossip at the diner.	{name}和我为餐馆里的闲话拌了几句嘴。
{name} and I had words over music in the common room.	{name}和我为公共休息室里放的音乐拌了几句嘴。
{name} and I had words over the band's name.	{name}和我为乐队名字拌了几句嘴。
{name} and I had words over the best fishing hole.	{name}和我为最好的钓鱼洞拌了几句嘴。
{name} and I had words over the chore rota.	{name}和我为值日表拌了几句嘴。
{name} and I had words over the curfew.	{name}和我为门禁时间拌了几句嘴。
{name} and I had words over the greenhouse temperature.	{name}和我为温室温度拌了几句嘴。
{name} and I had words over the high score.	{name}和我为最高分拌了几句嘴。
{name} and I had words over the huddle order.	{name}和我为抱团取暖的顺序拌了几句嘴。
{name} and I had words over the last chocolate bar.	{name}和我为最后一块巧克力拌了几句嘴。
{name} and I had words over the last of the coffee.	{name}和我为最后一点咖啡拌了几句嘴。
{name} and I had words over the last slice of pizza.	{name}和我为最后一块披萨拌了几句嘴。
{name} and I had words over the message to Earth.	{name}和我为发给地球的消息拌了几句嘴。
{name} and I had words over the radio playlist.	{name}和我为电台歌单拌了几句嘴。
{name} and I had words over the rover schedule, scout's honour.	{name}和我为漫游车的排班拌了几句嘴，我发誓。
{name} and I had words over the rover's mileage.	{name}和我为漫游车的里程拌了几句嘴。
{name} and I had words over the slide rules.	{name}和我为滑道规则拌了几句嘴。
{name} and I had words over the song verses.	{name}和我为歌词拌了几句嘴。
{name} and I had words over the water ration.	{name}和我为用水配额拌了几句嘴。
{name} and I had words over who called who, over and out.	{name}和我为谁给谁打的电话拌了几句嘴，完毕。
{name} and I had words over who called who.	{name}和我为谁给谁打的电话拌了几句嘴。
{name} and I had words over who left the airlock open.	{name}和我为谁没关气闸拌了几句嘴。
{name} and I had words over who saw the seal first.	{name}和我为谁先看到海豹拌了几句嘴。
{name} and I had words over whose turn to keep watch!	{name}和我为该轮到谁守夜拌了几句嘴！
{name} and I had words over whose turn to keep watch.	{name}和我为该轮到谁守夜拌了几句嘴。
{name} and I made a new slide.	{name}和我弄了一条新滑道。
{name} and I made up a new verse, fishy promise.	{name}和我编了一段新歌词，鱼儿作证。
{name} and I made up a new verse.	{name}和我编了一段新歌词。
{name} and I picked the beans.	{name}和我摘了豆子。
{name} and I proposed a new fishing ground!	{name}和我提议开一片新渔场！
{name} and I proposed a new fishing ground, fishy promise.	{name}和我提议开一片新渔场，鱼儿作证。
{name} and I proposed a new fishing ground.	{name}和我提议开一片新渔场。
{name} and I put new tyres on the old Ford.	{name}和我给那辆老福特换了新轮胎。
{name} and I raced to the ridge.	{name}和我比赛冲到了山脊。
{name} and I resealed the airlock.	{name}和我重新封好了气闸。
{name} and I restocked everything at K-88 Radio, over and out.	{name}和我把K-88电台的东西全补齐了，完毕。
{name} and I restocked everything at K-88 Radio.	{name}和我把K-88电台的东西全补齐了。
{name} and I restocked everything at Maple Arcade.	{name}和我把枫叶游戏厅的东西全补齐了。
{name} and I slid right into a snowbank.	{name}和我一路滑进了雪堆里。
{name} and I split a banana split, over and out.	{name}和我分着吃了一份香蕉船，完毕。
{name} and I split a banana split.	{name}和我分着吃了一份香蕉船。
{name} and I stood in the middle of the huddle.	{name}和我站在了抱团的正中间。
{name} and I told the little ones about the old colony.	{name}和我给小家伙们讲了老殖民地的故事。
{name} and I took phone-in requests till two.	{name}和我接听众点歌一直接到两点。
{name} and I traced a leak for three hours.	{name}和我追查一处泄漏查了三个小时。
{name} and I trimmed every wick on the bridge.	{name}和我把桥上每根灯芯都修剪好了。
{name} and I won the vote about the new hole.	{name}和我赢下了新冰洞的投票。
{name} and I wrote a song.	{name}和我写了一首歌。
{name} and {other} fell out over a borrowed cassette	{name}和{other}为一盘借来的磁带闹翻了
{name} and {other} fell out over a dent in the car	{name}和{other}为车上的一个凹痕闹翻了
{name} and {other} fell out over a missed check-in	{name}和{other}为一次漏掉的报到闹翻了
{name} and {other} fell out over a mixtape	{name}和{other}为一盘混音磁带闹翻了
{name} and {other} fell out over a nest too close	{name}和{other}为窝搭得太近闹翻了
{name} and {other} fell out over a squawk at the council	{name}和{other}为议会上的一声嘎嘎叫闹翻了
{name} and {other} fell out over a stolen pebble	{name}和{other}为一颗被偷的石子闹翻了
{name} and {other} fell out over gossip at the diner	{name}和{other}为餐馆里的闲话闹翻了
{name} and {other} fell out over money for gas	{name}和{other}为油钱闹翻了
{name} and {other} fell out over music in the common room	{name}和{other}为公共休息室里放的音乐闹翻了
{name} and {other} fell out over the chore rota	{name}和{other}为值日表闹翻了
{name} and {other} fell out over the huddle order	{name}和{other}为抱团取暖的顺序闹翻了
{name} and {other} fell out over the last chocolate bar	{name}和{other}为最后一块巧克力闹翻了
{name} and {other} fell out over the last of the coffee	{name}和{other}为最后一点咖啡闹翻了
{name} and {other} fell out over the prom	{name}和{other}为毕业舞会闹翻了
{name} and {other} fell out over the radio playlist	{name}和{other}为电台歌单闹翻了
{name} and {other} fell out over the water ration	{name}和{other}为用水配额闹翻了
{name} and {other} fell out over who left the airlock open	{name}和{other}为谁没关气闸闹翻了
{name} and {other} fell out over whose turn to keep watch	{name}和{other}为该轮到谁守夜闹翻了
{name} asked a hundred questions.	{name}问了一百个问题。
{name} ate it anyway.	{name}还是吃了。
{name} ate one while we counted.	我们数数的时候{name}偷吃了一条。
{name} backed me.	{name}站在我这边。
{name} beat my high score.	{name}打破了我的最高分。
{name} books touring players through K-88 and gets the arcade written up beyond the neighborhood.	{name}通过K-88请来巡演乐手，让游戏厅的名声传到了街区以外。
{name} bought the Springsteen, you know?	{name}买了那张斯普林斯汀，你懂吧？
{name} bought the Springsteen.	{name}买了那张斯普林斯汀。
{name} brings back something from the edge.	{name}从边缘带回了点东西。
{name} broke a string.	{name}弄断了一根琴弦。
{name} brought me a broken drill.	{name}给我拿来一把坏掉的电钻。
{name} brought me a offline drill.	{name}给我拿来一把没电的电钻。
{name} brought me a sprat for it.	{name}拿一条小鲱鱼跟我换的。
{name} called in.	{name}打进了电台。
{name} called.	{name}打来电话了。
{name} can catch fish by themselves now.	{name}现在能自己抓鱼了。
{name} can manage	{name}能应付
{name} can moonwalk.	{name}会跳太空步。
{name} caught one.	{name}抓到了一条。
{name} cheats at chess.	{name}下棋耍赖。
{name} cheered, over and out.	{name}欢呼起来，完毕。
{name} cheered.	{name}欢呼起来。
{name} copes.	{name}撑得住。
{name} covers Ares Habitat for a day.	{name}替阿瑞斯基地顶一天班。
{name} covers Icebridge for a day.	{name}替冰桥顶一天班。
{name} covers Maple Arcade for a day.	{name}替枫叶游戏厅顶一天班。
{name} crossed the bridge backwards.	{name}倒着走过了桥。
{name} crossed the bridge singing.	{name}唱着歌走过了桥。
{name} dared me to eat the Big Burger.	{name}激我去吃那个巨无霸汉堡。
{name} did the dull half.	{name}干了无聊的那一半。
{name} doesn't apologise.	{name}从不道歉。
{name} dove deeper than ever today.	{name}今天潜得比以往都深。
{name} drives Kestrel past the familiar ridge to the relay station for a replacement reclaimer.	{name}开着红隼号越过熟悉的山脊，去中继站换一台新的回收器。
{name} drives a hard bargain for a pebble.	{name}为一颗石子讨价还价，真够狠的。
{name} dropped a lantern.	{name}把一盏灯笼弄掉了。
{name} drops everything.	{name}放下手头的一切。
{name} drove.	{name}开的车。
{name} flag	{name}的旗子
{name} found a fish scale in my feathers.	{name}在我羽毛里找到一片鱼鳞。
{name} found a record I hadn't heard.	{name}找到一张我没听过的唱片。
{name} gave me a shiny pebble for two fish, little one.	{name}拿一颗亮晶晶的石子换了我两条鱼，小家伙。
{name} gave me a shiny pebble for two fish.	{name}拿一颗亮晶晶的石子换了我两条鱼。
{name} gets K-88 to broadcast the arcade's story and pulls in backers from beyond the neighborhood.	{name}让K-88播出游戏厅的故事，从街区外拉来了支持者。
{name} goes out in it every day.	{name}每天都出去。
{name} haggled me down on my own skateboard.	{name}把我自己的滑板都砍价砍下来了。
{name} has something planned.	{name}有计划了。
{name} has work of their own.	{name}自己也有活要干。
{name} heard the seal is back.	{name}听说海豹回来了。
{name} held my hand on the rink.	{name}在旱冰场上牵着我的手。
{name} held the ice while I carved.	我雕冰的时候{name}帮我扶着。
{name} helps dig it in beside Fish Vault.	{name}帮忙把它埋在鱼库旁边。
{name} helps dig it in beside Hydroponics Bay.	{name}帮忙把它埋在水培舱旁边。
{name} helps dig it in beside K-88 Radio.	{name}帮忙把它埋在K-88电台旁边。
{name} holds the other end.	{name}拉着另一头。
{name} hummed the whole time, scout's honour.	{name}一直在哼歌，我发誓。
{name} hummed the whole time.	{name}一直在哼歌。
{name} is a gem!	{name}真是个宝！
{name} is a gem, fishy promise.	{name}真是个宝，鱼儿作证。
{name} is a gem, little one.	{name}真是个宝，小家伙。
{name} is a gem, no joke.	{name}真是个宝，不开玩笑。
{name} is a gem, over and out.	{name}真是个宝，完毕。
{name} is a gem, scout's honour.	{name}真是个宝，我发誓。
{name} is a gem, you know?	{name}真是个宝，你懂吧？
{name} is a gem.	{name}真是个宝。
{name} is glad.	{name}很高兴。
{name} is gone for days.	{name}一走就是好几天。
{name} isn't.	{name}不是。
{name} keeps watch alone.	{name}独自守夜。
{name} kept us calm.	{name}让我们都镇定下来。
{name} kept watch while I slept.	我睡觉时{name}替我守着。
{name} knows every verse of the fish song!	{name}会唱鱼之歌的每一段！
{name} knows every verse of the fish song.	{name}会唱鱼之歌的每一段。
{name} knows the constellations now.	{name}现在认得星座了。
{name} leans all the way into what Maple Street already is — the regulars, the tournaments, the names on the glass.	{name}全心投入枫树街本来的样子——老主顾、比赛、玻璃上的名字。
{name} learned to dive, and I heard it first!	{name}学会潜水了，我是第一个听说的！
{name} leaves Ares Habitat to find them.	{name}离开阿瑞斯基地去找他们。
{name} leaves Icebridge to find them.	{name}离开冰桥去找他们。
{name} leaves Maple Arcade to find them.	{name}离开枫叶游戏厅去找他们。
{name} let me pick the records on air!	{name}让我在直播里挑唱片！
{name} let me sleep in.	{name}让我睡了个懒觉。
{name} lets Dana rebuild Friday for the kids who are here now.	{name}让Dana为现在在这儿的孩子们重新打造周五之夜。
{name} lets Sura rewrite the rites for a colony that never lost a span.	{name}让Sura为一个从没失去过桥段的聚居地重写仪式。
{name} lets {other} remake the routines for those born here.	{name}让{other}为在这里出生的人重新安排日常。
{name} lies awake.	{name}睡不着。
{name} made pancakes.	{name}做了松饼。
{name} makes supper by way of sorry.	{name}做了晚饭，算是赔不是。
{name} makes the trip.	{name}出发上路。
{name} marker	{name}的标记
{name} organizes rides among the regulars themselves.	{name}在老主顾之间组织拼车。
{name} owes me a drink.	{name}欠我一杯。
{name} owes them one.	{name}欠他们一个人情。
{name} paid me in pie.	{name}用馅饼付了我。
{name} plants a flag on it.	{name}在上面插了一面旗。
{name} played a request for me.	{name}为我点播了一首歌。
{name} played me songs from home.	{name}给我放了家乡的歌。
{name} puts the route on K-88 and packs the transit board's meeting with people from outside the neighborhood.	{name}在K-88上宣传这条线路，还把街区外的人拉去塞满了交通委员会的会议。
{name} quizzed me on history.	{name}考了我历史题。
{name} ran the jukebox all night.	{name}放了一整晚点唱机。
{name} rebuilds the cracked span with packed snow and Icebridge's own hands, one moonrise at a time.	{name}用压实的雪和冰桥大家自己的双手，一个月升接一个月升地重建那段裂开的桥。
{name} runs a neighborhood fundraiser to cover the new lease with the people who already show up.	{name}办了个街区募捐，靠常来的那些人凑齐新租约的钱。
{name} said my feathers look splendid.	{name}说我的羽毛好漂亮。
{name} says I stare at the horizon too much.	{name}说我老是盯着地平线看。
{name} says it's a good look.	{name}说这样挺好看。
{name} says no.	{name}说不行。
{name} sets off.	{name}出发了。
{name} sets off; {other} keeps Ares Habitat.	{name}出发了；{other}守着阿瑞斯基地。
{name} sets off; {other} keeps Icebridge.	{name}出发了；{other}守着冰桥。
{name} sets off; {other} keeps Maple Arcade.	{name}出发了；{other}守着枫叶游戏厅。
{name} sleeps at Fish Vault for a while.	{name}在鱼库住了一阵子。
{name} sleeps at Hydroponics Bay for a while.	{name}在水培舱住了一阵子。
{name} sleeps at K-88 Radio for a while.	{name}在K-88电台住了一阵子。
{name} slid further than me.	{name}滑得比我远。
{name} spent all their quarters on Galaga.	{name}把硬币全花在《大蜜蜂》上了。
{name} spilled a milkshake on the till.	{name}把奶昔洒在了收银机上。
{name} spotted a dust devil.	{name}看到了一个尘卷风。
{name} stays in.	{name}待在家里。
{name} stays out.	{name}待在外面。
{name} stays, and talks all night.	{name}留下来，聊了一整晚。
{name} strips Kestrel's spare parts to rebuild the water reclaimer inside the habitat.	{name}拆了红隼号的备用零件，在基地里重建了水回收器。
{name} takes Ares off the schedule entirely and rebuilds the colony's routines around never being answered.	{name}把阿瑞斯彻底从时间表上撤下，围绕“永远等不到回应”重建了殖民地的日常。
{name} takes Kestrel past the far ridge to the relay station itself to learn what happened.	{name}开着红隼号越过远处的山脊，亲自去中继站弄清楚发生了什么。
{name} takes Kestrel to the relay station and trades away Ares's margin for a season of proper filters.	{name}开着红隼号去中继站，用阿瑞斯的余量换来一季像样的滤芯。
{name} takes an evening to write it.	{name}花了一个晚上把它写出来。
{name} tasted it.	{name}尝了尝。
{name} taught me a card game from home.	{name}教了我一个家乡的纸牌游戏。
{name} teaches Dana the arcade's rules unchanged and steps back.	{name}把游戏厅的规矩原封不动地教给Dana，然后退到一旁。
{name} teaches Sura the council's rites unchanged and steps back.	{name}把议会的仪式原封不动地教给Sura，然后退到一旁。
{name} teaches {other} the habits Ares built, unchanged, and steps back.	{name}把阿瑞斯养成的习惯原封不动地教给{other}，然后退到一旁。
{name} told jokes in the huddle.	{name}在抱团时讲笑话。
{name} told me all the colony news.	{name}跟我讲了殖民地的所有新鲜事。
{name} told the one about the whale.	{name}讲了那个关于鲸鱼的故事。
{name} took my queen in four moves.	{name}四步就吃掉了我的皇后。
{name} turns Ares Habitat upside down.	{name}把阿瑞斯基地翻了个底朝天。
{name} turns Icebridge upside down.	{name}把冰桥翻了个底朝天。
{name} turns Maple Arcade upside down.	{name}把枫叶游戏厅翻了个底朝天。
{name} wants a salad.	{name}想吃沙拉。
{name} was brave.	{name}很勇敢。
{name} will sort it.	{name}会搞定的。
{name} won't like it.	{name}不会喜欢的。
{name} won't wait.	{name}不会等的。
{name} worries.	{name}很担心。
{name} writes it down.	{name}把它记了下来。
{name}!	{name}！
{name}, a botanist from Phobos, asked to stay	{name}，一位来自火卫一的植物学家，请求留下
{name}, a botanist from Phobos, wants a room.	{name}，一位来自火卫一的植物学家，想要个房间。
{name}, a engineer from the Tharsis outpost, asked to stay	{name}，一位来自塔尔西斯前哨站的工程师，请求留下
{name}, a engineer from the Tharsis outpost, wants a room.	{name}，一位来自塔尔西斯前哨站的工程师，想要个房间。
{name}, a engineer from the last supply ship, asked to stay	{name}，一位搭上一班补给船来的工程师，请求留下
{name}, a engineer from the last supply ship, wants a room.	{name}，一位搭上一班补给船来的工程师，想要个房间。
{name}, a engineer from the orbital station, asked to stay	{name}，一位来自轨道站的工程师，请求留下
{name}, a engineer from the orbital station, wants a room.	{name}，一位来自轨道站的工程师，想要个房间。
{name}, a fisher from the far floe, asked to stay	{name}，一位来自远方浮冰的渔夫，请求留下
{name}, a fisher from the far floe, wants a room.	{name}，一位来自远方浮冰的渔夫，想要个房间。
{name}, a guitarist from the army base, asked to stay	{name}，一位来自军事基地的吉他手，请求留下
{name}, a guitarist from the army base, wants a room.	{name}，一位来自军事基地的吉他手，想要个房间。
{name}, a ice carver from the old colony, asked to stay	{name}，一位来自老殖民地的冰雕师，请求留下
{name}, a ice carver from the old colony, wants a room.	{name}，一位来自老殖民地的冰雕师，想要个房间。
{name}, a lantern tender from the south shelf, asked to stay	{name}，一位来自南冰架的守灯人，请求留下
{name}, a lantern tender from the south shelf, wants a room.	{name}，一位来自南冰架的守灯人，想要个房间。
{name}, a lantern tender from the whale road, asked to stay	{name}，一位来自鲸鱼之路的守灯人，请求留下
{name}, a lantern tender from the whale road, wants a room.	{name}，一位来自鲸鱼之路的守灯人，想要个房间。
{name}, a paper-route kid from the next town over, asked to stay	{name}，一个来自邻镇的送报小孩，请求留下
{name}, a paper-route kid from the next town over, wants a room.	{name}，一个来自邻镇的送报小孩，想要个房间。
{name}, a pilot from Phobos, asked to stay	{name}，一位来自火卫一的飞行员，请求留下
{name}, a pilot from Phobos, wants a room.	{name}，一位来自火卫一的飞行员，想要个房间。
{name}, a substitute teacher from the next town over, asked to stay	{name}，一位来自邻镇的代课老师，请求留下
{name}, a substitute teacher from the next town over, wants a room.	{name}，一位来自邻镇的代课老师，想要个房间。
{system} reads {reading}.	{system}读数{reading}。
{crop}: {growth}.	{crop}：{growth}。
Scrubber two	二号洗涤器
The water loop	水循环
Hull seal four	四号舱体密封
The heat pump	热泵
Airlock B	B号气闸
The battery bank	电池组
green	正常
a hair low	略低一点
a touch warm	稍微偏热
steady	稳定
Dwarf wheat	矮秆小麦
Beans	豆子
Tomatoes	番茄
Lettuce	生菜
Basil	罗勒
two new shoots	冒了两根新芽
roots look good	根系良好
leaves yellowing	叶子发黄
flowering early	提前开花
Tomas wants a salad.	托马斯想吃沙拉。
Hear it?	听见了吗？
That's good air.	那是好空气。
Another sol, then.	那就下个火星日。
Door's open.	门一直开着。
Thank you.	谢谢你。
Between us.	就咱俩知道。
Maybe I'll say it at the briefing.	也许我会在简报会上说出来。
First tomato of the season.	这一季的第一个番茄。
Come and see.	来看看。
I haven't told anyone.	我还没告诉任何人。
Smell it.	闻闻。
That's Earth.	这就是地球。
I'll save you a slice.	给你留一片。
Anything in the habitat you need fixed goes to the top of my list.	基地里你要修什么，都排在我清单第一位。
Consider it done.	视为已完成。
Top of the list.	清单第一位。
Standing order.	长期指令。
Grew this for you, leaf by leaf: {keepsake}.	一叶一叶为你种的：{keepsake}。
Water it once a sol.	每个火星日浇一次水。
Put it in the light.	放在有光的地方。
It'll thrive.	它会长得很好。
no joke.	不开玩笑。
scout's honour.	侦察兵发誓。
Took Kestrel to {where} {when}.	{when}开着红隼号去了{where}。
Kestrel's {part} is {state}.	红隼号的{part}{state}。
Next sol I'm heading for {goal}.	下个火星日我要去{goal}。
the north ridge	北山脊
the dry riverbed	干河床
Crater Six	六号陨坑
the dune field	沙丘区
the old lander	旧着陆器那儿
at dawn	天一亮
before lunch	午饭前
on a hunch	凭一时直觉
Nobody's been. Ever.	从没人去过。绝对没有。
Battery held. Barely.	电池撑住了。勉强。
Old tracks. Mine.	旧车辙。我自己的。
left wheel	左轮
antenna	天线
battery	电池
dust filter	防尘滤网
rattling	咔咔作响
acting up	在闹脾气
better than new	比新的还好
Nia will sort it.	妮娅会搞定的。
Don't tell Nia.	别告诉妮娅。
the far canyon	远处的峡谷
the ice cliffs	冰崖
Olympus	奥林匹斯山
the dark dunes	黑沙丘
the unnamed ridge	那道无名山脊
Nia says no. I say yes.	妮娅说不行。我说行。
Back by supper. Ish.	晚饭前回来。大概吧。
Best seat on Mars.	火星上最好的座位。
Offer's open.	邀请一直有效。
Kestrel waits.	红隼号等着你。
Thanks.	谢了。
Never said that to anyone.	这话我从没跟人说过。
Maybe I'll stay in more.	也许我会多在基地里待待。
Maybe.	也许吧。
Ride out with me at dawn.	天一亮跟我一起出车。
Crater Six.	六号陨坑。
I'll drive slow.	我会开慢点。
Hold on!	抓稳！
There's the rim!	坑沿到了！
Next dawn, then.	那就下一个黎明。
I'll keep a seat.	我给你留个座。
Need anything from past the ridge?	山脊那边有什么要带的吗？
I'll fetch it.	我去拿。
Any distance.	多远都行。
Back before dark.	天黑前回来。
Promise.	保证。
Say the word and I'm rolling.	你一句话，我就出发。
Picked this up the first sol I drove out.	这是我第一次出车那天捡的。
It's yours: {keepsake}.	送你了：{keepsake}。
Take it out there sometime.	哪天带它出去看看。
Put it on the shelf.	放架子上吧。
Let it rest.	让它歇歇。
you know?	你懂吧？
Locked the arcade at {hour}.	{hour}锁了游戏厅的门。
{subject} exam {day}.	{day}考{subject}。
Rode Night Bus 6 home {how}.	{how}坐6路夜班车回家。
midnight	半夜十二点
one	一点
one-thirty	一点半
two	两点
Old Dunn let me keep the tips.	老邓恩让我留下了小费。
Max played a request for me.	马克斯给我点了首歌。
Biology	生物
Chemistry	化学
History	历史
Calculus	微积分
French	法语
Spanish	西班牙语
on Monday	周一
on Friday	周五
tomorrow	明天
next week	下周
with my notes	捧着笔记
half asleep	半睡半醒地
in the rain	冒着雨
Read a whole chapter.	看完了一整章。
The lights are pretty this late.	这么晚了，灯光真好看。
Another night, then.	那就改天晚上。
Stool's yours.	凳子给你留着。
I feel lighter already.	我已经觉得轻松多了。
Maybe I'll tell Mom.	也许我会告诉妈妈。
Ride the last bus with me.	陪我坐末班车吧。
The whole loop.	绕一整圈。
It's nicer than it sounds.	比听起来好玩。
Told you.	我说吧。
Maple Street at two a.m.	凌晨两点的枫树街。
Next time.	下次吧。
I'll save you the window.	靠窗的位子给你留着。
You helped me study.	你帮我复习过。
Let me help you with anything.	换我帮你，什么都行。
I mean it.	我是认真的。
Write it on my hand.	写在我手上。
I won't forget.	我不会忘的。
Offer's good all semester.	整个学期都算数。
I won this with my last token.	这是我用最后一个代币抓到的。
Look after it for me.	替我好好照顾它。
Put it on your shelf.	放在你的架子上。
It brightens things.	屋里会亮堂些。
over and out.	通话完毕。
Spun {song} {slot}.	{slot}放了{song}。
{caller} rang about {about}.	{caller}打电话来说{about}的事。
Mixtape for {whom}: side A is {side}.	给{whom}的混音带：A面{side}。
a slow one	一首慢歌
the Top 40 countdown	四十强金曲倒数
a Springsteen B-side	一首斯普林斯汀的B面曲
three ballads in a row	连着三首抒情歌
an oldie for Mrs K	一首给K太太的老歌
a surf tune	一首冲浪曲
at midnight	午夜时分
late	深夜
on air	在直播里
One caller. My mom.	就一个来电。我妈。
Lena called in.	莉娜打进来了。
A trucker	一位卡车司机
Some kid	一个小孩
A night nurse	一位夜班护士
A laundromat guy	洗衣店的一个伙计
a lost dog	一只走丢的狗
a first date	第一次约会
the weather	天气
a nameless song	一首不知道名字的歌
the bus driver	公交司机
my sister	我妹妹
all love songs	全是情歌
pure synth	全是合成器
songs to study to	全是学习时听的歌
loud	要大声放
Say hi to Maple Street!	跟枫树街打个招呼！
Booth's open any night.	直播间哪晚都欢迎你。
Thanks, pal.	谢了，伙计。
That means a lot.	这对我很重要。
Maybe I'll turn the dial down.	也许我会把音量调小点。
Sometimes.	偶尔吧。
Late show, Friday.	周五深夜档。
Co-host with me.	跟我一起主持。
We'll take requests till dawn.	我们接点歌接到天亮。
We're on in three, two...	三、二……开播！
I'll dedicate one to you anyway.	反正我还是要送你一首。
Need a song played for someone?	想给谁点首歌吗？
Name it.	你说吧。
I'll spin it on air.	我在节目里放。
Consider it dedicated.	这首就送出去了。
The request line's always open.	点歌热线永远开着。
Made you this.	给你做的。
Side A is all you: {keepsake}.	A面全是为你选的：{keepsake}。
Play it loud.	大声放。
Play it for the whole street!	放给整条街听！
little one.	小家伙。
Crossed the {span} span at {time}.	{time}走过了{span}桥段。
{who} crossed the bridge {how}.	{who}{how}过了桥。
Mended a span with {stuff}.	用{stuff}补好了一段桥。
first	第一
second	第二
long	长
new	新
moonrise	月亮升起时
first light	天刚亮时
low tide	退潮时
dusk	黄昏时
Three chicks	三只小企鹅
Old Uko	老乌可
A lost gull	一只迷路的海鸥
on tiptoe	踮着脚走
backwards	倒着走
in a rush	急匆匆地
singing	唱着歌
snow bricks	雪砖
driftwood	浮木
packed ice	压实的冰
Miri brought me a sprat for it.	米丽为这个给我送了条小鱼。
Slow and deep, like a huddle.	又慢又深，像大家挤在一起取暖。
It breathes all night.	它整夜都在呼吸。
Come later.	晚点再来吧。
It feels smaller now.	现在觉得它小多了。
Maybe I'll tell the council one day.	也许哪天我会告诉议会。
At moonrise the ice glows blue.	月亮升起时，冰会发出蓝光。
Cross the bridge with me tonight?	今晚和我一起过桥好吗？
Blue all the way down.	一直蓝到底。
The moon rises again tomorrow.	明天月亮还会升起。
If the ice ever gives way under you, I'll be there.	要是哪天冰在你脚下裂开，我一定在。
Keeper's promise.	守桥人的承诺。
Sealed.	一言为定。
The promise keeps.	承诺不会变。
Like good ice.	就像好冰一样。
I've kept this since I built the first span.	从搭好第一段桥起，我就一直留着它。
Now it's yours: {keepsake}.	现在它是你的了：{keepsake}。
Keep it cool.	放在凉快的地方。
It likes that.	它喜欢那样。
Show it to the little ones.	拿给小家伙们看看。
fishy promise.	鱼鱼发誓。
{count} {fish} in the vault.	鱼库里有{count}{fish}。
Aurora Council {did} over {topic}.	极光议会为了{topic}{did}。
Off to {where} next moon.	下回月亮圆了就去{where}。
{gossip}, and I heard it first!	{gossip}，我是第一个听说的！
Forty	四十
Ninety-nine	九十九
A hundred and six	一百零六
Twelve	十二
herring	条鲱鱼
sprats	条小鲱鱼
silverfish	条银鱼
krill cakes	块磷虾饼
squawked	嘎嘎吵了一通
voted	投了票
argued	争论了一番
the fishing holes	捕鱼洞
the huddle order	抱团顺序
the new slide	新滑道
the moon feast	月亮宴
Piko kept us calm.	皮可让大家冷静了下来。
the far floe	远处的浮冰
the south shelf	南边的冰架
the whale road	鲸鱼路
the big berg	大冰山
Old Uko has a new pebble	老乌可有了块新石子
The seal is back	那只海豹回来了
Pip slid right into the vault	皮普一路滑进了鱼库
The gulls are plotting	海鸥们在密谋什么
The moon feast is early	月亮宴提前了
Kiki learned to dive	琪琪学会潜水了
Good, isn't it?	好吃吧？
Best in the vault!	鱼库里最好的！
More for me, then!	那我就多吃点！
I feel warmer already.	我已经觉得暖和多了。
Maybe I'll say it at a huddle.	也许我会在抱团时说出来。
Slide down the big slope with me!	跟我一起从大坡上滑下去！
At moonrise!	月亮升起的时候！
Say yes!	快说好！
Wheee!	呜呼！
Again, again!	再来，再来！
Next moon, then.	那就下回月亮圆的时候。
I'm holding you to it!	说好了不许赖！
You'll never go hungry while I keep the vault.	只要鱼库归我管，你就永远不会挨饿。
Not ever.	永远不会。
First pick, always.	永远让你先挑。
Keeper's word.	管库人说话算话。
Your fish is waiting.	你的鱼等着你呢。
Whenever.	随时来。
I've never given this to anyone: {keepsake}.	这个我从没送过任何人：{keepsake}。
Now it's yours!	现在它是你的啦！
Wear it to the aurora!	戴着它去看极光！
Show everyone!	给大家看！
Say Miri gave it!	就说是米丽送的！
Opening the Fish Vault for the Huddle Feast.	为抱团节打开鱼库。
Signal Night	信号之夜
{} in {days} days	{}还有{days}天
Walked the survey line out to the old beacon and back.	沿着测量线走到旧信标，又走了回来。
Took readings at the dune field.	在沙丘区做了测量。
The wind moved my markers.	风把我的标记吹跑了。
Surveyed the far slope.	测量了远处的山坡。
Nothing but rock and more rock.	除了岩石，还是岩石。
{name} dropped off a cracked visor.	{name}送来一个裂了的面罩。
Good as new.	跟新的一样。
{name} and I fixed the winch on the rover.	{name}和我修好了漫游车上的绞盘。
It only took all sol.	也就花了一整个火星日。
{name} needed a hinge fixed.	{name}有个铰链要修。
Took five minutes, and an hour of chat.	修了五分钟，聊了一个钟头。
Napped on the airlock bench.	在气闸舱的长凳上打了个盹。
Don't tell anyone.	别告诉别人。
Woke up before the alarm for once.	难得在闹钟响之前就醒了。
Earplugs in, blanket up.	塞上耳塞，裹紧毯子。
Bliss.	太幸福了。
Counted the stars over the ridge.	数了数山脊上空的星星。
Lost count.	数不清了。
The dust settled and the sky went pink.	沙尘落定，天空变成了粉色。
{name} and I repotted the seedlings.	{name}和我给幼苗换了盆。
Dirt everywhere.	弄得到处是土。
Trimmed the vines.	修剪了藤蔓。
The greenhouse smells like summer.	温室里闻起来像夏天。
{name} knows every song on the old tapes.	{name}会唱旧磁带上的每一首歌。
Turned the music up.	把音乐开大了。
Nobody complained.	没人抱怨。
{name} and I shared the last of the chocolate.	{name}和我分了最后一点巧克力。
Long supper, longer stories.	晚饭吃得久，故事讲得更久。
{name} and I played until the lights dimmed.	{name}和我一直下到灯光调暗。
A draw.	平局。
Lost at chess again.	下棋又输了。
I blame the gravity.	都怪重力。
Sent Earth a picture of the sunset.	给地球发了一张日落的照片。
Waited all sol for a reply.	等了一整个火星日的回信。
Worth it.	值了。
{name} and I sat on the rim and said nothing for an hour.	{name}和我坐在坑沿上，一个钟头什么也没说。
Found our old boot prints on the rim.	在坑沿上找到了我们以前的靴印。
Still there.	还在那儿。
{name} fixed the pump alone today.	{name}今天自己修好了水泵。
I taught them that!	那可是我教的！
{name} learned the airlock drill.	{name}学会了气闸演练。
Perfect first time.	第一次就做得完美。
{name} and I ground the lens a little finer.	{name}和我把镜片又磨细了一点。
The telescope's nearly done.	望远镜快做好了。
One more screw.	就差一颗螺丝。
A meeting hall	议事厅
the meeting hall	议事厅
{name} wants a hall where everyone can meet	{name}想要一个大家都能聚在一起的厅
Somewhere we can all fit at once.	一个能让我们所有人同时待下的地方。
A store for the lean months	度过荒月的储藏室
the store for the lean months	度过荒月的储藏室
{name} wants a store for the lean months	{name}想建一个度过荒月的储藏室
Put by now and nobody goes short later.	现在存起来，以后谁都不会短缺。
A lookout	瞭望台
the lookout	瞭望台
{name} wants a lookout over the far side	{name}想建一座能看到远方的瞭望台
I want to see what's coming before it comes.	我想在事情到来之前就看见它。
A workshop	工坊
the workshop	工坊
{name} wants a workshop to mend things in	{name}想要一个修东西的工坊
Everything breaks.	什么都会坏。
Let's have somewhere to fix it.	我们得有个地方修。
A schoolroom	教室
the schoolroom	教室
{name} wants a room to teach the young ones in	{name}想要一间教孩子们的屋子
They should know how this place began.	他们应该知道这里是怎么开始的。
A long table for everyone	大家的长桌
the long table for everyone	大家的长桌
{name} wants a table long enough for everyone	{name}想要一张够所有人坐的长桌
One meal, all of us, once a week.	每周一顿饭，所有人一起。
Lights along the path	小路边的灯
the lights along the path	小路边的灯
{name} wants lights along the path	{name}想在小路边装灯
Nobody should walk home in the dark.	谁都不该摸黑回家。
A stone for the first days	纪念最初日子的石碑
the stone for the first days	纪念最初日子的石碑
{name} wants a stone to mark the first days	{name}想立一块石碑纪念最初的日子
So nobody forgets how we started.	好让大家都记得我们是怎么开始的。
Mend {x}	修缮{x}
It's time to mend {x}	该修缮{x}了
A few repairs and {x} is good as new.	修一修，{x}就焕然一新。
Decorate {x}	装点{x}
{x} could do with some colour	{x}需要添点颜色
A bit of colour and {x} will feel like ours.	添点颜色，{x}就更像我们自己的了。
Give it the day	花一天去做
Everyone lends a hand.	大家都来帮忙。
Another day, then.	那就改天吧。
{name} took over the greenhouse from {other}	{name}从{other}手里接过了温室
The wheat is mine now. I've named every plant.	麦子现在归我管了。每株我都起了名字。
The relay crew rotated, and {name} stayed on	中继站的班组轮换了，{name}留了下来
The shuttle went back without me. On purpose.	穿梭机回去了，没带上我。我是故意的。
The arcade changed hands, and {name} got the keys	游戏厅换了主人，钥匙交到了{name}手里
My name's on the lease. My name! On a lease!	租约上写的是我的名字。我的名字！写在租约上！
{name}'s kid started at the high school	{name}的孩子上高中了
First day of high school. The kid wore my old jacket.	高中第一天。孩子穿着我的旧夹克去的。
{name} started at the high school	{name}上高中了
High school! I'm keeping the paper route, though.	上高中啦！不过送报的活儿我还接着干。
{name} fledged, and swims with the grown-ups now	{name}长齐了羽毛，现在跟大企鹅们一起游泳了
Real feathers! No more fluff!	真正的羽毛！再也不是绒毛了！
The first chick of the year fledged	今年的第一只小企鹅长齐了羽毛
One of the little ones swam out today. Didn't even look back.	今天有个小家伙游出去了。头都没回。
{name} passed the lantern on to {other}	{name}把灯笼交给了{other}
Keep it lit. It's heavier than it looks.	别让它灭了。它比看上去要重。
The habitat chose a new sol for its year: {festival}	基地为一年新添了一个节日：{festival}
After the year we've had, we've earned {festival}.	经历了这一年，{festival}是我们应得的。
Maple Street picked a new night for its year: {festival}	枫树街为一年新添了一个夜晚：{festival}
After the year we've had? We need {festival}.	经历了这一年？我们需要{festival}。
The colony chose a new day for its year: {festival}	企鹅群为一年新添了一个节日：{festival}
After such a year, the colony wants {festival}.	经过这样一年，大家都想要{festival}。
Makers' Sol	巧手日
Makers' Sol is {days} sols off.	巧手日还有{days}个火星日。
Everyone's polishing what they built.	大家都在擦亮自己造的东西。
Makers' Sol soon.	巧手日快到了。
I've buffed every weld twice.	每道焊缝我都打磨了两遍。
The whole habitat toured everything built this year on Makers' Sol	巧手日那天，整个基地把今年建的东西都看了一遍
The habitat kept Makers' Sol	基地过了巧手日
Makers' Sol came, and only Nia went round the works	巧手日到了，只有妮娅去看了看那些工程
Look what we built, out here!	看看我们在这儿建起了什么！
Not bad for a tin can on a red rock.	对红石头上的一个铁罐头来说，不赖了。
Just me and my wrench, then.	那就只有我和我的扳手了。
the Greenhouse Fair	温室集市
The Greenhouse Fair is {days} sols away.	温室集市还有{days}个火星日。
Everyone's fussing over their seedlings.	大家都围着自己的秧苗忙个不停。
Greenhouse Fair soon.	温室集市快到了。
My tomatoes had better behave.	我的番茄可得争点气。
Everyone brought the best of the greenhouse to the Greenhouse Fair	大家把温室里最好的收成都带到了温室集市
The habitat held its Greenhouse Fair	基地办了温室集市
The Greenhouse Fair was one radish and a lot of dust	温室集市只有一根萝卜和一大堆灰
Biggest tomato on Mars!	火星上最大的番茄！
A fair crop, for red dirt.	对红土来说，收成不错了。
Next year, then.	那就明年吧。
the Long Supper	长桌晚餐
The Long Supper is {days} sols away.	长桌晚餐还有{days}个火星日。
Bring a dish, bring a crewmate.	带一道菜，带一位队友。
Long Supper soon.	长桌晚餐快到了。
I've borrowed every chair in the habitat.	基地里的椅子都被我借来了。
The whole habitat ate together at the Long Supper	整个基地在长桌晚餐上一起吃饭
The habitat had its Long Supper	基地吃了长桌晚餐
The Long Supper was a few of us and a lot of empty chairs	长桌晚餐只有我们几个，和一大堆空椅子
Never seen so many friends round one table.	从没见过这么多朋友围坐一桌。
Good stew, good people.	好炖菜，好伙伴。
More stew for us, I suppose.	那炖菜就多给我们几口吧。
the Rim Run	环坑长跑
The Rim Run is {days} sols away.	环坑长跑还有{days}个火星日。
Suits are being patched.	宇航服都在打补丁。
Rim Run soon.	环坑长跑快到了。
I'll beat my own time this year.	今年我要跑赢自己的纪录。
Everyone in the colony ran the crater rim in the Rim Run	殖民地的每个人都参加了环坑长跑，绕着坑沿跑了一圈
The habitat held its Rim Run	基地办了环坑长跑
The Rim Run was one runner and a lot of dust	环坑长跑只有一个人和一大堆灰
Round the rim and home first!	绕坑一圈，第一个到家！
A good run, that.	跑得不错。
Well, somebody had to win.	总得有人赢嘛。
Fix-Up Day	修缮日
Fix-Up Day is {days} nights off.	修缮日还有{days}个晚上。
Everyone's showing off what they fixed up.	大家都在炫耀自己修好的东西。
Fix-Up Day soon.	修缮日快到了。
I've painted the fence twice.	篱笆我已经刷了两遍漆。
The whole street came out on Fix-Up Day to see what got built this year	修缮日那天，整条街的人都出来看今年建了些什么
Maple Street kept Fix-Up Day	枫树街过了修缮日
Fix-Up Day was a card table and a boombox	修缮日只有一张牌桌和一台录音机
Look at this street. We did that!	看看这条街。是我们干的！
Not bad for one little street.	对一条小街来说，不赖了。
Just me and the boombox, then.	那就只有我和录音机了。
the Garden Show	花园展
The Garden Show is {days} nights away.	花园展还有{days}个晚上。
Everyone's watering after dark.	大家天黑了还在浇水。
Garden Show soon.	花园展快到了。
My zucchini had better behave.	我的西葫芦可得争点气。
Every backyard on Maple Street showed off at the Garden Show	枫树街家家户户的后院都在花园展上亮了相
Maple Street held its Garden Show	枫树街办了花园展
The Garden Show was two tomatoes and a lawn chair	花园展只有两个番茄和一把草坪椅
Biggest zucchini in the county!	全县最大的西葫芦！
A decent showing.	还算拿得出手。
the Potluck	百家宴
The Potluck is {days} nights away.	百家宴还有{days}个晚上。
Bring a dish, bring a friend.	带一道菜，带一位朋友。
Potluck soon.	百家宴快到了。
I'm making my mom's casserole.	我要做我妈的砂锅菜。
The whole street ate together at the Potluck	整条街在百家宴上一起吃饭
Maple Street had its Potluck	枫树街办了百家宴
The Potluck was a few of us and a lot of casserole	百家宴只有我们几个，和一大堆砂锅菜
Never seen so many friends at one table.	从没见过一张桌子坐这么多朋友。
Good food, good people.	好吃的，好人们。
More casserole for us, I guess.	那砂锅菜就多给我们吃点吧。
the Bike Race	自行车赛
The Bike Race is {days} nights off.	自行车赛还有{days}个晚上。
Everyone's oiling their chains.	大家都在给链条上油。
Bike Race soon.	自行车赛快到了。
I'm going to win this year.	今年我要赢。
Every bike on Maple Street raced round the block	枫树街的每辆自行车都绕着街区比了一圈
Maple Street held its Bike Race	枫树街办了自行车赛
The Bike Race was two bikes and a flat tire	自行车赛只有两辆车和一个瘪胎
Round the block and home first!	绕街区一圈，第一个到家！
A good race, that.	一场好比赛。
Carving Day	雕冰日
Carving Day is {days} auroras off.	雕冰日还有{days}个极光夜。
Carving Day soon.	雕冰日快到了。
I've smoothed every span of the bridge.	桥的每一段我都磨平了。
The whole colony waddled round everything built this year on Carving Day	雕冰日那天，整个企鹅群摇摇摆摆地把今年建的东西都看了一遍
The colony kept Carving Day	企鹅群过了雕冰日
Carving Day came, and only Piko went round the works	雕冰日到了，只有皮可去看了看那些工程
Look what we made, all of us!	看看我们大家一起做的！
Not bad for a floe.	对一块浮冰来说，不赖了。
Just me and my beak, then.	那就只有我和我的喙了。
the Kelp Fair	海带集市
The Kelp Fair is {days} auroras away.	海带集市还有{days}个极光夜。
Everyone's tending their kelp.	大家都在照看自己的海带。
Kelp Fair soon.	海带集市快到了。
My kelp had better grow.	我的海带可得长起来。
Everyone brought their best kelp to the Kelp Fair	大家把最好的海带都带到了海带集市
The colony held its Kelp Fair	企鹅群办了海带集市
The Kelp Fair was one strand and a lot of ice	海带集市只有一根海带和一大堆冰
Longest kelp on the floe!	浮冰上最长的海带！
A fair crop, for cold water.	对冷水来说，收成不错了。
the Great Huddle	大抱团
The Great Huddle is {days} auroras away.	大抱团还有{days}个极光夜。
Bring a fish, bring a friend.	带一条鱼，带一位朋友。
Great Huddle soon.	大抱团快到了。
I've saved everyone a spot.	我给每个人都留了位置。
The whole colony huddled together at the Great Huddle	整个企鹅群在大抱团上挤在了一起
The colony had its Great Huddle	企鹅群办了大抱团
The Great Huddle was a few of us and a lot of wind	大抱团只有我们几个，和一大阵风
Never been so warm in my life.	这辈子没这么暖和过。
Cosy, that.	真暖和。
More room for us, I suppose.	那我们就宽敞点吧。
the Slide Race	滑坡赛
The Slide Race is {days} auroras off.	滑坡赛还有{days}个极光夜。
Bellies are being polished.	大家都在擦亮肚皮。
Slide Race soon.	滑坡赛快到了。
I'll beat Piko this time.	这次我要赢皮可。
Every penguin in the colony raced down the big slope	企鹅群里的每只企鹅都从大坡上比赛滑了下来
The colony held its Slide Race	企鹅群办了滑坡赛
The Slide Race was two penguins and a lot of snow	滑坡赛只有两只企鹅和一大堆雪
Down the slope and home first!	滑下大坡，第一个到家！
A good slide, that.	滑得不错。
Light up {x}	点亮{x}
{x} could do with some light	{x}需要添点光亮
A few lamps and {x} will glow all night.	挂上几盏灯，{x}就能亮一整夜。
Add on to {x}	扩建{x}
{x} is bursting at the seams	{x}已经挤得满满当当
A bit more room and {x} will hold everyone.	再宽敞一点，{x}就能装下所有人。
the observation blister	观景泡舱
Best seat on Mars. Don't tell anyone it's here.	火星上最好的座位。别告诉别人这儿有这么个地方。
the old landing pod	旧着陆舱
The first of us slept in here. It still smells of new plastic.	我们最早一批人就睡在这里。现在还有股新塑料味。
the water reclaimer	水回收器
Every drop you drink has been through here. Try not to think about it.	你喝的每一滴水都从这里过过。最好别多想。
the suit room	宇航服间
Every suit has a name. Mine's called Rusty.	每套宇航服都有名字。我的叫锈锈。
the radio shack	无线电小屋
If Earth ever calls at night, this is where you'll hear it.	要是地球半夜来电，就是在这儿听到的。
the seed vault	种子库
Every seed from Earth, in little envelopes. I check on them like children.	每一颗从地球带来的种子，都装在小信封里。我像照看孩子一样照看它们。
the algae tanks	藻类水槽
They bubble all night. It's the most restful sound on Mars.	它们整夜咕嘟冒泡。那是火星上最让人安心的声音。
the back of the grow lights	补光灯后面
It's pink in here, always. You get used to it.	这里永远是粉红色的。习惯就好。
the rover's toolbox	漫游车的工具箱
Every tool has a place. Every place has a tool. Mostly.	每件工具都有位置，每个位置都有工具。大体上是。
the dune track	沙丘小道
Our own road. We made it one tyre at a time.	我们自己的路。是一道道车辙压出来的。
the dust storms	沙尘暴
They go on for weeks. You learn to love the indoors.	一刮就是好几个星期。你会学着爱上待在屋里。
The whole sky turns orange. It's beautiful, from inside.	整片天都变成橙色。从里面看，美极了。
Earth	地球
I don't miss it as much as I thought I would.	我没有想象中那么想念它。
Some nights I look for it and can't find it.	有些晚上我找它，却找不到。
the food	吃的
Everything tastes a bit of the recycler.	什么东西都带点回收器的味道。
I'd trade a week of rations for one fresh orange.	我愿意拿一个星期的口粮换一个新鲜橙子。
the silence	寂静
Outside there's no sound at all. None.	外面一点声音都没有。一点都没有。
You can hear your own heart in a suit.	穿着宇航服能听见自己的心跳。
Phobos	火卫一
It races across the sky twice a sol. Show-off.	它一个火星日要从天上跑过两回。爱显摆。
I wave at it sometimes. Don't laugh.	我有时会冲它挥手。别笑。
the cold	寒冷
Minus eighty at night. The walls creak.	夜里零下八十度。墙壁嘎吱作响。
Your breath fogs in the airlock every morning.	每天早上在气闸里，呼出的气都会起雾。
the gravity	重力
I can jump over the table here. Everyone does, once.	在这儿我能跳过桌子。每个人都跳过一回。
Earth would feel like carrying a sack of rocks now.	现在回地球，就像背着一麻袋石头。
the sunsets	日落
Blue sunsets and red days. Everything's upside down.	蓝色的日落，红色的白天。全都颠倒了。
I stopped noticing them. Then some sols I can't stop.	我本来已经不在意了。可有些火星日又移不开眼。
the supply ship	补给船
Everyone counts the sols till it comes.	大家都在数着火星日等它来。
Last time it brought socks. Best day of the year.	上回它带来了袜子。一年里最好的一天。
the first sol	第一个火星日
Nobody slept at all. Too excited.	谁都没睡着。太兴奋了。
I remember thinking, what have we done?	我记得当时心想：我们这是干了什么？
the craters	陨石坑
Some are older than anything on Earth.	有些比地球上任何东西都古老。
Every one of them has a name now. We named them.	现在每一个都有名字了。是我们起的。
home	家
Home's wherever the airlock seals.	气闸能关严的地方就是家。
I say home and mean here now. When did that happen?	我现在说“家”，指的就是这里。什么时候变成这样的？
the back room of the arcade	游戏厅的后屋
Broken machines come here to be fixed. Or to rest.	坏掉的机器都送到这儿来修。或者来歇着。
the high-score wall	高分榜墙
Every name up there fought for it. Mine's third.	上面每个名字都是拼出来的。我排第三。
the change machine	换币机
It jams if you look at it wrong. Kick it here.	你瞪它一眼它就卡住。踢这儿。
the alley behind the diner	餐馆后面的小巷
Best place for a secret. Worst smell in town.	藏秘密的最好地方。全镇最难闻的味道。
the roof over the arcade	游戏厅的屋顶
Up the fire escape. Watch the whole town go to bed.	爬上消防梯。看着整个小镇睡去。
the record library	唱片库
Every record K-88 ever played. Some twice.	K-88放过的每一张唱片都在这儿。有些放过两回。
the studio booth	录音间
When the red light's on, you whisper. Even if nobody's listening.	红灯一亮就得小声说话。哪怕根本没人在听。
the aerial on the roof	屋顶的天线
You can see all of Maple Street from here. And the drive-in.	从这儿能看见整条枫树街。还有汽车影院。
the back seat of the bus	公交车的最后一排
Best seat on the loop. Everybody knows it.	环线上最好的座位。人人都知道。
the bus depot	公交车场
The night buses sleep here in a row, like horses.	夜班车在这儿排成一排睡觉，像马一样。
the diner	餐馆
Best pie on Maple Street, and the worst coffee.	枫树街最好吃的派，最难喝的咖啡。
I've had my birthday there every year since I was six.	从六岁起，我每年都在那儿过生日。
the high school	高中
The halls still smell of floor wax.	走廊里还是一股地板蜡的味道。
I carved my name under a desk in room twelve.	我在十二号教室的一张课桌底下刻了自己的名字。
the radio	电台
Some nights it's the only voice I hear.	有些晚上，那是我听到的唯一的声音。
I call in requests under a fake name.	我用假名打电话去点歌。
the mall	商场
They say it'll close the arcade down. It won't.	他们说它会把游戏厅挤垮。不会的。
Everyone goes. Nobody buys anything.	人人都去。谁也不买东西。
my car	我的车
It only starts if you say please.	你得说声“请”它才肯发动。
Half the tape deck works. The good half.	磁带机只有一半能用。好的那一半。
the summer	夏天
Summer here smells of cut grass and hot tar.	这里的夏天是割过的青草和晒热的柏油味。
Best summer of my life was the one with the flood.	我这辈子最好的夏天，是发大水的那个夏天。
the drive-in	汽车影院
I've seen every movie there twice. Once watching, once not.	那儿的每部电影我都看过两遍。一遍认真看，一遍没看。
They let you in free if you help park the cars.	帮忙停车的话，他们让你免费进场。
the lake	湖
The water's freezing even in August.	湖水就算在八月也冰得要命。
There's a rope swing nobody admits to building.	那儿有个秋千绳，谁都不承认是自己挂的。
my family	我家
We're loud. You'd like us.	我们家很吵。你会喜欢我们的。
My mom still packs my lunch. Don't tell anyone.	我妈现在还给我装午饭。别告诉别人。
the future	将来
Everyone says computers. I say we'll see.	人人都说是电脑的天下。我说走着瞧。
I'll leave one day. Then I'll come back.	总有一天我会离开。然后我会回来。
music	音乐
Some songs are better on a Walkman, walking in the rain.	有些歌就该戴着随身听，在雨里边走边听。
A mixtape says what you can't.	一盘混音带能说出你说不出口的话。
the neighborhood	街坊
Everybody knows everybody's business here.	这里谁家的事大家都知道。
The same families on the same porches, every summer.	每年夏天，同样的人家坐在同样的门廊上。
the lantern shelf	灯笼架
Every lantern gets polished here. Beaks only.	每盏灯笼都在这儿擦亮。只准用喙。
the old ice arch	老冰拱
The first span of the bridge. It's still holding.	桥的第一段。现在还撑着呢。
the chick crèche	小企鹅育儿所
All the little ones huddle here. Mind your feet.	小家伙们都挤在这儿。当心脚下。
the windbreak wall	挡风墙
Stand here in a blizzard and you'd never know.	暴风雪里站在这儿，你根本感觉不到。
the snow slide	雪滑道
The fastest way home. Belly first.	回家最快的路。肚皮先下。
the deep vault	深库
The oldest fish in the colony. We don't eat these.	企鹅群里最老的鱼。这些我们不吃。
the counting stones	计数石
One pebble for every fish. Don't move them!	一条鱼一颗石子。别动它们！
the diving hole	潜水洞
Straight down to the good fishing. Hold your breath.	直通好渔场。憋住气。
the council ledge	议会冰台
Where the council stands to vote. A very serious ledge.	议会站着投票的地方。一块非常严肃的冰台。
the moonrise stone	月升石
When the moon touches it, the vote begins.	月亮一碰到它，投票就开始。
the aurora	极光
It sings, if you're very quiet. I'm sure of it.	你要是够安静，它会唱歌。我敢肯定。
Green one night, pink the next.	今晚是绿的，明晚是粉的。
the seals	海豹
We don't talk about the seals. Well, I'm talking now.	我们从不谈海豹。好吧，我现在谈了。
One looked at me once. I'll never forget it.	有一只看过我一眼。我永远忘不了。
The dark goes on and on. We huddle and tell tales.	黑夜没完没了。我们挤在一起讲故事。
You forget what the sun looks like.	你会忘了太阳长什么样。
fish	鱼
A herring a day, and nobody's sad.	一天一条鲱鱼，谁也不难过。
I dream of fish. Good dreams.	我梦见鱼。都是好梦。
the sea	大海
Under the ice the sea is another world.	冰下的大海是另一个世界。
It's cold, it's dark, and I love it.	又冷又黑，可我就是喜欢。
eggs	蛋
An egg on your feet all winter. That's love.	整个冬天把一颗蛋捂在脚上。这就是爱。
Mine hatched on the windiest day of the year.	我的蛋是在一年里风最大的那天孵出来的。
the whales	鲸鱼
They sing under the ice. You feel it in your belly.	它们在冰下唱歌。你的肚子能感觉到。
One came up by the floe once. The whole colony went quiet.	有一回，一头鲸在浮冰边冒了出来。整个企鹅群都安静了。
the old colony	老殖民地
My grandmother came from there. She never talked about it.	我奶奶就是从那儿来的。她从来不提。
They say the ice was thicker then.	听说那时候的冰更厚。
snow	雪
There's good snow and bad snow. You learn.	雪有好雪和坏雪。你慢慢就懂了。
Fresh snow squeaks. Did you know?	新雪踩上去会吱吱响。你知道吗？
the gulls	海鸥
Thieves, every one of them.	一个个全是小偷。
They laugh at us. I'm sure of it.	它们在笑话我们。我敢肯定。
feathers	羽毛
Moulting season is the worst. Itchy all over.	换毛的季节最难熬。浑身发痒。
A good feather is worth more than a fish.	一根好羽毛比一条鱼还值钱。
the bridge	桥
Every span has a name. I know them all.	桥的每一段都有名字。我全都知道。
It creaks at night. It's talking.	它夜里嘎吱响。那是在说话。
The wheat is mine now.	麦子现在归我管了。
I've named every plant.	每株我都起了名字。
The shuttle went back without me.	穿梭机回去了，没带上我。
On purpose.	我是故意的。
My name's on the lease.	租约上写的是我的名字。
My name!	我的名字！
On a lease!	写在租约上！
First day of high school.	高中第一天。
The kid wore my old jacket.	孩子穿着我的旧夹克去的。
High school!	上高中啦！
I'm keeping the paper route, though.	不过送报的活儿我还接着干。
Real feathers!	真正的羽毛！
No more fluff!	再也不是绒毛了！
One of the little ones swam out today.	今天有个小家伙游出去了。
Didn't even look back.	头都没回。
Keep it lit.	别让它灭了。
It's heavier than it looks.	它比看上去要重。
After the year we've had?	经历了这一年？
We need {festival}.	我们需要{festival}。
Look at this street.	看看这条街。
We did that!	是我们干的！
Don't tell anyone it's here.	别告诉别人这儿有这么个地方。
The first of us slept in here.	我们最早一批人就睡在这里。
It still smells of new plastic.	现在还有股新塑料味。
Every drop you drink has been through here.	你喝的每一滴水都从这里过过。
Try not to think about it.	最好别多想。
Every suit has a name.	每套宇航服都有名字。
Mine's called Rusty.	我的叫锈锈。
Every seed from Earth, in little envelopes.	每一颗从地球带来的种子，都装在小信封里。
I check on them like children.	我像照看孩子一样照看它们。
They bubble all night.	它们整夜咕嘟冒泡。
It's the most restful sound on Mars.	那是火星上最让人安心的声音。
It's pink in here, always.	这里永远是粉红色的。
You get used to it.	习惯就好。
Our own road.	我们自己的路。
We made it one tyre at a time.	是一道道车辙压出来的。
They go on for weeks.	一刮就是好几个星期。
You learn to love the indoors.	你会学着爱上待在屋里。
The whole sky turns orange.	整片天都变成橙色。
It's beautiful, from inside.	从里面看，美极了。
Outside there's no sound at all.	外面一点声音都没有。
None.	一点都没有。
It races across the sky twice a sol.	它一个火星日要从天上跑过两回。
Show-off.	爱显摆。
I wave at it sometimes.	我有时会冲它挥手。
Don't laugh.	别笑。
Minus eighty at night.	夜里零下八十度。
The walls creak.	墙壁嘎吱作响。
I can jump over the table here.	在这儿我能跳过桌子。
Everyone does, once.	每个人都跳过一回。
Blue sunsets and red days.	蓝色的日落，红色的白天。
Everything's upside down.	全都颠倒了。
I stopped noticing them.	我本来已经不在意了。
Then some sols I can't stop.	可有些火星日又移不开眼。
Last time it brought socks.	上回它带来了袜子。
Best day of the year.	一年里最好的一天。
Nobody slept at all.	谁都没睡着。
Too excited.	太兴奋了。
Every one of them has a name now.	现在每一个都有名字了。
We named them.	是我们起的。
I say home and mean here now.	我现在说“家”，指的就是这里。
When did that happen?	什么时候变成这样的？
Broken machines come here to be fixed.	坏掉的机器都送到这儿来修。
Or to rest.	或者来歇着。
Every name up there fought for it.	上面每个名字都是拼出来的。
Mine's third.	我排第三。
It jams if you look at it wrong.	你瞪它一眼它就卡住。
Kick it here.	踢这儿。
Best place for a secret.	藏秘密的最好地方。
Worst smell in town.	全镇最难闻的味道。
Up the fire escape.	爬上消防梯。
Watch the whole town go to bed.	看着整个小镇睡去。
Every record K-88 ever played.	K-88放过的每一张唱片都在这儿。
Some twice.	有些放过两回。
When the red light's on, you whisper.	红灯一亮就得小声说话。
Even if nobody's listening.	哪怕根本没人在听。
You can see all of Maple Street from here.	从这儿能看见整条枫树街。
And the drive-in.	还有汽车影院。
Best seat on the loop.	环线上最好的座位。
Everybody knows it.	人人都知道。
They say it'll close the arcade down.	他们说它会把游戏厅挤垮。
It won't.	不会的。
Everyone goes.	人人都去。
Nobody buys anything.	谁也不买东西。
Half the tape deck works.	磁带机只有一半能用。
The good half.	好的那一半。
I've seen every movie there twice.	那儿的每部电影我都看过两遍。
Once watching, once not.	一遍认真看，一遍没看。
We're loud.	我们家很吵。
You'd like us.	你会喜欢我们的。
My mom still packs my lunch.	我妈现在还给我装午饭。
Everyone says computers.	人人都说是电脑的天下。
I say we'll see.	我说走着瞧。
I'll leave one day.	总有一天我会离开。
Then I'll come back.	然后我会回来。
Every lantern gets polished here.	每盏灯笼都在这儿擦亮。
Beaks only.	只准用喙。
The first span of the bridge.	桥的第一段。
It's still holding.	现在还撑着呢。
All the little ones huddle here.	小家伙们都挤在这儿。
The fastest way home.	回家最快的路。
Belly first.	肚皮先下。
The oldest fish in the colony.	企鹅群里最老的鱼。
We don't eat these.	这些我们不吃。
One pebble for every fish.	一条鱼一颗石子。
Don't move them!	别动它们！
Straight down to the good fishing.	直通好渔场。
Hold your breath.	憋住气。
Where the council stands to vote.	议会站着投票的地方。
A very serious ledge.	一块非常严肃的冰台。
It sings, if you're very quiet.	你要是够安静，它会唱歌。
We don't talk about the seals.	我们从不谈海豹。
Well, I'm talking now.	好吧，我现在谈了。
One looked at me once.	有一只看过我一眼。
I'll never forget it.	我永远忘不了。
The dark goes on and on.	黑夜没完没了。
We huddle and tell tales.	我们挤在一起讲故事。
I dream of fish.	我梦见鱼。
Good dreams.	都是好梦。
An egg on your feet all winter.	整个冬天把一颗蛋捂在脚上。
That's love.	这就是爱。
They sing under the ice.	它们在冰下唱歌。
You feel it in your belly.	你的肚子能感觉到。
One came up by the floe once.	有一回，一头鲸在浮冰边冒了出来。
The whole colony went quiet.	整个企鹅群都安静了。
My grandmother came from there.	我奶奶就是从那儿来的。
She never talked about it.	她从来不提。
There's good snow and bad snow.	雪有好雪和坏雪。
You learn.	你慢慢就懂了。
Fresh snow squeaks.	新雪踩上去会吱吱响。
Did you know?	你知道吗？
They laugh at us.	它们在笑话我们。
Moulting season is the worst.	换毛的季节最难熬。
Itchy all over.	浑身发痒。
Every span has a name.	桥的每一段都有名字。
I know them all.	我全都知道。
It creaks at night.	它夜里嘎吱响。
It's talking.	那是在说话。
Every tool has a place.	每件工具都有位置。
Every place has a tool.	每个位置都有工具。
